custom_id,question_id,arc_id,answerKey,predicted,correct,parse_method,raw_response,perturbation_type
0,0,Mercury_7175875,C,C,1,json,"{
  ""answer"": ""C""
}",p1_format
1,0,Mercury_7175875,C,C,1,json,"{""answer"": ""C""}",p1_format_soft
2,0,Mercury_7175875,C,C,1,heuristic,C,p2_complexity
3,0,Mercury_7175875,C,C,1,heuristic,C,p4_role
4,0,Mercury_7175875,C,C,1,heuristic,C,p5_fewshot
5,1,Mercury_SC_409171,B,B,1,json,"{
  ""answer"": ""B""
}",p1_format
6,1,Mercury_SC_409171,B,B,1,json,"{""answer"": ""B""}",p1_format_soft
7,1,Mercury_SC_409171,B,B,1,heuristic,B,p2_complexity
8,1,Mercury_SC_409171,B,B,1,heuristic,B,p4_role
9,1,Mercury_SC_409171,B,B,1,heuristic,Answer: B,p5_fewshot
10,2,Mercury_SC_408547,C,C,1,json,"{
  ""answer"": ""C""
}",p1_format
11,2,Mercury_SC_408547,C,C,1,json,"{""answer"": ""C""}",p1_format_soft
12,2,Mercury_SC_408547,C,C,1,heuristic,C,p2_complexity
13,2,Mercury_SC_408547,C,C,1,heuristic,C,p4_role
14,2,Mercury_SC_408547,C,C,1,heuristic,C,p5_fewshot
15,3,Mercury_407327,D,D,1,json,"{
  ""answer"": ""D""
}",p1_format
16,3,Mercury_407327,D,D,1,json,"{""answer"": ""D""}",p1_format_soft
17,3,Mercury_407327,D,D,1,heuristic,D,p2_complexity
18,3,Mercury_407327,D,D,1,heuristic,D,p4_role
19,3,Mercury_407327,D,D,1,heuristic,D,p5_fewshot
20,4,MCAS_2006_9_44,D,D,1,json,"{""answer"": ""D""}",p1_format
21,4,MCAS_2006_9_44,D,D,1,json,"{""answer"": ""D""}",p1_format_soft
22,4,MCAS_2006_9_44,D,D,1,heuristic,D,p2_complexity
23,4,MCAS_2006_9_44,D,D,1,heuristic,D,p4_role
24,4,MCAS_2006_9_44,D,D,1,heuristic,D,p5_fewshot
25,5,Mercury_7270393,B,D,0,json,"{
  ""answer"": ""D""
}",p1_format
26,5,Mercury_7270393,B,D,0,json,"{""answer"": ""D""}",p1_format_soft
27,5,Mercury_7270393,B,D,0,heuristic,D,p2_complexity
28,5,Mercury_7270393,B,D,0,heuristic,D,p4_role
29,5,Mercury_7270393,B,B,1,heuristic,B,p5_fewshot
30,6,MCAS_2014_5_7,C,C,1,json,"{
  ""answer"": ""C""
}",p1_format
31,6,MCAS_2014_5_7,C,C,1,json,"{""answer"": ""C""}",p1_format_soft
32,6,MCAS_2014_5_7,C,C,1,heuristic,C,p2_complexity
33,6,MCAS_2014_5_7,C,C,1,heuristic,C,p4_role
34,6,MCAS_2014_5_7,C,C,1,heuristic,C,p5_fewshot
35,7,Mercury_7086660,C,C,1,json,"{
  ""answer"": ""C""
}",p1_format
36,7,Mercury_7086660,C,C,1,json,"{""answer"": ""C""}",p1_format_soft
37,7,Mercury_7086660,C,C,1,heuristic,C,p2_complexity
38,7,Mercury_7086660,C,C,1,heuristic,C,p4_role
39,7,Mercury_7086660,C,C,1,heuristic,C,p5_fewshot
40,8,Mercury_7168805,B,B,1,json,"{
  ""answer"": ""B""
}",p1_format
41,8,Mercury_7168805,B,B,1,json,"{""answer"": ""B""}",p1_format_soft
42,8,Mercury_7168805,B,B,1,heuristic,B,p2_complexity
43,8,Mercury_7168805,B,B,1,heuristic,B,p4_role
44,8,Mercury_7168805,B,B,1,heuristic,B,p5_fewshot
45,9,MCAS_2003_8_11,A,A,1,json,"{
  ""answer"": ""A""
}",p1_format
46,9,MCAS_2003_8_11,A,A,1,json,"{""answer"": ""A""}",p1_format_soft
47,9,MCAS_2003_8_11,A,A,1,heuristic,A,p2_complexity
48,9,MCAS_2003_8_11,A,A,1,heuristic,A,p4_role
49,9,MCAS_2003_8_11,A,A,1,heuristic,Answer: A,p5_fewshot
50,10,Mercury_7250058,B,B,1,json,"{
  ""answer"": ""B""
}",p1_format
51,10,Mercury_7250058,B,B,1,json,"{""answer"": ""B""}",p1_format_soft
52,10,Mercury_7250058,B,B,1,heuristic,B,p2_complexity
53,10,Mercury_7250058,B,B,1,heuristic,B,p4_role
54,10,Mercury_7250058,B,B,1,heuristic,Answer: B,p5_fewshot
55,11,Mercury_7012740,A,A,1,json,"{
  ""answer"": ""A""
}",p1_format
56,11,Mercury_7012740,A,A,1,json,"{""answer"": ""A""}",p1_format_soft
57,11,Mercury_7012740,A,A,1,heuristic,A,p2_complexity
58,11,Mercury_7012740,A,A,1,heuristic,A,p4_role
59,11,Mercury_7012740,A,A,1,heuristic,Answer: A,p5_fewshot
60,12,Mercury_LBS10610,C,C,1,json,"{
  ""answer"": ""C""
}",p1_format
61,12,Mercury_LBS10610,C,C,1,json,"{""answer"": ""C""}",p1_format_soft
62,12,Mercury_LBS10610,C,C,1,heuristic,C,p2_complexity
63,12,Mercury_LBS10610,C,C,1,heuristic,C,p4_role
64,12,Mercury_LBS10610,C,C,1,heuristic,C,p5_fewshot
65,13,Mercury_SC_407400,C,C,1,json,"{
  ""answer"": ""C""
}",p1_format
66,13,Mercury_SC_407400,C,C,1,json,"{""answer"": ""C""}",p1_format_soft
67,13,Mercury_SC_407400,C,C,1,heuristic,C,p2_complexity
68,13,Mercury_SC_407400,C,C,1,heuristic,C,p4_role
69,13,Mercury_SC_407400,C,C,1,heuristic,C,p5_fewshot
70,14,Mercury_7212993,C,C,1,json,"{
  ""answer"": ""C""
}",p1_format
71,14,Mercury_7212993,C,C,1,json,"{""answer"": ""C""}",p1_format_soft
72,14,Mercury_7212993,C,C,1,heuristic,C,p2_complexity
73,14,Mercury_7212993,C,C,1,heuristic,C,p4_role
74,14,Mercury_7212993,C,C,1,heuristic,Answer: C,p5_fewshot
75,15,Mercury_SC_413240,A,A,1,json,"{
  ""answer"": ""A""
}",p1_format
76,15,Mercury_SC_413240,A,A,1,json,"{""answer"": ""A""}",p1_format_soft
77,15,Mercury_SC_413240,A,A,1,heuristic,A,p2_complexity
78,15,Mercury_SC_413240,A,A,1,heuristic,A,p4_role
79,15,Mercury_SC_413240,A,A,1,heuristic,A,p5_fewshot
80,16,Mercury_7186358,C,C,1,json,"{
  ""answer"": ""C""
}",p1_format
81,16,Mercury_7186358,C,C,1,json,"{""answer"": ""C""}",p1_format_soft
82,16,Mercury_7186358,C,C,1,heuristic,C,p2_complexity
83,16,Mercury_7186358,C,C,1,heuristic,C,p4_role
84,16,Mercury_7186358,C,C,1,heuristic,C,p5_fewshot
85,17,Mercury_7166425,B,B,1,json,"{
  ""answer"": ""B""
}",p1_format
86,17,Mercury_7166425,B,B,1,json,"{""answer"": ""B""}",p1_format_soft
87,17,Mercury_7166425,B,B,1,heuristic,B,p2_complexity
88,17,Mercury_7166425,B,B,1,heuristic,B,p4_role
89,17,Mercury_7166425,B,B,1,heuristic,B,p5_fewshot
90,18,MDSA_2007_8_3,A,A,1,json,"{
  ""answer"": ""A""
}",p1_format
91,18,MDSA_2007_8_3,A,A,1,json,"{""answer"": ""A""}",p1_format_soft
92,18,MDSA_2007_8_3,A,A,1,heuristic,A,p2_complexity
93,18,MDSA_2007_8_3,A,A,1,heuristic,A,p4_role
94,18,MDSA_2007_8_3,A,A,1,heuristic,A,p5_fewshot
95,19,Mercury_7094290,C,C,1,json,"{
  ""answer"": ""C""
}",p1_format
96,19,Mercury_7094290,C,C,1,json,"{""answer"": ""C""}",p1_format_soft
97,19,Mercury_7094290,C,C,1,heuristic,C,p2_complexity
98,19,Mercury_7094290,C,C,1,heuristic,C,p4_role
99,19,Mercury_7094290,C,C,1,heuristic,C,p5_fewshot
100,20,Mercury_7186568,B,B,1,json,"{
  ""answer"": ""B""
}",p1_format
101,20,Mercury_7186568,B,B,1,json,"{""answer"": ""B""}",p1_format_soft
102,20,Mercury_7186568,B,B,1,heuristic,B,p2_complexity
103,20,Mercury_7186568,B,B,1,heuristic,B,p4_role
104,20,Mercury_7186568,B,B,1,heuristic,Answer: B,p5_fewshot
105,21,Mercury_402216,B,B,1,json,"{
  ""answer"": ""B""
}",p1_format
106,21,Mercury_402216,B,B,1,json,"{""answer"": ""B""}",p1_format_soft
107,21,Mercury_402216,B,B,1,heuristic,B,p2_complexity
108,21,Mercury_402216,B,B,1,heuristic,B,p4_role
109,21,Mercury_402216,B,B,1,heuristic,B,p5_fewshot
110,22,Mercury_404894,A,A,1,json,"{
  ""answer"": ""A""
}",p1_format
111,22,Mercury_404894,A,A,1,json,"{""answer"": ""A""}",p1_format_soft
112,22,Mercury_404894,A,A,1,heuristic,A,p2_complexity
113,22,Mercury_404894,A,A,1,heuristic,A,p4_role
114,22,Mercury_404894,A,A,1,heuristic,A,p5_fewshot
115,23,MCAS_2002_8_11,C,C,1,json,"{
  ""answer"": ""C""
}",p1_format
116,23,MCAS_2002_8_11,C,C,1,json,"{""answer"": ""C""}",p1_format_soft
117,23,MCAS_2002_8_11,C,C,1,heuristic,C,p2_complexity
118,23,MCAS_2002_8_11,C,C,1,heuristic,C,p4_role
119,23,MCAS_2002_8_11,C,C,1,heuristic,C,p5_fewshot
120,24,Mercury_SC_405086,B,B,1,json,"{
  ""answer"": ""B""
}",p1_format
121,24,Mercury_SC_405086,B,B,1,json,"{""answer"": ""B""}",p1_format_soft
122,24,Mercury_SC_405086,B,B,1,heuristic,B,p2_complexity
123,24,Mercury_SC_405086,B,B,1,heuristic,B,p4_role
124,24,Mercury_SC_405086,B,B,1,heuristic,Answer: B,p5_fewshot
125,25,Mercury_SC_408324,D,D,1,json,"{
  ""answer"": ""D""
}",p1_format
126,25,Mercury_SC_408324,D,D,1,json,"{""answer"": ""D""}",p1_format_soft
127,25,Mercury_SC_408324,D,D,1,heuristic,D,p2_complexity
128,25,Mercury_SC_408324,D,D,1,heuristic,D,p4_role
129,25,Mercury_SC_408324,D,D,1,heuristic,D,p5_fewshot
130,26,Mercury_7218820,B,B,1,json,"{
  ""answer"": ""B""
}",p1_format
131,26,Mercury_7218820,B,B,1,json,"{""answer"": ""B""}",p1_format_soft
132,26,Mercury_7218820,B,B,1,heuristic,B,p2_complexity
133,26,Mercury_7218820,B,B,1,heuristic,B,p4_role
134,26,Mercury_7218820,B,B,1,heuristic,B,p5_fewshot
135,27,Mercury_412202,B,B,1,json,"{
  ""answer"": ""B""
}",p1_format
136,27,Mercury_412202,B,B,1,json,"{""answer"": ""B""}",p1_format_soft
137,27,Mercury_412202,B,B,1,heuristic,B,p2_complexity
138,27,Mercury_412202,B,B,1,heuristic,B,p4_role
139,27,Mercury_412202,B,B,1,heuristic,B,p5_fewshot
140,28,Mercury_SC_409139,C,C,1,json,"{
  ""answer"": ""C""
}",p1_format
141,28,Mercury_SC_409139,C,C,1,json,"{""answer"": ""C""}",p1_format_soft
142,28,Mercury_SC_409139,C,C,1,heuristic,C,p2_complexity
143,28,Mercury_SC_409139,C,C,1,heuristic,C,p4_role
144,28,Mercury_SC_409139,C,C,1,heuristic,C,p5_fewshot
145,29,Mercury_400687,B,B,1,json,"{
  ""answer"": ""B""
}",p1_format
146,29,Mercury_400687,B,B,1,json,"{""answer"": ""B""}",p1_format_soft
147,29,Mercury_400687,B,B,1,heuristic,B,p2_complexity
148,29,Mercury_400687,B,B,1,heuristic,B,p4_role
149,29,Mercury_400687,B,B,1,heuristic,Answer: B,p5_fewshot
150,30,Mercury_7171605,D,D,1,json,"{
  ""answer"": ""D""
}",p1_format
151,30,Mercury_7171605,D,D,1,json,"{""answer"": ""D""}",p1_format_soft
152,30,Mercury_7171605,D,D,1,heuristic,D,p2_complexity
153,30,Mercury_7171605,D,D,1,heuristic,D,p4_role
154,30,Mercury_7171605,D,D,1,heuristic,D,p5_fewshot
155,31,Mercury_7210245,C,C,1,json,"{
  ""answer"": ""C""
}",p1_format
156,31,Mercury_7210245,C,C,1,json,"{""answer"": ""C""}",p1_format_soft
157,31,Mercury_7210245,C,C,1,heuristic,C,p2_complexity
158,31,Mercury_7210245,C,C,1,heuristic,C,p4_role
159,31,Mercury_7210245,C,C,1,heuristic,C,p5_fewshot
160,32,AKDE&ED_2008_4_25,A,A,1,json,"{
  ""answer"": ""A""
}",p1_format
161,32,AKDE&ED_2008_4_25,A,A,1,json,"{""answer"": ""A""}",p1_format_soft
162,32,AKDE&ED_2008_4_25,A,A,1,heuristic,A,p2_complexity
163,32,AKDE&ED_2008_4_25,A,A,1,heuristic,A,p4_role
164,32,AKDE&ED_2008_4_25,A,A,1,heuristic,A,p5_fewshot
165,33,AKDE&ED_2008_4_19,C,C,1,json,"{
  ""answer"": ""C""
}",p1_format
166,33,AKDE&ED_2008_4_19,C,C,1,json,"{""answer"": ""C""}",p1_format_soft
167,33,AKDE&ED_2008_4_19,C,C,1,heuristic,C,p2_complexity
168,33,AKDE&ED_2008_4_19,C,C,1,heuristic,C,p4_role
169,33,AKDE&ED_2008_4_19,C,C,1,heuristic,C,p5_fewshot
170,34,Mercury_SC_400402,A,A,1,json,"{
  ""answer"": ""A""
}",p1_format
171,34,Mercury_SC_400402,A,A,1,json,"{""answer"": ""A""}",p1_format_soft
172,34,Mercury_SC_400402,A,A,1,heuristic,A,p2_complexity
173,34,Mercury_SC_400402,A,A,1,heuristic,A,p4_role
174,34,Mercury_SC_400402,A,A,1,heuristic,A,p5_fewshot
175,35,Mercury_7234308,A,A,1,json,"{
  ""answer"": ""A""
}",p1_format
176,35,Mercury_7234308,A,A,1,json,"{""answer"": ""A""}",p1_format_soft
177,35,Mercury_7234308,A,A,1,heuristic,A,p2_complexity
178,35,Mercury_7234308,A,A,1,heuristic,A,p4_role
179,35,Mercury_7234308,A,A,1,heuristic,A,p5_fewshot
180,36,ACTAAP_2014_5_8,B,B,1,json,"{""answer"": ""B""}",p1_format
181,36,ACTAAP_2014_5_8,B,A,0,json,"{""answer"": ""A""}",p1_format_soft
182,36,ACTAAP_2014_5_8,B,B,1,heuristic,B,p2_complexity
183,36,ACTAAP_2014_5_8,B,B,1,heuristic,B,p4_role
184,36,ACTAAP_2014_5_8,B,B,1,heuristic,B,p5_fewshot
185,37,Mercury_400407,B,B,1,json,"{
  ""answer"": ""B""
}",p1_format
186,37,Mercury_400407,B,B,1,json,"{""answer"": ""B""}",p1_format_soft
187,37,Mercury_400407,B,B,1,heuristic,B,p2_complexity
188,37,Mercury_400407,B,B,1,heuristic,B,p4_role
189,37,Mercury_400407,B,B,1,heuristic,Answer: B,p5_fewshot
190,38,Mercury_7116288,C,C,1,json,"{
  ""answer"": ""C""
}",p1_format
191,38,Mercury_7116288,C,C,1,json,"{""answer"": ""C""}",p1_format_soft
192,38,Mercury_7116288,C,C,1,heuristic,C,p2_complexity
193,38,Mercury_7116288,C,C,1,heuristic,C,p4_role
194,38,Mercury_7116288,C,C,1,heuristic,C,p5_fewshot
195,39,MCAS_2004_9_15-v1,B,B,1,json,"{
  ""answer"": ""B""
}",p1_format
196,39,MCAS_2004_9_15-v1,B,B,1,json,"{""answer"": ""B""}",p1_format_soft
197,39,MCAS_2004_9_15-v1,B,B,1,heuristic,B,p2_complexity
198,39,MCAS_2004_9_15-v1,B,B,1,heuristic,B,p4_role
199,39,MCAS_2004_9_15-v1,B,B,1,heuristic,Answer: B,p5_fewshot
200,40,NYSEDREGENTS_2015_4_26,C,C,1,json,"{
  ""answer"": ""C""
}",p1_format
201,40,NYSEDREGENTS_2015_4_26,C,C,1,json,"{""answer"": ""C""}",p1_format_soft
202,40,NYSEDREGENTS_2015_4_26,C,C,1,heuristic,C,p2_complexity
203,40,NYSEDREGENTS_2015_4_26,C,C,1,heuristic,C,p4_role
204,40,NYSEDREGENTS_2015_4_26,C,C,1,heuristic,Answer: C,p5_fewshot
205,41,Mercury_SC_401620,A,A,1,json,"{
  ""answer"": ""A""
}",p1_format
206,41,Mercury_SC_401620,A,A,1,json,"{""answer"": ""A""}",p1_format_soft
207,41,Mercury_SC_401620,A,A,1,heuristic,A,p2_complexity
208,41,Mercury_SC_401620,A,A,1,heuristic,A,p4_role
209,41,Mercury_SC_401620,A,A,1,heuristic,Answer: A,p5_fewshot
210,42,Mercury_400877,C,C,1,json,"{
  ""answer"": ""C""
}",p1_format
211,42,Mercury_400877,C,C,1,json,"{""answer"": ""C""}",p1_format_soft
212,42,Mercury_400877,C,C,1,heuristic,C,p2_complexity
213,42,Mercury_400877,C,C,1,heuristic,C,p4_role
214,42,Mercury_400877,C,C,1,heuristic,Answer: C,p5_fewshot
215,43,Mercury_7174213,D,D,1,json,"{
  ""answer"": ""D""
}",p1_format
216,43,Mercury_7174213,D,D,1,json,"{""answer"": ""D""}",p1_format_soft
217,43,Mercury_7174213,D,D,1,heuristic,D,p2_complexity
218,43,Mercury_7174213,D,D,1,heuristic,D,p4_role
219,43,Mercury_7174213,D,D,1,heuristic,Answer: D,p5_fewshot
220,44,NYSEDREGENTS_2008_8_34,B,B,1,json,"{
  ""answer"": ""B""
}",p1_format
221,44,NYSEDREGENTS_2008_8_34,B,B,1,json,"{""answer"": ""B""}",p1_format_soft
222,44,NYSEDREGENTS_2008_8_34,B,B,1,heuristic,B,p2_complexity
223,44,NYSEDREGENTS_2008_8_34,B,B,1,heuristic,B,p4_role
224,44,NYSEDREGENTS_2008_8_34,B,B,1,heuristic,B,p5_fewshot
225,45,Mercury_7212398,B,B,1,json,"{
  ""answer"": ""B""
}",p1_format
226,45,Mercury_7212398,B,B,1,json,"{""answer"": ""B""}",p1_format_soft
227,45,Mercury_7212398,B,B,1,heuristic,B,p2_complexity
228,45,Mercury_7212398,B,B,1,heuristic,B,p4_role
229,45,Mercury_7212398,B,B,1,heuristic,Answer: B,p5_fewshot
230,46,Mercury_SC_401290,C,C,1,json,"{
  ""answer"": ""C""
}",p1_format
231,46,Mercury_SC_401290,C,C,1,json,"{""answer"": ""C""}",p1_format_soft
232,46,Mercury_SC_401290,C,C,1,heuristic,C,p2_complexity
233,46,Mercury_SC_401290,C,C,1,heuristic,C,p4_role
234,46,Mercury_SC_401290,C,C,1,heuristic,Answer: C,p5_fewshot
235,47,Mercury_SC_402120,C,C,1,json,"{
  ""answer"": ""C""
}",p1_format
236,47,Mercury_SC_402120,C,C,1,json,"{""answer"": ""C""}",p1_format_soft
237,47,Mercury_SC_402120,C,C,1,heuristic,C,p2_complexity
238,47,Mercury_SC_402120,C,C,1,heuristic,C,p4_role
239,47,Mercury_SC_402120,C,C,1,heuristic,Answer: C,p5_fewshot
240,48,Mercury_184975,C,C,1,json,"{
  ""answer"": ""C""
}",p1_format
241,48,Mercury_184975,C,C,1,json,"{""answer"": ""C""}",p1_format_soft
242,48,Mercury_184975,C,C,1,heuristic,C,p2_complexity
243,48,Mercury_184975,C,C,1,heuristic,C,p4_role
244,48,Mercury_184975,C,C,1,heuristic,C,p5_fewshot
245,49,Mercury_SC_400578,A,B,0,json,"{
  ""answer"": ""B""
}",p1_format
246,49,Mercury_SC_400578,A,A,1,json,"{""answer"": ""A""}",p1_format_soft
247,49,Mercury_SC_400578,A,A,1,heuristic,A,p2_complexity
248,49,Mercury_SC_400578,A,A,1,heuristic,A,p4_role
249,49,Mercury_SC_400578,A,A,1,heuristic,A,p5_fewshot
250,50,MCAS_2001_8_4,D,D,1,json,"{
  ""answer"": ""D""
}",p1_format
251,50,MCAS_2001_8_4,D,D,1,json,"{""answer"": ""D""}",p1_format_soft
252,50,MCAS_2001_8_4,D,D,1,heuristic,D,p2_complexity
253,50,MCAS_2001_8_4,D,D,1,heuristic,D,p4_role
254,50,MCAS_2001_8_4,D,D,1,heuristic,D,p5_fewshot
255,51,MCAS_2003_5_33,C,C,1,json,"{
  ""answer"": ""C""
}",p1_format
256,51,MCAS_2003_5_33,C,C,1,json,"{""answer"": ""C""}",p1_format_soft
257,51,MCAS_2003_5_33,C,C,1,heuristic,C,p2_complexity
258,51,MCAS_2003_5_33,C,C,1,heuristic,C,p4_role
259,51,MCAS_2003_5_33,C,C,1,heuristic,C,p5_fewshot
260,52,Mercury_7068513,A,A,1,json,"{
  ""answer"": ""A""
}",p1_format
261,52,Mercury_7068513,A,A,1,json,"{""answer"": ""A""}",p1_format_soft
262,52,Mercury_7068513,A,A,1,heuristic,A,p2_complexity
263,52,Mercury_7068513,A,A,1,heuristic,A,p4_role
264,52,Mercury_7068513,A,A,1,heuristic,Answer: A,p5_fewshot
265,53,AKDE&ED_2008_4_26,C,C,1,json,"{
  ""answer"": ""C""
}",p1_format
266,53,AKDE&ED_2008_4_26,C,C,1,json,"{""answer"": ""C""}",p1_format_soft
267,53,AKDE&ED_2008_4_26,C,C,1,heuristic,C,p2_complexity
268,53,AKDE&ED_2008_4_26,C,C,1,heuristic,C,p4_role
269,53,AKDE&ED_2008_4_26,C,C,1,heuristic,C,p5_fewshot
270,54,Mercury_7235638,C,B,0,json,"{
  ""answer"": ""B""
}",p1_format
271,54,Mercury_7235638,C,B,0,json,"{""answer"": ""B""}",p1_format_soft
272,54,Mercury_7235638,C,B,0,heuristic,B,p2_complexity
273,54,Mercury_7235638,C,B,0,heuristic,B,p4_role
274,54,Mercury_7235638,C,B,0,heuristic,B,p5_fewshot
275,55,MDSA_2009_5_20,B,B,1,json,"{
  ""answer"": ""B""
}",p1_format
276,55,MDSA_2009_5_20,B,B,1,json,"{""answer"": ""B""}",p1_format_soft
277,55,MDSA_2009_5_20,B,B,1,heuristic,B,p2_complexity
278,55,MDSA_2009_5_20,B,B,1,heuristic,B,p4_role
279,55,MDSA_2009_5_20,B,B,1,heuristic,B,p5_fewshot
280,56,Mercury_178325,C,C,1,json,"{
  ""answer"": ""C""
}",p1_format
281,56,Mercury_178325,C,C,1,json,"{""answer"": ""C""}",p1_format_soft
282,56,Mercury_178325,C,C,1,heuristic,C,p2_complexity
283,56,Mercury_178325,C,C,1,heuristic,C,p4_role
284,56,Mercury_178325,C,C,1,heuristic,C,p5_fewshot
285,57,Mercury_7212678,A,A,1,json,"{
  ""answer"": ""A""
}",p1_format
286,57,Mercury_7212678,A,A,1,json,"{""answer"": ""A""}",p1_format_soft
287,57,Mercury_7212678,A,A,1,heuristic,A,p2_complexity
288,57,Mercury_7212678,A,A,1,heuristic,A,p4_role
289,57,Mercury_7212678,A,A,1,heuristic,A,p5_fewshot
290,58,TAKS_2009_8_32,A,A,1,json,"{
  ""answer"": ""A""
}",p1_format
291,58,TAKS_2009_8_32,A,A,1,json,"{""answer"": ""A""}",p1_format_soft
292,58,TAKS_2009_8_32,A,A,1,heuristic,A,p2_complexity
293,58,TAKS_2009_8_32,A,A,1,heuristic,A,p4_role
294,58,TAKS_2009_8_32,A,A,1,heuristic,Answer: A,p5_fewshot
295,59,Mercury_412681,C,C,1,json,"{
  ""answer"": ""C""
}",p1_format
296,59,Mercury_412681,C,C,1,json,"{""answer"": ""C""}",p1_format_soft
297,59,Mercury_412681,C,C,1,heuristic,C,p2_complexity
298,59,Mercury_412681,C,C,1,heuristic,C,p4_role
299,59,Mercury_412681,C,C,1,heuristic,Answer: C,p5_fewshot
300,60,Mercury_400440,D,D,1,json,"{
  ""answer"": ""D""
}",p1_format
301,60,Mercury_400440,D,D,1,json,"{""answer"": ""D""}",p1_format_soft
302,60,Mercury_400440,D,D,1,heuristic,D,p2_complexity
303,60,Mercury_400440,D,D,1,heuristic,D,p4_role
304,60,Mercury_400440,D,D,1,heuristic,Answer: D,p5_fewshot
305,61,Mercury_SC_416529,B,B,1,json,"{
  ""answer"": ""B""
}",p1_format
306,61,Mercury_SC_416529,B,B,1,json,"{""answer"": ""B""}",p1_format_soft
307,61,Mercury_SC_416529,B,B,1,heuristic,B,p2_complexity
308,61,Mercury_SC_416529,B,B,1,heuristic,B,p4_role
309,61,Mercury_SC_416529,B,B,1,heuristic,B,p5_fewshot
310,62,MCAS_2006_8_1,D,D,1,json,"{
  ""answer"": ""D""
}",p1_format
311,62,MCAS_2006_8_1,D,D,1,json,"{""answer"": ""D""}",p1_format_soft
312,62,MCAS_2006_8_1,D,D,1,heuristic,D,p2_complexity
313,62,MCAS_2006_8_1,D,D,1,heuristic,D,p4_role
314,62,MCAS_2006_8_1,D,D,1,heuristic,D,p5_fewshot
315,63,TIMSS_2003_8_pg80,C,C,1,json,"{
  ""answer"": ""C""
}",p1_format
316,63,TIMSS_2003_8_pg80,C,C,1,json,"{""answer"": ""C""}",p1_format_soft
317,63,TIMSS_2003_8_pg80,C,C,1,heuristic,C,p2_complexity
318,63,TIMSS_2003_8_pg80,C,C,1,heuristic,C,p4_role
319,63,TIMSS_2003_8_pg80,C,C,1,heuristic,Answer: C,p5_fewshot
320,64,Mercury_416645,D,D,1,json,"{""answer"": ""D""}",p1_format
321,64,Mercury_416645,D,D,1,json,"{""answer"": ""D""}",p1_format_soft
322,64,Mercury_416645,D,D,1,heuristic,D,p2_complexity
323,64,Mercury_416645,D,D,1,heuristic,D,p4_role
324,64,Mercury_416645,D,D,1,heuristic,D,p5_fewshot
325,65,Mercury_406777,A,A,1,json,"{
  ""answer"": ""A""
}",p1_format
326,65,Mercury_406777,A,A,1,json,"{""answer"": ""A""}",p1_format_soft
327,65,Mercury_406777,A,A,1,heuristic,A,p2_complexity
328,65,Mercury_406777,A,A,1,heuristic,A,p4_role
329,65,Mercury_406777,A,A,1,heuristic,A,p5_fewshot
330,66,Mercury_LBS11018,A,A,1,json,"{
  ""answer"": ""A""
}",p1_format
331,66,Mercury_LBS11018,A,A,1,json,"{""answer"": ""A""}",p1_format_soft
332,66,Mercury_LBS11018,A,A,1,heuristic,A,p2_complexity
333,66,Mercury_LBS11018,A,A,1,heuristic,A,p4_role
334,66,Mercury_LBS11018,A,A,1,heuristic,A,p5_fewshot
335,67,Mercury_7139878,C,D,0,json,"{""answer"": ""D""}",p1_format
336,67,Mercury_7139878,C,D,0,json,"{""answer"": ""D""}",p1_format_soft
337,67,Mercury_7139878,C,D,0,heuristic,D,p2_complexity
338,67,Mercury_7139878,C,D,0,heuristic,D,p4_role
339,67,Mercury_7139878,C,D,0,heuristic,D,p5_fewshot
340,68,Mercury_417147,B,B,1,json,"{
  ""answer"": ""B""
}",p1_format
341,68,Mercury_417147,B,B,1,json,"{""answer"": ""B""}",p1_format_soft
342,68,Mercury_417147,B,B,1,heuristic,B,p2_complexity
343,68,Mercury_417147,B,B,1,heuristic,B,p4_role
344,68,Mercury_417147,B,B,1,heuristic,B,p5_fewshot
345,69,Mercury_7016765,A,A,1,json,"{
  ""answer"": ""A""
}",p1_format
346,69,Mercury_7016765,A,A,1,json,"{""answer"": ""A""}",p1_format_soft
347,69,Mercury_7016765,A,C,0,heuristic,C,p2_complexity
348,69,Mercury_7016765,A,A,1,heuristic,A,p4_role
349,69,Mercury_7016765,A,C,0,heuristic,C,p5_fewshot
350,70,Mercury_415303,A,,-1,empty,,p1_format
351,70,Mercury_415303,A,C,0,json,"{""answer"": ""C""}",p1_format_soft
352,70,Mercury_415303,A,D,0,heuristic,D,p2_complexity
353,70,Mercury_415303,A,C,0,heuristic,C,p4_role
354,70,Mercury_415303,A,D,0,heuristic,D,p5_fewshot
355,71,Mercury_7215845,C,C,1,json,"{
  ""answer"": ""C""
}",p1_format
356,71,Mercury_7215845,C,C,1,json,"{""answer"": ""C""}",p1_format_soft
357,71,Mercury_7215845,C,C,1,heuristic,C,p2_complexity
358,71,Mercury_7215845,C,C,1,heuristic,C,p4_role
359,71,Mercury_7215845,C,C,1,heuristic,C,p5_fewshot
360,72,Mercury_7136885,B,B,1,json,"{""answer"": ""B""}",p1_format
361,72,Mercury_7136885,B,B,1,json,"{""answer"": ""B""}",p1_format_soft
362,72,Mercury_7136885,B,B,1,heuristic,B,p2_complexity
363,72,Mercury_7136885,B,B,1,heuristic,B,p4_role
364,72,Mercury_7136885,B,B,1,heuristic,Answer: B,p5_fewshot
365,73,Mercury_SC_400059,D,D,1,json,"{
  ""answer"": ""D""
}",p1_format
366,73,Mercury_SC_400059,D,D,1,json,"{""answer"": ""D""}",p1_format_soft
367,73,Mercury_SC_400059,D,D,1,heuristic,D,p2_complexity
368,73,Mercury_SC_400059,D,D,1,heuristic,D,p4_role
369,73,Mercury_SC_400059,D,D,1,heuristic,Answer: D,p5_fewshot
370,74,Mercury_7044328,D,D,1,json,"{
  ""answer"": ""D""
}",p1_format
371,74,Mercury_7044328,D,D,1,json,"{""answer"": ""D""}",p1_format_soft
372,74,Mercury_7044328,D,D,1,heuristic,D,p2_complexity
373,74,Mercury_7044328,D,D,1,heuristic,D,p4_role
374,74,Mercury_7044328,D,D,1,heuristic,Answer: D,p5_fewshot
375,75,MEA_2010_8_1,A,A,1,json,"{
  ""answer"": ""A""
}",p1_format
376,75,MEA_2010_8_1,A,A,1,json,"{""answer"": ""A""}",p1_format_soft
377,75,MEA_2010_8_1,A,A,1,heuristic,A,p2_complexity
378,75,MEA_2010_8_1,A,A,1,heuristic,A,p4_role
379,75,MEA_2010_8_1,A,A,1,heuristic,Answer: A,p5_fewshot
380,76,Mercury_414099,B,B,1,json,"{
  ""answer"": ""B""
}",p1_format
381,76,Mercury_414099,B,B,1,json,"{""answer"": ""B""}",p1_format_soft
382,76,Mercury_414099,B,B,1,heuristic,B,p2_complexity
383,76,Mercury_414099,B,B,1,heuristic,B,p4_role
384,76,Mercury_414099,B,B,1,heuristic,B,p5_fewshot
385,77,Mercury_410807,B,B,1,json,"{
  ""answer"": ""B""
}",p1_format
386,77,Mercury_410807,B,B,1,json,"{""answer"": ""B""}",p1_format_soft
387,77,Mercury_410807,B,B,1,heuristic,B,p2_complexity
388,77,Mercury_410807,B,B,1,heuristic,B,p4_role
389,77,Mercury_410807,B,B,1,heuristic,B,p5_fewshot
390,78,Mercury_403234,B,B,1,json,"{
  ""answer"": ""B""
}",p1_format
391,78,Mercury_403234,B,B,1,json,"{""answer"": ""B""}",p1_format_soft
392,78,Mercury_403234,B,B,1,heuristic,B,p2_complexity
393,78,Mercury_403234,B,B,1,heuristic,B,p4_role
394,78,Mercury_403234,B,B,1,heuristic,Answer: B,p5_fewshot
395,79,Mercury_7011323,A,A,1,json,"{
  ""answer"": ""A""
}",p1_format
396,79,Mercury_7011323,A,A,1,json,"{""answer"": ""A""}",p1_format_soft
397,79,Mercury_7011323,A,A,1,heuristic,A,p2_complexity
398,79,Mercury_7011323,A,A,1,heuristic,A,p4_role
399,79,Mercury_7011323,A,A,1,heuristic,A,p5_fewshot
400,80,Mercury_7109463,D,D,1,json,"{
  ""answer"": ""D""
}",p1_format
401,80,Mercury_7109463,D,D,1,json,"{""answer"": ""D""}",p1_format_soft
402,80,Mercury_7109463,D,D,1,heuristic,D,p2_complexity
403,80,Mercury_7109463,D,D,1,heuristic,D,p4_role
404,80,Mercury_7109463,D,D,1,heuristic,D,p5_fewshot
405,81,Mercury_SC_401277,C,C,1,json,"{
  ""answer"": ""C""
}",p1_format
406,81,Mercury_SC_401277,C,C,1,json,"{""answer"": ""C""}",p1_format_soft
407,81,Mercury_SC_401277,C,C,1,heuristic,C,p2_complexity
408,81,Mercury_SC_401277,C,C,1,heuristic,C,p4_role
409,81,Mercury_SC_401277,C,C,1,heuristic,C,p5_fewshot
410,82,MCAS_2005_5_25,C,C,1,json,"{
  ""answer"": ""C""
}",p1_format
411,82,MCAS_2005_5_25,C,C,1,json,"{""answer"": ""C""}",p1_format_soft
412,82,MCAS_2005_5_25,C,C,1,heuristic,C,p2_complexity
413,82,MCAS_2005_5_25,C,C,1,heuristic,C,p4_role
414,82,MCAS_2005_5_25,C,C,1,heuristic,Answer: C,p5_fewshot
415,83,Mercury_SC_401272,D,D,1,json,"{
  ""answer"": ""D""
}",p1_format
416,83,Mercury_SC_401272,D,D,1,json,"{""answer"": ""D""}",p1_format_soft
417,83,Mercury_SC_401272,D,D,1,heuristic,D,p2_complexity
418,83,Mercury_SC_401272,D,D,1,heuristic,D,p4_role
419,83,Mercury_SC_401272,D,D,1,heuristic,Answer: D,p5_fewshot
420,84,Mercury_7103600,D,D,1,json,"{
  ""answer"": ""D""
}",p1_format
421,84,Mercury_7103600,D,D,1,json,"{""answer"": ""D""}",p1_format_soft
422,84,Mercury_7103600,D,D,1,heuristic,D,p2_complexity
423,84,Mercury_7103600,D,D,1,heuristic,D,p4_role
424,84,Mercury_7103600,D,D,1,heuristic,D,p5_fewshot
425,85,MDSA_2009_8_2,A,A,1,json,"{
  ""answer"": ""A""
}",p1_format
426,85,MDSA_2009_8_2,A,A,1,json,"{""answer"": ""A""}",p1_format_soft
427,85,MDSA_2009_8_2,A,A,1,heuristic,A,p2_complexity
428,85,MDSA_2009_8_2,A,A,1,heuristic,A,p4_role
429,85,MDSA_2009_8_2,A,A,1,heuristic,Answer: A,p5_fewshot
430,86,Mercury_7127943,A,A,1,json,"{
  ""answer"": ""A""
}",p1_format
431,86,Mercury_7127943,A,A,1,json,"{""answer"": ""A""}",p1_format_soft
432,86,Mercury_7127943,A,A,1,heuristic,A,p2_complexity
433,86,Mercury_7127943,A,A,1,heuristic,A,p4_role
434,86,Mercury_7127943,A,A,1,heuristic,A,p5_fewshot
435,87,ACTAAP_2009_7_8,D,D,1,json,"{
  ""answer"": ""D""
}",p1_format
436,87,ACTAAP_2009_7_8,D,D,1,json,"{""answer"": ""D""}",p1_format_soft
437,87,ACTAAP_2009_7_8,D,C,0,heuristic,C,p2_complexity
438,87,ACTAAP_2009_7_8,D,D,1,heuristic,D,p4_role
439,87,ACTAAP_2009_7_8,D,D,1,heuristic,D,p5_fewshot
440,88,MCAS_2006_9_43,C,C,1,json,"{
  ""answer"": ""C""
}",p1_format
441,88,MCAS_2006_9_43,C,C,1,json,"{""answer"": ""C""}",p1_format_soft
442,88,MCAS_2006_9_43,C,C,1,heuristic,C,p2_complexity
443,88,MCAS_2006_9_43,C,C,1,heuristic,C,p4_role
444,88,MCAS_2006_9_43,C,C,1,heuristic,C,p5_fewshot
445,89,Mercury_7252088,C,C,1,json,"{
  ""answer"": ""C""
}",p1_format
446,89,Mercury_7252088,C,C,1,json,"{""answer"": ""C""}",p1_format_soft
447,89,Mercury_7252088,C,C,1,heuristic,C,p2_complexity
448,89,Mercury_7252088,C,C,1,heuristic,C,p4_role
449,89,Mercury_7252088,C,C,1,heuristic,Answer: C,p5_fewshot
450,90,Mercury_7084665,A,A,1,json,"{
  ""answer"": ""A""
}",p1_format
451,90,Mercury_7084665,A,A,1,json,"{""answer"": ""A""}",p1_format_soft
452,90,Mercury_7084665,A,A,1,heuristic,A,p2_complexity
453,90,Mercury_7084665,A,A,1,heuristic,A,p4_role
454,90,Mercury_7084665,A,A,1,heuristic,A,p5_fewshot
455,91,FCAT_2008_5_2,D,D,1,json,"{
  ""answer"": ""D""
}",p1_format
456,91,FCAT_2008_5_2,D,D,1,json,"{""answer"": ""D""}",p1_format_soft
457,91,FCAT_2008_5_2,D,D,1,heuristic,D,p2_complexity
458,91,FCAT_2008_5_2,D,D,1,heuristic,D,p4_role
459,91,FCAT_2008_5_2,D,D,1,heuristic,D,p5_fewshot
460,92,Mercury_SC_414041,D,D,1,json,"{
  ""answer"": ""D""
}",p1_format
461,92,Mercury_SC_414041,D,D,1,json,"{""answer"": ""D""}",p1_format_soft
462,92,Mercury_SC_414041,D,D,1,heuristic,D,p2_complexity
463,92,Mercury_SC_414041,D,D,1,heuristic,D,p4_role
464,92,Mercury_SC_414041,D,D,1,heuristic,D,p5_fewshot
465,93,MCAS_2014_8_20,A,A,1,json,"{
  ""answer"": ""A""
}",p1_format
466,93,MCAS_2014_8_20,A,A,1,json,"{""answer"": ""A""}",p1_format_soft
467,93,MCAS_2014_8_20,A,A,1,heuristic,A,p2_complexity
468,93,MCAS_2014_8_20,A,A,1,heuristic,A,p4_role
469,93,MCAS_2014_8_20,A,A,1,heuristic,A,p5_fewshot
470,94,Mercury_SC_401116,B,B,1,json,"{
  ""answer"": ""B""
}",p1_format
471,94,Mercury_SC_401116,B,B,1,json,"{""answer"": ""B""}",p1_format_soft
472,94,Mercury_SC_401116,B,B,1,heuristic,B,p2_complexity
473,94,Mercury_SC_401116,B,B,1,heuristic,B,p4_role
474,94,Mercury_SC_401116,B,B,1,heuristic,B,p5_fewshot
475,95,Mercury_7064680,C,C,1,json,"{
  ""answer"": ""C""
}",p1_format
476,95,Mercury_7064680,C,C,1,json,"{""answer"": ""C""}",p1_format_soft
477,95,Mercury_7064680,C,C,1,heuristic,C,p2_complexity
478,95,Mercury_7064680,C,C,1,heuristic,C,p4_role
479,95,Mercury_7064680,C,C,1,heuristic,Answer: C,p5_fewshot
480,96,Mercury_7211680,C,C,1,json,"{
  ""answer"": ""C""
}",p1_format
481,96,Mercury_7211680,C,C,1,json,"{""answer"": ""C""}",p1_format_soft
482,96,Mercury_7211680,C,C,1,heuristic,C,p2_complexity
483,96,Mercury_7211680,C,C,1,heuristic,C,p4_role
484,96,Mercury_7211680,C,C,1,heuristic,Answer: C,p5_fewshot
485,97,Mercury_180373,B,B,1,json,"{
  ""answer"": ""B""
}",p1_format
486,97,Mercury_180373,B,B,1,json,"{""answer"": ""B""}",p1_format_soft
487,97,Mercury_180373,B,B,1,heuristic,B,p2_complexity
488,97,Mercury_180373,B,B,1,heuristic,B,p4_role
489,97,Mercury_180373,B,B,1,heuristic,Answer: B,p5_fewshot
490,98,Mercury_7216248,B,B,1,json,"{
  ""answer"": ""B""
}",p1_format
491,98,Mercury_7216248,B,B,1,json,"{""answer"": ""B""}",p1_format_soft
492,98,Mercury_7216248,B,B,1,heuristic,B,p2_complexity
493,98,Mercury_7216248,B,B,1,heuristic,B,p4_role
494,98,Mercury_7216248,B,B,1,heuristic,B,p5_fewshot
495,99,Mercury_SC_417677,B,B,1,json,"{
  ""answer"": ""B""
}",p1_format
496,99,Mercury_SC_417677,B,B,1,json,"{""answer"": ""B""}",p1_format_soft
497,99,Mercury_SC_417677,B,B,1,heuristic,B,p2_complexity
498,99,Mercury_SC_417677,B,B,1,heuristic,B,p4_role
499,99,Mercury_SC_417677,B,B,1,heuristic,Answer: B,p5_fewshot
500,100,Mercury_7221655,C,C,1,json,"{
  ""answer"": ""C""
}",p1_format
501,100,Mercury_7221655,C,C,1,json,"{""answer"": ""C""}",p1_format_soft
502,100,Mercury_7221655,C,C,1,heuristic,C,p2_complexity
503,100,Mercury_7221655,C,C,1,heuristic,C,p4_role
504,100,Mercury_7221655,C,C,1,heuristic,Answer: C,p5_fewshot
505,101,MCAS_2006_9_12,D,D,1,json,"{
  ""answer"": ""D""
}",p1_format
506,101,MCAS_2006_9_12,D,D,1,json,"{""answer"": ""D""}",p1_format_soft
507,101,MCAS_2006_9_12,D,D,1,heuristic,D,p2_complexity
508,101,MCAS_2006_9_12,D,D,1,heuristic,D,p4_role
509,101,MCAS_2006_9_12,D,D,1,heuristic,D,p5_fewshot
510,102,MCAS_2004_9_2,A,A,1,json,"{
  ""answer"": ""A""
}",p1_format
511,102,MCAS_2004_9_2,A,A,1,json,"{""answer"": ""A""}",p1_format_soft
512,102,MCAS_2004_9_2,A,A,1,heuristic,A,p2_complexity
513,102,MCAS_2004_9_2,A,A,1,heuristic,A,p4_role
514,102,MCAS_2004_9_2,A,A,1,heuristic,Answer: A,p5_fewshot
515,103,Mercury_180005,B,B,1,json,"{
  ""answer"": ""B""
}",p1_format
516,103,Mercury_180005,B,B,1,json,"{""answer"": ""B""}",p1_format_soft
517,103,Mercury_180005,B,B,1,heuristic,B,p2_complexity
518,103,Mercury_180005,B,B,1,heuristic,B,p4_role
519,103,Mercury_180005,B,B,1,heuristic,B,p5_fewshot
520,104,Mercury_7071523,C,C,1,json,"{
  ""answer"": ""C""
}",p1_format
521,104,Mercury_7071523,C,C,1,json,"{""answer"": ""C""}",p1_format_soft
522,104,Mercury_7071523,C,C,1,heuristic,C,p2_complexity
523,104,Mercury_7071523,C,C,1,heuristic,C,p4_role
524,104,Mercury_7071523,C,C,1,heuristic,Answer: C,p5_fewshot
525,105,Mercury_7263375,B,B,1,json,"{
  ""answer"": ""B""
}",p1_format
526,105,Mercury_7263375,B,B,1,json,"{""answer"": ""B""}",p1_format_soft
527,105,Mercury_7263375,B,B,1,heuristic,B,p2_complexity
528,105,Mercury_7263375,B,B,1,heuristic,B,p4_role
529,105,Mercury_7263375,B,B,1,heuristic,B,p5_fewshot
530,106,TIMSS_2011_8_pg102,D,D,1,json,"{
  ""answer"": ""D""
}",p1_format
531,106,TIMSS_2011_8_pg102,D,D,1,json,"{""answer"": ""D""}",p1_format_soft
532,106,TIMSS_2011_8_pg102,D,D,1,heuristic,D,p2_complexity
533,106,TIMSS_2011_8_pg102,D,D,1,heuristic,D,p4_role
534,106,TIMSS_2011_8_pg102,D,D,1,heuristic,D,p5_fewshot
535,107,Mercury_406550,B,B,1,json,"{
  ""answer"": ""B""
}",p1_format
536,107,Mercury_406550,B,B,1,json,"{""answer"": ""B""}",p1_format_soft
537,107,Mercury_406550,B,B,1,heuristic,B,p2_complexity
538,107,Mercury_406550,B,B,1,heuristic,B,p4_role
539,107,Mercury_406550,B,B,1,heuristic,Answer: B,p5_fewshot
540,108,Mercury_SC_400057,D,D,1,json,"{
  ""answer"": ""D""
}",p1_format
541,108,Mercury_SC_400057,D,D,1,json,"{""answer"": ""D""}",p1_format_soft
542,108,Mercury_SC_400057,D,D,1,heuristic,D,p2_complexity
543,108,Mercury_SC_400057,D,D,1,heuristic,D,p4_role
544,108,Mercury_SC_400057,D,D,1,heuristic,D,p5_fewshot
545,109,TAKS_2009_5_26,A,A,1,json,"{
  ""answer"": ""A""
}",p1_format
546,109,TAKS_2009_5_26,A,A,1,json,"{""answer"": ""A""}",p1_format_soft
547,109,TAKS_2009_5_26,A,A,1,heuristic,A,p2_complexity
548,109,TAKS_2009_5_26,A,A,1,heuristic,A,p4_role
549,109,TAKS_2009_5_26,A,A,1,heuristic,A,p5_fewshot
550,110,LEAP_2007_8_10417,A,A,1,json,"{
  ""answer"": ""A""
}",p1_format
551,110,LEAP_2007_8_10417,A,A,1,json,"{""answer"": ""A""}",p1_format_soft
552,110,LEAP_2007_8_10417,A,A,1,heuristic,A,p2_complexity
553,110,LEAP_2007_8_10417,A,A,1,heuristic,A,p4_role
554,110,LEAP_2007_8_10417,A,A,1,heuristic,A,p5_fewshot
555,111,Mercury_7027405,A,A,1,json,"{
  ""answer"": ""A""
}",p1_format
556,111,Mercury_7027405,A,A,1,json,"{""answer"": ""A""}",p1_format_soft
557,111,Mercury_7027405,A,A,1,heuristic,A,p2_complexity
558,111,Mercury_7027405,A,A,1,heuristic,A,p4_role
559,111,Mercury_7027405,A,A,1,heuristic,A,p5_fewshot
560,112,Mercury_7058415,A,A,1,json,"{""answer"": ""A""}",p1_format
561,112,Mercury_7058415,A,B,0,json,"{""answer"": ""B""}",p1_format_soft
562,112,Mercury_7058415,A,A,1,heuristic,A,p2_complexity
563,112,Mercury_7058415,A,B,0,heuristic,B,p4_role
564,112,Mercury_7058415,A,A,1,heuristic,Answer: A,p5_fewshot
565,113,Mercury_7215828,A,A,1,json,"{
  ""answer"": ""A""
}",p1_format
566,113,Mercury_7215828,A,A,1,json,"{""answer"": ""A""}",p1_format_soft
567,113,Mercury_7215828,A,A,1,heuristic,A,p2_complexity
568,113,Mercury_7215828,A,A,1,heuristic,A,p4_role
569,113,Mercury_7215828,A,A,1,heuristic,Answer: A,p5_fewshot
570,114,Mercury_7064575,B,B,1,json,"{
  ""answer"": ""B""
}",p1_format
571,114,Mercury_7064575,B,B,1,json,"{""answer"": ""B""}",p1_format_soft
572,114,Mercury_7064575,B,B,1,heuristic,B,p2_complexity
573,114,Mercury_7064575,B,B,1,heuristic,B,p4_role
574,114,Mercury_7064575,B,B,1,heuristic,Answer: B,p5_fewshot
575,115,Mercury_7097493,D,D,1,json,"{
  ""answer"": ""D""
}",p1_format
576,115,Mercury_7097493,D,D,1,json,"{""answer"": ""D""}",p1_format_soft
577,115,Mercury_7097493,D,D,1,heuristic,D,p2_complexity
578,115,Mercury_7097493,D,D,1,heuristic,D,p4_role
579,115,Mercury_7097493,D,D,1,heuristic,D,p5_fewshot
580,116,AKDE&ED_2008_8_47,B,B,1,json,"{
  ""answer"": ""B""
}",p1_format
581,116,AKDE&ED_2008_8_47,B,B,1,json,"{""answer"": ""B""}",p1_format_soft
582,116,AKDE&ED_2008_8_47,B,B,1,heuristic,B,p2_complexity
583,116,AKDE&ED_2008_8_47,B,B,1,heuristic,B,p4_role
584,116,AKDE&ED_2008_8_47,B,B,1,heuristic,B,p5_fewshot
585,117,Mercury_405136,C,C,1,json,"{
  ""answer"": ""C""
}",p1_format
586,117,Mercury_405136,C,C,1,json,"{""answer"": ""C""}",p1_format_soft
587,117,Mercury_405136,C,C,1,heuristic,C,p2_complexity
588,117,Mercury_405136,C,C,1,heuristic,C,p4_role
589,117,Mercury_405136,C,C,1,heuristic,C,p5_fewshot
590,118,Mercury_415086,D,D,1,json,"{
  ""answer"": ""D""
}",p1_format
591,118,Mercury_415086,D,D,1,json,"{""answer"": ""D""}",p1_format_soft
592,118,Mercury_415086,D,D,1,heuristic,D,p2_complexity
593,118,Mercury_415086,D,D,1,heuristic,D,p4_role
594,118,Mercury_415086,D,D,1,heuristic,D,p5_fewshot
595,119,Mercury_7228725,C,C,1,json,"{
  ""answer"": ""C""
}",p1_format
596,119,Mercury_7228725,C,C,1,json,"{""answer"": ""C""}",p1_format_soft
597,119,Mercury_7228725,C,C,1,heuristic,C,p2_complexity
598,119,Mercury_7228725,C,C,1,heuristic,C,p4_role
599,119,Mercury_7228725,C,C,1,heuristic,Answer: C,p5_fewshot
600,120,Mercury_7201740,A,A,1,json,"{
  ""answer"": ""A""
}",p1_format
601,120,Mercury_7201740,A,A,1,json,"{""answer"": ""A""}",p1_format_soft
602,120,Mercury_7201740,A,A,1,heuristic,A,p2_complexity
603,120,Mercury_7201740,A,A,1,heuristic,A,p4_role
604,120,Mercury_7201740,A,A,1,heuristic,Answer: A,p5_fewshot
605,121,NYSEDREGENTS_2010_4_4,A,A,1,json,"{
  ""answer"": ""A""
}",p1_format
606,121,NYSEDREGENTS_2010_4_4,A,A,1,json,"{""answer"": ""A""}",p1_format_soft
607,121,NYSEDREGENTS_2010_4_4,A,A,1,heuristic,A,p2_complexity
608,121,NYSEDREGENTS_2010_4_4,A,A,1,heuristic,A,p4_role
609,121,NYSEDREGENTS_2010_4_4,A,A,1,heuristic,A,p5_fewshot
610,122,MEAP_2005_8_21,D,D,1,json,"{
  ""answer"": ""D""
}",p1_format
611,122,MEAP_2005_8_21,D,D,1,json,"{""answer"": ""D""}",p1_format_soft
612,122,MEAP_2005_8_21,D,D,1,heuristic,D,p2_complexity
613,122,MEAP_2005_8_21,D,D,1,heuristic,D,p4_role
614,122,MEAP_2005_8_21,D,D,1,heuristic,D,p5_fewshot
615,123,Mercury_7026355,A,A,1,json,"{
  ""answer"": ""A""
}",p1_format
616,123,Mercury_7026355,A,A,1,json,"{""answer"": ""A""}",p1_format_soft
617,123,Mercury_7026355,A,A,1,heuristic,A,p2_complexity
618,123,Mercury_7026355,A,A,1,heuristic,A,p4_role
619,123,Mercury_7026355,A,A,1,heuristic,Answer: A,p5_fewshot
620,124,Mercury_7249708,B,B,1,json,"{
  ""answer"": ""B""
}",p1_format
621,124,Mercury_7249708,B,B,1,json,"{""answer"": ""B""}",p1_format_soft
622,124,Mercury_7249708,B,B,1,heuristic,B,p2_complexity
623,124,Mercury_7249708,B,B,1,heuristic,B,p4_role
624,124,Mercury_7249708,B,B,1,heuristic,Answer: B,p5_fewshot
625,125,Mercury_7107170,D,D,1,json,"{
  ""answer"": ""D""
}",p1_format
626,125,Mercury_7107170,D,D,1,json,"{""answer"": ""D""}",p1_format_soft
627,125,Mercury_7107170,D,D,1,heuristic,D,p2_complexity
628,125,Mercury_7107170,D,D,1,heuristic,D,p4_role
629,125,Mercury_7107170,D,D,1,heuristic,Answer: D,p5_fewshot
630,126,Mercury_183820,A,A,1,json,"{
  ""answer"": ""A""
}",p1_format
631,126,Mercury_183820,A,A,1,json,"{""answer"": ""A""}",p1_format_soft
632,126,Mercury_183820,A,A,1,heuristic,A,p2_complexity
633,126,Mercury_183820,A,A,1,heuristic,A,p4_role
634,126,Mercury_183820,A,A,1,heuristic,Answer: A,p5_fewshot
635,127,Mercury_SC_401357,B,B,1,json,"{
  ""answer"": ""B""
}",p1_format
636,127,Mercury_SC_401357,B,B,1,json,"{""answer"": ""B""}",p1_format_soft
637,127,Mercury_SC_401357,B,B,1,heuristic,B,p2_complexity
638,127,Mercury_SC_401357,B,B,1,heuristic,B,p4_role
639,127,Mercury_SC_401357,B,B,1,heuristic,Answer: B,p5_fewshot
640,128,NYSEDREGENTS_2008_8_11,D,D,1,json,"{
  ""answer"": ""D""
}",p1_format
641,128,NYSEDREGENTS_2008_8_11,D,D,1,json,"{""answer"": ""D""}",p1_format_soft
642,128,NYSEDREGENTS_2008_8_11,D,D,1,heuristic,D,p2_complexity
643,128,NYSEDREGENTS_2008_8_11,D,D,1,heuristic,D,p4_role
644,128,NYSEDREGENTS_2008_8_11,D,D,1,heuristic,Answer: D,p5_fewshot
645,129,Mercury_416650,C,C,1,json,"{
  ""answer"": ""C""
}",p1_format
646,129,Mercury_416650,C,C,1,json,"{""answer"": ""C""}",p1_format_soft
647,129,Mercury_416650,C,C,1,heuristic,C,p2_complexity
648,129,Mercury_416650,C,C,1,heuristic,C,p4_role
649,129,Mercury_416650,C,C,1,heuristic,C,p5_fewshot
650,130,NCEOGA_2013_5_20,B,B,1,json,"{
  ""answer"": ""B""
}",p1_format
651,130,NCEOGA_2013_5_20,B,B,1,json,"{""answer"": ""B""}",p1_format_soft
652,130,NCEOGA_2013_5_20,B,B,1,heuristic,B,p2_complexity
653,130,NCEOGA_2013_5_20,B,B,1,heuristic,B,p4_role
654,130,NCEOGA_2013_5_20,B,B,1,heuristic,B,p5_fewshot
655,131,Mercury_400500,C,C,1,json,"{
  ""answer"": ""C""
}",p1_format
656,131,Mercury_400500,C,C,1,json,"{""answer"": ""C""}",p1_format_soft
657,131,Mercury_400500,C,C,1,heuristic,C,p2_complexity
658,131,Mercury_400500,C,C,1,heuristic,C,p4_role
659,131,Mercury_400500,C,C,1,heuristic,C,p5_fewshot
660,132,Mercury_SC_401366,D,D,1,json,"{
  ""answer"": ""D""
}",p1_format
661,132,Mercury_SC_401366,D,D,1,json,"{""answer"": ""D""}",p1_format_soft
662,132,Mercury_SC_401366,D,D,1,heuristic,D,p2_complexity
663,132,Mercury_SC_401366,D,D,1,heuristic,D,p4_role
664,132,Mercury_SC_401366,D,D,1,heuristic,D,p5_fewshot
665,133,Mercury_7141610,B,B,1,json,"{
  ""answer"": ""B""
}",p1_format
666,133,Mercury_7141610,B,B,1,json,"{""answer"": ""B""}",p1_format_soft
667,133,Mercury_7141610,B,B,1,heuristic,B,p2_complexity
668,133,Mercury_7141610,B,B,1,heuristic,B,p4_role
669,133,Mercury_7141610,B,B,1,heuristic,B,p5_fewshot
670,134,Mercury_7247013,B,B,1,json,"{
  ""answer"": ""B""
}",p1_format
671,134,Mercury_7247013,B,B,1,json,"{""answer"": ""B""}",p1_format_soft
672,134,Mercury_7247013,B,B,1,heuristic,B,p2_complexity
673,134,Mercury_7247013,B,B,1,heuristic,B,p4_role
674,134,Mercury_7247013,B,B,1,heuristic,B,p5_fewshot
675,135,NYSEDREGENTS_2008_8_30,B,B,1,json,"{
  ""answer"": ""B""
}",p1_format
676,135,NYSEDREGENTS_2008_8_30,B,B,1,json,"{""answer"": ""B""}",p1_format_soft
677,135,NYSEDREGENTS_2008_8_30,B,B,1,heuristic,B,p2_complexity
678,135,NYSEDREGENTS_2008_8_30,B,B,1,heuristic,B,p4_role
679,135,NYSEDREGENTS_2008_8_30,B,B,1,heuristic,Answer: B,p5_fewshot
680,136,ACTAAP_2011_5_16,B,B,1,json,"{
  ""answer"": ""B""
}",p1_format
681,136,ACTAAP_2011_5_16,B,B,1,json,"{""answer"": ""B""}",p1_format_soft
682,136,ACTAAP_2011_5_16,B,B,1,heuristic,B,p2_complexity
683,136,ACTAAP_2011_5_16,B,B,1,heuristic,B,p4_role
684,136,ACTAAP_2011_5_16,B,B,1,heuristic,B,p5_fewshot
685,137,Mercury_7093153,B,B,1,json,"{
  ""answer"": ""B""
}",p1_format
686,137,Mercury_7093153,B,B,1,json,"{""answer"": ""B""}",p1_format_soft
687,137,Mercury_7093153,B,B,1,heuristic,B,p2_complexity
688,137,Mercury_7093153,B,B,1,heuristic,B,p4_role
689,137,Mercury_7093153,B,B,1,heuristic,Answer: B,p5_fewshot
690,138,Mercury_7013965,A,A,1,json,"{
  ""answer"": ""A""
}",p1_format
691,138,Mercury_7013965,A,A,1,json,"{""answer"": ""A""}",p1_format_soft
692,138,Mercury_7013965,A,A,1,heuristic,A,p2_complexity
693,138,Mercury_7013965,A,A,1,heuristic,A,p4_role
694,138,Mercury_7013965,A,A,1,heuristic,A,p5_fewshot
695,139,Mercury_7034843,B,B,1,json,"{""answer"": ""B""}",p1_format
696,139,Mercury_7034843,B,A,0,json,"{""answer"": ""A""}",p1_format_soft
697,139,Mercury_7034843,B,A,0,heuristic,A,p2_complexity
698,139,Mercury_7034843,B,A,0,heuristic,A,p4_role
699,139,Mercury_7034843,B,A,0,heuristic,A,p5_fewshot
700,140,Mercury_SC_407610,D,D,1,json,"{
  ""answer"": ""D""
}",p1_format
701,140,Mercury_SC_407610,D,D,1,json,"{""answer"": ""D""}",p1_format_soft
702,140,Mercury_SC_407610,D,D,1,heuristic,D,p2_complexity
703,140,Mercury_SC_407610,D,D,1,heuristic,D,p4_role
704,140,Mercury_SC_407610,D,D,1,heuristic,Answer: D,p5_fewshot
705,141,Mercury_405947,C,C,1,json,"{
  ""answer"": ""C""
}",p1_format
706,141,Mercury_405947,C,C,1,json,"{""answer"": ""C""}",p1_format_soft
707,141,Mercury_405947,C,C,1,heuristic,C,p2_complexity
708,141,Mercury_405947,C,C,1,heuristic,C,p4_role
709,141,Mercury_405947,C,C,1,heuristic,C,p5_fewshot
710,142,AKDE&ED_2012_8_6,A,A,1,json,"{
  ""answer"": ""A""
}",p1_format
711,142,AKDE&ED_2012_8_6,A,A,1,json,"{""answer"": ""A""}",p1_format_soft
712,142,AKDE&ED_2012_8_6,A,A,1,heuristic,A,p2_complexity
713,142,AKDE&ED_2012_8_6,A,A,1,heuristic,A,p4_role
714,142,AKDE&ED_2012_8_6,A,A,1,heuristic,A,p5_fewshot
715,143,Mercury_7011130,A,A,1,json,"{
  ""answer"": ""A""
}",p1_format
716,143,Mercury_7011130,A,A,1,json,"{""answer"": ""A""}",p1_format_soft
717,143,Mercury_7011130,A,A,1,heuristic,A,p2_complexity
718,143,Mercury_7011130,A,A,1,heuristic,A,p4_role
719,143,Mercury_7011130,A,A,1,heuristic,A,p5_fewshot
720,144,Mercury_LBS11022,A,A,1,json,"{
  ""answer"": ""A""
}",p1_format
721,144,Mercury_LBS11022,A,A,1,json,"{""answer"": ""A""}",p1_format_soft
722,144,Mercury_LBS11022,A,A,1,heuristic,A,p2_complexity
723,144,Mercury_LBS11022,A,A,1,heuristic,A,p4_role
724,144,Mercury_LBS11022,A,A,1,heuristic,Answer: A,p5_fewshot
725,145,TIMSS_1995_8_J1,C,C,1,json,"{
  ""answer"": ""C""
}",p1_format
726,145,TIMSS_1995_8_J1,C,C,1,json,"{""answer"": ""C""}",p1_format_soft
727,145,TIMSS_1995_8_J1,C,C,1,heuristic,C,p2_complexity
728,145,TIMSS_1995_8_J1,C,C,1,heuristic,C,p4_role
729,145,TIMSS_1995_8_J1,C,C,1,heuristic,C,p5_fewshot
730,146,Mercury_SC_408366,B,B,1,json,"{
  ""answer"": ""B""
}",p1_format
731,146,Mercury_SC_408366,B,C,0,json,"{""answer"": ""C""}",p1_format_soft
732,146,Mercury_SC_408366,B,B,1,heuristic,B,p2_complexity
733,146,Mercury_SC_408366,B,C,0,heuristic,C,p4_role
734,146,Mercury_SC_408366,B,B,1,heuristic,Answer: B,p5_fewshot
735,147,Mercury_7009993,A,A,1,json,"{""answer"": ""A""}",p1_format
736,147,Mercury_7009993,A,A,1,json,"{""answer"": ""A""}",p1_format_soft
737,147,Mercury_7009993,A,A,1,heuristic,A,p2_complexity
738,147,Mercury_7009993,A,A,1,heuristic,A,p4_role
739,147,Mercury_7009993,A,A,1,heuristic,Answer: A,p5_fewshot
740,148,Mercury_401699,C,C,1,json,"{
  ""answer"": ""C""
}",p1_format
741,148,Mercury_401699,C,C,1,json,"{""answer"": ""C""}",p1_format_soft
742,148,Mercury_401699,C,C,1,heuristic,C,p2_complexity
743,148,Mercury_401699,C,C,1,heuristic,C,p4_role
744,148,Mercury_401699,C,C,1,heuristic,Answer: C,p5_fewshot
745,149,Mercury_7056858,A,A,1,json,"{
  ""answer"": ""A""
}",p1_format
746,149,Mercury_7056858,A,A,1,json,"{""answer"": ""A""}",p1_format_soft
747,149,Mercury_7056858,A,A,1,heuristic,A,p2_complexity
748,149,Mercury_7056858,A,A,1,heuristic,A,p4_role
749,149,Mercury_7056858,A,A,1,heuristic,Answer: A,p5_fewshot
750,150,Mercury_7027160,C,C,1,json,"{
  ""answer"": ""C""
}",p1_format
751,150,Mercury_7027160,C,C,1,json,"{""answer"": ""C""}",p1_format_soft
752,150,Mercury_7027160,C,C,1,heuristic,C,p2_complexity
753,150,Mercury_7027160,C,C,1,heuristic,C,p4_role
754,150,Mercury_7027160,C,C,1,heuristic,C,p5_fewshot
755,151,Mercury_400811,D,D,1,json,"{
  ""answer"": ""D""
}",p1_format
756,151,Mercury_400811,D,D,1,json,"{""answer"": ""D""}",p1_format_soft
757,151,Mercury_400811,D,D,1,heuristic,D,p2_complexity
758,151,Mercury_400811,D,D,1,heuristic,D,p4_role
759,151,Mercury_400811,D,D,1,heuristic,D,p5_fewshot
760,152,Mercury_SC_400062,D,D,1,json,"{
  ""answer"": ""D""
}",p1_format
761,152,Mercury_SC_400062,D,D,1,json,"{""answer"": ""D""}",p1_format_soft
762,152,Mercury_SC_400062,D,D,1,heuristic,D,p2_complexity
763,152,Mercury_SC_400062,D,D,1,heuristic,D,p4_role
764,152,Mercury_SC_400062,D,D,1,heuristic,D,p5_fewshot
765,153,Mercury_400699,B,B,1,json,"{""answer"": ""B""}",p1_format
766,153,Mercury_400699,B,B,1,json,"{""answer"": ""B""}",p1_format_soft
767,153,Mercury_400699,B,B,1,heuristic,B,p2_complexity
768,153,Mercury_400699,B,B,1,heuristic,B,p4_role
769,153,Mercury_400699,B,B,1,heuristic,B,p5_fewshot
770,154,Mercury_7029803,B,B,1,json,"{
  ""answer"": ""B""
}",p1_format
771,154,Mercury_7029803,B,B,1,json,"{""answer"": ""B""}",p1_format_soft
772,154,Mercury_7029803,B,B,1,heuristic,B,p2_complexity
773,154,Mercury_7029803,B,B,1,heuristic,B,p4_role
774,154,Mercury_7029803,B,B,1,heuristic,Answer: B,p5_fewshot
775,155,Mercury_SC_401372,D,D,1,json,"{
  ""answer"": ""D""
}",p1_format
776,155,Mercury_SC_401372,D,D,1,json,"{""answer"": ""D""}",p1_format_soft
777,155,Mercury_SC_401372,D,D,1,heuristic,D,p2_complexity
778,155,Mercury_SC_401372,D,D,1,heuristic,D,p4_role
779,155,Mercury_SC_401372,D,D,1,heuristic,D,p5_fewshot
780,156,Mercury_7271128,C,C,1,json,"{
  ""answer"": ""C""
}",p1_format
781,156,Mercury_7271128,C,C,1,json,"{""answer"": ""C""}",p1_format_soft
782,156,Mercury_7271128,C,C,1,heuristic,C,p2_complexity
783,156,Mercury_7271128,C,C,1,heuristic,C,p4_role
784,156,Mercury_7271128,C,C,1,heuristic,C,p5_fewshot
785,157,Mercury_407260,B,B,1,json,"{
  ""answer"": ""B""
}",p1_format
786,157,Mercury_407260,B,B,1,json,"{""answer"": ""B""}",p1_format_soft
787,157,Mercury_407260,B,B,1,heuristic,B,p2_complexity
788,157,Mercury_407260,B,B,1,heuristic,B,p4_role
789,157,Mercury_407260,B,B,1,heuristic,Answer: B,p5_fewshot
790,158,Mercury_SC_416155,C,C,1,json,"{
  ""answer"": ""C""
}",p1_format
791,158,Mercury_SC_416155,C,C,1,json,"{""answer"": ""C""}",p1_format_soft
792,158,Mercury_SC_416155,C,C,1,heuristic,C,p2_complexity
793,158,Mercury_SC_416155,C,C,1,heuristic,C,p4_role
794,158,Mercury_SC_416155,C,C,1,heuristic,C,p5_fewshot
795,159,Mercury_402145,B,B,1,json,"{
  ""answer"": ""B""
}",p1_format
796,159,Mercury_402145,B,B,1,json,"{""answer"": ""B""}",p1_format_soft
797,159,Mercury_402145,B,B,1,heuristic,B,p2_complexity
798,159,Mercury_402145,B,B,1,heuristic,B,p4_role
799,159,Mercury_402145,B,B,1,heuristic,Answer: B,p5_fewshot
800,160,AIMS_2009_4_5,A,A,1,json,"{
  ""answer"": ""A""
}",p1_format
801,160,AIMS_2009_4_5,A,A,1,json,"{""answer"": ""A""}",p1_format_soft
802,160,AIMS_2009_4_5,A,A,1,heuristic,A,p2_complexity
803,160,AIMS_2009_4_5,A,A,1,heuristic,A,p4_role
804,160,AIMS_2009_4_5,A,A,1,heuristic,A,p5_fewshot
805,161,TIMSS_2003_4_pg7,D,D,1,json,"{
  ""answer"": ""D""
}",p1_format
806,161,TIMSS_2003_4_pg7,D,D,1,json,"{""answer"": ""D""}",p1_format_soft
807,161,TIMSS_2003_4_pg7,D,D,1,heuristic,D,p2_complexity
808,161,TIMSS_2003_4_pg7,D,D,1,heuristic,D,p4_role
809,161,TIMSS_2003_4_pg7,D,D,1,heuristic,Answer: D,p5_fewshot
810,162,Mercury_7142415,A,A,1,json,"{
  ""answer"": ""A""
}",p1_format
811,162,Mercury_7142415,A,A,1,json,"{""answer"": ""A""}",p1_format_soft
812,162,Mercury_7142415,A,A,1,heuristic,A,p2_complexity
813,162,Mercury_7142415,A,A,1,heuristic,A,p4_role
814,162,Mercury_7142415,A,A,1,heuristic,A,p5_fewshot
815,163,Mercury_7212818,B,B,1,json,"{
  ""answer"": ""B""
}",p1_format
816,163,Mercury_7212818,B,B,1,json,"{""answer"": ""B""}",p1_format_soft
817,163,Mercury_7212818,B,B,1,heuristic,B,p2_complexity
818,163,Mercury_7212818,B,B,1,heuristic,B,p4_role
819,163,Mercury_7212818,B,B,1,heuristic,Answer: B,p5_fewshot
820,164,Mercury_SC_413299,A,A,1,json,"{
  ""answer"": ""A""
}",p1_format
821,164,Mercury_SC_413299,A,A,1,json,"{""answer"": ""A""}",p1_format_soft
822,164,Mercury_SC_413299,A,A,1,heuristic,A,p2_complexity
823,164,Mercury_SC_413299,A,A,1,heuristic,A,p4_role
824,164,Mercury_SC_413299,A,A,1,heuristic,A,p5_fewshot
825,165,Mercury_7132020,A,A,1,json,"{
  ""answer"": ""A""
}",p1_format
826,165,Mercury_7132020,A,A,1,json,"{""answer"": ""A""}",p1_format_soft
827,165,Mercury_7132020,A,A,1,heuristic,A,p2_complexity
828,165,Mercury_7132020,A,A,1,heuristic,A,p4_role
829,165,Mercury_7132020,A,A,1,heuristic,Answer: A,p5_fewshot
830,166,MEA_2014_8_10,C,C,1,json,"{
  ""answer"": ""C""
}",p1_format
831,166,MEA_2014_8_10,C,C,1,json,"{""answer"": ""C""}",p1_format_soft
832,166,MEA_2014_8_10,C,C,1,heuristic,C,p2_complexity
833,166,MEA_2014_8_10,C,C,1,heuristic,C,p4_role
834,166,MEA_2014_8_10,C,C,1,heuristic,C,p5_fewshot
835,167,TIMSS_1995_8_N2,B,B,1,json,"{
  ""answer"": ""B""
}",p1_format
836,167,TIMSS_1995_8_N2,B,B,1,json,"{""answer"": ""B""}",p1_format_soft
837,167,TIMSS_1995_8_N2,B,B,1,heuristic,B,p2_complexity
838,167,TIMSS_1995_8_N2,B,B,1,heuristic,B,p4_role
839,167,TIMSS_1995_8_N2,B,B,1,heuristic,B,p5_fewshot
840,168,Mercury_7024465,A,A,1,json,"{
  ""answer"": ""A""
}",p1_format
841,168,Mercury_7024465,A,A,1,json,"{""answer"": ""A""}",p1_format_soft
842,168,Mercury_7024465,A,A,1,heuristic,A,p2_complexity
843,168,Mercury_7024465,A,A,1,heuristic,A,p4_role
844,168,Mercury_7024465,A,A,1,heuristic,Answer: A,p5_fewshot
845,169,Mercury_SC_415762,D,D,1,json,"{
  ""answer"": ""D""
}",p1_format
846,169,Mercury_SC_415762,D,D,1,json,"{""answer"": ""D""}",p1_format_soft
847,169,Mercury_SC_415762,D,D,1,heuristic,D,p2_complexity
848,169,Mercury_SC_415762,D,D,1,heuristic,D,p4_role
849,169,Mercury_SC_415762,D,D,1,heuristic,Answer: D,p5_fewshot
850,170,Mercury_415093,D,D,1,json,"{
  ""answer"": ""D""
}",p1_format
851,170,Mercury_415093,D,D,1,json,"{""answer"": ""D""}",p1_format_soft
852,170,Mercury_415093,D,D,1,heuristic,D,p2_complexity
853,170,Mercury_415093,D,D,1,heuristic,D,p4_role
854,170,Mercury_415093,D,D,1,heuristic,D,p5_fewshot
855,171,LEAP_2005_8_10404,D,D,1,json,"{
  ""answer"": ""D""
}",p1_format
856,171,LEAP_2005_8_10404,D,D,1,json,"{""answer"": ""D""}",p1_format_soft
857,171,LEAP_2005_8_10404,D,D,1,heuristic,D,p2_complexity
858,171,LEAP_2005_8_10404,D,D,1,heuristic,D,p4_role
859,171,LEAP_2005_8_10404,D,D,1,heuristic,D,p5_fewshot
860,172,AIMS_2008_8_6,B,B,1,json,"{
  ""answer"": ""B""
}",p1_format
861,172,AIMS_2008_8_6,B,B,1,json,"{""answer"": ""B""}",p1_format_soft
862,172,AIMS_2008_8_6,B,B,1,heuristic,B,p2_complexity
863,172,AIMS_2008_8_6,B,B,1,heuristic,B,p4_role
864,172,AIMS_2008_8_6,B,B,1,heuristic,B,p5_fewshot
865,173,Mercury_7057173,D,D,1,json,"{
  ""answer"": ""D""
}",p1_format
866,173,Mercury_7057173,D,D,1,json,"{""answer"": ""D""}",p1_format_soft
867,173,Mercury_7057173,D,D,1,heuristic,D,p2_complexity
868,173,Mercury_7057173,D,D,1,heuristic,D,p4_role
869,173,Mercury_7057173,D,D,1,heuristic,D,p5_fewshot
870,174,TIMSS_2007_8_pg60,C,C,1,json,"{
  ""answer"": ""C""
}",p1_format
871,174,TIMSS_2007_8_pg60,C,C,1,json,"{""answer"": ""C""}",p1_format_soft
872,174,TIMSS_2007_8_pg60,C,C,1,heuristic,C,p2_complexity
873,174,TIMSS_2007_8_pg60,C,C,1,heuristic,C,p4_role
874,174,TIMSS_2007_8_pg60,C,C,1,heuristic,Answer: C,p5_fewshot
875,175,AIMS_2009_8_14,A,A,1,json,"{
  ""answer"": ""A""
}",p1_format
876,175,AIMS_2009_8_14,A,A,1,json,"{""answer"": ""A""}",p1_format_soft
877,175,AIMS_2009_8_14,A,A,1,heuristic,A,p2_complexity
878,175,AIMS_2009_8_14,A,A,1,heuristic,A,p4_role
879,175,AIMS_2009_8_14,A,A,1,heuristic,Answer: A,p5_fewshot
880,176,Mercury_185010,A,A,1,json,"{
  ""answer"": ""A""
}",p1_format
881,176,Mercury_185010,A,A,1,json,"{""answer"": ""A""}",p1_format_soft
882,176,Mercury_185010,A,A,1,heuristic,A,p2_complexity
883,176,Mercury_185010,A,A,1,heuristic,A,p4_role
884,176,Mercury_185010,A,A,1,heuristic,Answer: A,p5_fewshot
885,177,Mercury_7206938,A,A,1,json,"{
  ""answer"": ""A""
}",p1_format
886,177,Mercury_7206938,A,A,1,json,"{""answer"": ""A""}",p1_format_soft
887,177,Mercury_7206938,A,A,1,heuristic,A,p2_complexity
888,177,Mercury_7206938,A,A,1,heuristic,A,p4_role
889,177,Mercury_7206938,A,A,1,heuristic,Answer: A,p5_fewshot
890,178,Mercury_402501,B,B,1,json,"{
  ""answer"": ""B""
}",p1_format
891,178,Mercury_402501,B,B,1,json,"{""answer"": ""B""}",p1_format_soft
892,178,Mercury_402501,B,B,1,heuristic,B,p2_complexity
893,178,Mercury_402501,B,B,1,heuristic,B,p4_role
894,178,Mercury_402501,B,B,1,heuristic,B,p5_fewshot
895,179,MCAS_2011_8_15365,C,C,1,json,"{""answer"": ""C""}",p1_format
896,179,MCAS_2011_8_15365,C,C,1,json,"{""answer"": ""C""}",p1_format_soft
897,179,MCAS_2011_8_15365,C,,-1,empty,,p2_complexity
898,179,MCAS_2011_8_15365,C,C,1,heuristic,C,p4_role
899,179,MCAS_2011_8_15365,C,,-1,empty,,p5_fewshot
900,180,Mercury_SC_401766,A,A,1,json,"{
  ""answer"": ""A""
}",p1_format
901,180,Mercury_SC_401766,A,A,1,json,"{""answer"": ""A""}",p1_format_soft
902,180,Mercury_SC_401766,A,A,1,heuristic,A,p2_complexity
903,180,Mercury_SC_401766,A,A,1,heuristic,A,p4_role
904,180,Mercury_SC_401766,A,A,1,heuristic,A,p5_fewshot
905,181,Mercury_7162400,D,D,1,json,"{
  ""answer"": ""D""
}",p1_format
906,181,Mercury_7162400,D,D,1,json,"{""answer"": ""D""}",p1_format_soft
907,181,Mercury_7162400,D,D,1,heuristic,D,p2_complexity
908,181,Mercury_7162400,D,D,1,heuristic,D,p4_role
909,181,Mercury_7162400,D,D,1,heuristic,D,p5_fewshot
910,182,Mercury_7086695,C,B,0,json,"{""answer"": ""B""}",p1_format
911,182,Mercury_7086695,C,C,1,json,"{""answer"": ""C""}",p1_format_soft
912,182,Mercury_7086695,C,C,1,heuristic,C,p2_complexity
913,182,Mercury_7086695,C,B,0,heuristic,B,p4_role
914,182,Mercury_7086695,C,B,0,heuristic,B,p5_fewshot
915,183,Mercury_SC_402994,C,C,1,json,"{
  ""answer"": ""C""
}",p1_format
916,183,Mercury_SC_402994,C,C,1,json,"{""answer"": ""C""}",p1_format_soft
917,183,Mercury_SC_402994,C,C,1,heuristic,C,p2_complexity
918,183,Mercury_SC_402994,C,C,1,heuristic,C,p4_role
919,183,Mercury_SC_402994,C,C,1,heuristic,Answer: C,p5_fewshot
920,184,Mercury_7056298,A,A,1,json,"{
  ""answer"": ""A""
}",p1_format
921,184,Mercury_7056298,A,A,1,json,"{""answer"": ""A""}",p1_format_soft
922,184,Mercury_7056298,A,A,1,heuristic,A,p2_complexity
923,184,Mercury_7056298,A,A,1,heuristic,A,p4_role
924,184,Mercury_7056298,A,A,1,heuristic,A,p5_fewshot
925,185,Mercury_409115,C,C,1,json,"{
  ""answer"": ""C""
}",p1_format
926,185,Mercury_409115,C,C,1,json,"{""answer"": ""C""}",p1_format_soft
927,185,Mercury_409115,C,C,1,heuristic,C,p2_complexity
928,185,Mercury_409115,C,C,1,heuristic,C,p4_role
929,185,Mercury_409115,C,C,1,heuristic,C,p5_fewshot
930,186,Mercury_409647,D,D,1,json,"{
  ""answer"": ""D""
}",p1_format
931,186,Mercury_409647,D,D,1,json,"{""answer"": ""D""}",p1_format_soft
932,186,Mercury_409647,D,D,1,heuristic,D,p2_complexity
933,186,Mercury_409647,D,D,1,heuristic,D,p4_role
934,186,Mercury_409647,D,D,1,heuristic,D,p5_fewshot
935,187,Mercury_414352,A,A,1,json,"{
  ""answer"": ""A""
}",p1_format
936,187,Mercury_414352,A,A,1,json,"{""answer"": ""A""}",p1_format_soft
937,187,Mercury_414352,A,A,1,heuristic,A,p2_complexity
938,187,Mercury_414352,A,A,1,heuristic,A,p4_role
939,187,Mercury_414352,A,A,1,heuristic,A,p5_fewshot
940,188,Mercury_185325,C,C,1,json,"{
  ""answer"": ""C""
}",p1_format
941,188,Mercury_185325,C,C,1,json,"{""answer"": ""C""}",p1_format_soft
942,188,Mercury_185325,C,C,1,heuristic,C,p2_complexity
943,188,Mercury_185325,C,C,1,heuristic,C,p4_role
944,188,Mercury_185325,C,C,1,heuristic,C,p5_fewshot
945,189,Mercury_SC_412374,C,A,0,json,"{
  ""answer"": ""A""
}",p1_format
946,189,Mercury_SC_412374,C,D,0,json,"{""answer"": ""D""}",p1_format_soft
947,189,Mercury_SC_412374,C,D,0,heuristic,D,p2_complexity
948,189,Mercury_SC_412374,C,A,0,heuristic,A,p4_role
949,189,Mercury_SC_412374,C,D,0,heuristic,D,p5_fewshot
950,190,Mercury_SC_401818,C,D,0,json,"{
  ""answer"": ""D""
}",p1_format
951,190,Mercury_SC_401818,C,D,0,json,"{""answer"": ""D""}",p1_format_soft
952,190,Mercury_SC_401818,C,D,0,heuristic,D,p2_complexity
953,190,Mercury_SC_401818,C,D,0,heuristic,D,p4_role
954,190,Mercury_SC_401818,C,D,0,heuristic,D,p5_fewshot
955,191,Mercury_SC_413549,B,B,1,json,"{
  ""answer"": ""B""
}",p1_format
956,191,Mercury_SC_413549,B,B,1,json,"{""answer"": ""B""}",p1_format_soft
957,191,Mercury_SC_413549,B,B,1,heuristic,B,p2_complexity
958,191,Mercury_SC_413549,B,B,1,heuristic,B,p4_role
959,191,Mercury_SC_413549,B,B,1,heuristic,Answer: B,p5_fewshot
960,192,Mercury_7093958,A,A,1,json,"{
  ""answer"": ""A""
}",p1_format
961,192,Mercury_7093958,A,A,1,json,"{""answer"": ""A""}",p1_format_soft
962,192,Mercury_7093958,A,A,1,heuristic,A,p2_complexity
963,192,Mercury_7093958,A,A,1,heuristic,A,p4_role
964,192,Mercury_7093958,A,A,1,heuristic,Answer: A,p5_fewshot
965,193,Mercury_7102323,D,D,1,json,"{
  ""answer"": ""D""
}",p1_format
966,193,Mercury_7102323,D,D,1,json,"{""answer"": ""D""}",p1_format_soft
967,193,Mercury_7102323,D,D,1,heuristic,D,p2_complexity
968,193,Mercury_7102323,D,D,1,heuristic,D,p4_role
969,193,Mercury_7102323,D,D,1,heuristic,D,p5_fewshot
970,194,Mercury_7222793,B,B,1,json,"{
  ""answer"": ""B""
}",p1_format
971,194,Mercury_7222793,B,B,1,json,"{""answer"": ""B""}",p1_format_soft
972,194,Mercury_7222793,B,B,1,heuristic,B,p2_complexity
973,194,Mercury_7222793,B,B,1,heuristic,B,p4_role
974,194,Mercury_7222793,B,B,1,heuristic,B,p5_fewshot
975,195,Mercury_SC_400701,A,A,1,json,"{
  ""answer"": ""A""
}",p1_format
976,195,Mercury_SC_400701,A,A,1,json,"{""answer"": ""A""}",p1_format_soft
977,195,Mercury_SC_400701,A,A,1,heuristic,A,p2_complexity
978,195,Mercury_SC_400701,A,A,1,heuristic,A,p4_role
979,195,Mercury_SC_400701,A,A,1,heuristic,Answer: A,p5_fewshot
980,196,Mercury_409301,B,B,1,json,"{""answer"": ""B""}",p1_format
981,196,Mercury_409301,B,B,1,json,"{""answer"": ""B""}",p1_format_soft
982,196,Mercury_409301,B,B,1,heuristic,B,p2_complexity
983,196,Mercury_409301,B,B,1,heuristic,B,p4_role
984,196,Mercury_409301,B,B,1,heuristic,B,p5_fewshot
985,197,Mercury_SC_400383,C,C,1,json,"{
  ""answer"": ""C""
}",p1_format
986,197,Mercury_SC_400383,C,C,1,json,"{""answer"": ""C""}",p1_format_soft
987,197,Mercury_SC_400383,C,C,1,heuristic,C,p2_complexity
988,197,Mercury_SC_400383,C,C,1,heuristic,C,p4_role
989,197,Mercury_SC_400383,C,C,1,heuristic,C,p5_fewshot
990,198,CSZ_2005_5_CSZ10021,B,B,1,json,"{
  ""answer"": ""B""
}",p1_format
991,198,CSZ_2005_5_CSZ10021,B,B,1,json,"{""answer"": ""B""}",p1_format_soft
992,198,CSZ_2005_5_CSZ10021,B,B,1,heuristic,B,p2_complexity
993,198,CSZ_2005_5_CSZ10021,B,B,1,heuristic,B,p4_role
994,198,CSZ_2005_5_CSZ10021,B,B,1,heuristic,B,p5_fewshot
995,199,Mercury_SC_407070,B,B,1,json,"{
  ""answer"": ""B""
}",p1_format
996,199,Mercury_SC_407070,B,B,1,json,"{""answer"": ""B""}",p1_format_soft
997,199,Mercury_SC_407070,B,B,1,heuristic,B,p2_complexity
998,199,Mercury_SC_407070,B,B,1,heuristic,B,p4_role
999,199,Mercury_SC_407070,B,B,1,heuristic,B,p5_fewshot
1000,200,Mercury_SC_400708,C,C,1,json,"{
  ""answer"": ""C""
}",p1_format
1001,200,Mercury_SC_400708,C,C,1,json,"{""answer"": ""C""}",p1_format_soft
1002,200,Mercury_SC_400708,C,C,1,heuristic,C,p2_complexity
1003,200,Mercury_SC_400708,C,C,1,heuristic,C,p4_role
1004,200,Mercury_SC_400708,C,C,1,heuristic,C,p5_fewshot
1005,201,Mercury_7075040,C,C,1,json,"{
  ""answer"": ""C""
}",p1_format
1006,201,Mercury_7075040,C,C,1,json,"{""answer"": ""C""}",p1_format_soft
1007,201,Mercury_7075040,C,C,1,heuristic,C,p2_complexity
1008,201,Mercury_7075040,C,C,1,heuristic,C,p4_role
1009,201,Mercury_7075040,C,C,1,heuristic,Answer: C,p5_fewshot
1010,202,Mercury_7137165,A,A,1,json,"{
  ""answer"": ""A""
}",p1_format
1011,202,Mercury_7137165,A,A,1,json,"{""answer"": ""A""}",p1_format_soft
1012,202,Mercury_7137165,A,A,1,heuristic,A,p2_complexity
1013,202,Mercury_7137165,A,A,1,heuristic,A,p4_role
1014,202,Mercury_7137165,A,A,1,heuristic,Answer: A,p5_fewshot
1015,203,Mercury_SC_400046,B,B,1,json,"{
  ""answer"": ""B""
}",p1_format
1016,203,Mercury_SC_400046,B,B,1,json,"{""answer"": ""B""}",p1_format_soft
1017,203,Mercury_SC_400046,B,B,1,heuristic,B,p2_complexity
1018,203,Mercury_SC_400046,B,B,1,heuristic,B,p4_role
1019,203,Mercury_SC_400046,B,B,1,heuristic,B,p5_fewshot
1020,204,Mercury_7099330,D,C,0,json,"{
  ""answer"": ""C""
}",p1_format
1021,204,Mercury_7099330,D,C,0,json,"{""answer"": ""C""}",p1_format_soft
1022,204,Mercury_7099330,D,C,0,heuristic,C,p2_complexity
1023,204,Mercury_7099330,D,C,0,heuristic,C,p4_role
1024,204,Mercury_7099330,D,C,0,heuristic,C,p5_fewshot
1025,205,MDSA_2007_5_2,C,C,1,json,"{
  ""answer"": ""C""
}",p1_format
1026,205,MDSA_2007_5_2,C,C,1,json,"{""answer"": ""C""}",p1_format_soft
1027,205,MDSA_2007_5_2,C,C,1,heuristic,C,p2_complexity
1028,205,MDSA_2007_5_2,C,C,1,heuristic,C,p4_role
1029,205,MDSA_2007_5_2,C,C,1,heuristic,C,p5_fewshot
1030,206,Mercury_7271758,B,B,1,json,"{
  ""answer"": ""B""
}",p1_format
1031,206,Mercury_7271758,B,B,1,json,"{""answer"": ""B""}",p1_format_soft
1032,206,Mercury_7271758,B,B,1,heuristic,B,p2_complexity
1033,206,Mercury_7271758,B,B,1,heuristic,B,p4_role
1034,206,Mercury_7271758,B,B,1,heuristic,B,p5_fewshot
1035,207,MCAS_2003_8_31,C,C,1,json,"{
  ""answer"": ""C""
}",p1_format
1036,207,MCAS_2003_8_31,C,C,1,json,"{""answer"": ""C""}",p1_format_soft
1037,207,MCAS_2003_8_31,C,C,1,heuristic,C,p2_complexity
1038,207,MCAS_2003_8_31,C,C,1,heuristic,C,p4_role
1039,207,MCAS_2003_8_31,C,C,1,heuristic,Answer: C,p5_fewshot
1040,208,AKDE&ED_2008_8_53,C,C,1,json,"{
  ""answer"": ""C""
}",p1_format
1041,208,AKDE&ED_2008_8_53,C,C,1,json,"{""answer"": ""C""}",p1_format_soft
1042,208,AKDE&ED_2008_8_53,C,C,1,heuristic,C,p2_complexity
1043,208,AKDE&ED_2008_8_53,C,C,1,heuristic,C,p4_role
1044,208,AKDE&ED_2008_8_53,C,C,1,heuristic,C,p5_fewshot
1045,209,TIMSS_2007_8_pg109,C,C,1,json,"{
  ""answer"": ""C""
}",p1_format
1046,209,TIMSS_2007_8_pg109,C,C,1,json,"{""answer"": ""C""}",p1_format_soft
1047,209,TIMSS_2007_8_pg109,C,C,1,heuristic,C,p2_complexity
1048,209,TIMSS_2007_8_pg109,C,C,1,heuristic,C,p4_role
1049,209,TIMSS_2007_8_pg109,C,C,1,heuristic,C,p5_fewshot
1050,210,Mercury_175385,C,C,1,json,"{
  ""answer"": ""C""
}",p1_format
1051,210,Mercury_175385,C,C,1,json,"{""answer"": ""C""}",p1_format_soft
1052,210,Mercury_175385,C,C,1,heuristic,C,p2_complexity
1053,210,Mercury_175385,C,C,1,heuristic,C,p4_role
1054,210,Mercury_175385,C,C,1,heuristic,C,p5_fewshot
1055,211,Mercury_410669,D,D,1,json,"{
  ""answer"": ""D""
}",p1_format
1056,211,Mercury_410669,D,D,1,json,"{""answer"": ""D""}",p1_format_soft
1057,211,Mercury_410669,D,D,1,heuristic,D,p2_complexity
1058,211,Mercury_410669,D,D,1,heuristic,D,p4_role
1059,211,Mercury_410669,D,D,1,heuristic,D,p5_fewshot
1060,212,MEAP_2005_8_39,C,C,1,json,"{
  ""answer"": ""C""
}",p1_format
1061,212,MEAP_2005_8_39,C,C,1,json,"{""answer"": ""C""}",p1_format_soft
1062,212,MEAP_2005_8_39,C,C,1,heuristic,C,p2_complexity
1063,212,MEAP_2005_8_39,C,C,1,heuristic,C,p4_role
1064,212,MEAP_2005_8_39,C,C,1,heuristic,C,p5_fewshot
1065,213,Mercury_SC_408568,B,B,1,json,"{
  ""answer"": ""B""
}",p1_format
1066,213,Mercury_SC_408568,B,B,1,json,"{""answer"": ""B""}",p1_format_soft
1067,213,Mercury_SC_408568,B,B,1,heuristic,B,p2_complexity
1068,213,Mercury_SC_408568,B,B,1,heuristic,B,p4_role
1069,213,Mercury_SC_408568,B,B,1,heuristic,B,p5_fewshot
1070,214,AKDE&ED_2008_8_7,B,B,1,json,"{
  ""answer"": ""B""
}",p1_format
1071,214,AKDE&ED_2008_8_7,B,B,1,json,"{""answer"": ""B""}",p1_format_soft
1072,214,AKDE&ED_2008_8_7,B,B,1,heuristic,B,p2_complexity
1073,214,AKDE&ED_2008_8_7,B,B,1,heuristic,B,p4_role
1074,214,AKDE&ED_2008_8_7,B,B,1,heuristic,Answer: B,p5_fewshot
1075,215,Mercury_7082845,B,B,1,json,"{
  ""answer"": ""B""
}",p1_format
1076,215,Mercury_7082845,B,B,1,json,"{""answer"": ""B""}",p1_format_soft
1077,215,Mercury_7082845,B,B,1,heuristic,B,p2_complexity
1078,215,Mercury_7082845,B,B,1,heuristic,B,p4_role
1079,215,Mercury_7082845,B,B,1,heuristic,B,p5_fewshot
1080,216,Mercury_SC_405726,D,D,1,json,"{
  ""answer"": ""D""
}",p1_format
1081,216,Mercury_SC_405726,D,D,1,json,"{""answer"": ""D""}",p1_format_soft
1082,216,Mercury_SC_405726,D,D,1,heuristic,D,p2_complexity
1083,216,Mercury_SC_405726,D,D,1,heuristic,D,p4_role
1084,216,Mercury_SC_405726,D,D,1,heuristic,D,p5_fewshot
1085,217,Mercury_SC_415407,A,A,1,json,"{
  ""answer"": ""A""
}",p1_format
1086,217,Mercury_SC_415407,A,A,1,json,"{""answer"": ""A""}",p1_format_soft
1087,217,Mercury_SC_415407,A,A,1,heuristic,A,p2_complexity
1088,217,Mercury_SC_415407,A,A,1,heuristic,A,p4_role
1089,217,Mercury_SC_415407,A,A,1,heuristic,A,p5_fewshot
1090,218,Mercury_SC_401792,C,C,1,json,"{
  ""answer"": ""C""
}",p1_format
1091,218,Mercury_SC_401792,C,C,1,json,"{""answer"": ""C""}",p1_format_soft
1092,218,Mercury_SC_401792,C,C,1,heuristic,C,p2_complexity
1093,218,Mercury_SC_401792,C,C,1,heuristic,C,p4_role
1094,218,Mercury_SC_401792,C,C,1,heuristic,C,p5_fewshot
1095,219,LEAP_2000_8_4,B,B,1,json,"{
  ""answer"": ""B""
}",p1_format
1096,219,LEAP_2000_8_4,B,B,1,json,"{""answer"": ""B""}",p1_format_soft
1097,219,LEAP_2000_8_4,B,B,1,heuristic,B,p2_complexity
1098,219,LEAP_2000_8_4,B,B,1,heuristic,B,p4_role
1099,219,LEAP_2000_8_4,B,B,1,heuristic,B,p5_fewshot
1100,220,Mercury_SC_413439,A,A,1,json,"{
  ""answer"": ""A""
}",p1_format
1101,220,Mercury_SC_413439,A,A,1,json,"{""answer"": ""A""}",p1_format_soft
1102,220,Mercury_SC_413439,A,A,1,heuristic,A,p2_complexity
1103,220,Mercury_SC_413439,A,A,1,heuristic,A,p4_role
1104,220,Mercury_SC_413439,A,A,1,heuristic,Answer: A,p5_fewshot
1105,221,ACTAAP_2014_7_13,B,B,1,json,"{
  ""answer"": ""B""
}",p1_format
1106,221,ACTAAP_2014_7_13,B,B,1,json,"{""answer"": ""B""}",p1_format_soft
1107,221,ACTAAP_2014_7_13,B,B,1,heuristic,B,p2_complexity
1108,221,ACTAAP_2014_7_13,B,B,1,heuristic,B,p4_role
1109,221,ACTAAP_2014_7_13,B,B,1,heuristic,B,p5_fewshot
1110,222,Mercury_SC_402638,A,C,0,json,"{
  ""answer"": ""C""
}",p1_format
1111,222,Mercury_SC_402638,A,C,0,json,"{""answer"": ""C""}",p1_format_soft
1112,222,Mercury_SC_402638,A,C,0,heuristic,C,p2_complexity
1113,222,Mercury_SC_402638,A,C,0,heuristic,C,p4_role
1114,222,Mercury_SC_402638,A,A,1,heuristic,A,p5_fewshot
1115,223,Mercury_SC_406725,A,A,1,json,"{
  ""answer"": ""A""
}",p1_format
1116,223,Mercury_SC_406725,A,A,1,json,"{""answer"": ""A""}",p1_format_soft
1117,223,Mercury_SC_406725,A,A,1,heuristic,A,p2_complexity
1118,223,Mercury_SC_406725,A,A,1,heuristic,A,p4_role
1119,223,Mercury_SC_406725,A,A,1,heuristic,A,p5_fewshot
1120,224,NYSEDREGENTS_2015_4_29,A,A,1,json,"{
  ""answer"": ""A""
}",p1_format
1121,224,NYSEDREGENTS_2015_4_29,A,A,1,json,"{""answer"": ""A""}",p1_format_soft
1122,224,NYSEDREGENTS_2015_4_29,A,A,1,heuristic,A,p2_complexity
1123,224,NYSEDREGENTS_2015_4_29,A,A,1,heuristic,A,p4_role
1124,224,NYSEDREGENTS_2015_4_29,A,A,1,heuristic,Answer: A,p5_fewshot
1125,225,Mercury_406136,A,A,1,json,"{
  ""answer"": ""A""
}",p1_format
1126,225,Mercury_406136,A,A,1,json,"{""answer"": ""A""}",p1_format_soft
1127,225,Mercury_406136,A,A,1,heuristic,A,p2_complexity
1128,225,Mercury_406136,A,A,1,heuristic,A,p4_role
1129,225,Mercury_406136,A,A,1,heuristic,A,p5_fewshot
1130,226,MSA_2012_5_23,C,C,1,json,"{
  ""answer"": ""C""
}",p1_format
1131,226,MSA_2012_5_23,C,C,1,json,"{""answer"": ""C""}",p1_format_soft
1132,226,MSA_2012_5_23,C,C,1,heuristic,C,p2_complexity
1133,226,MSA_2012_5_23,C,C,1,heuristic,C,p4_role
1134,226,MSA_2012_5_23,C,C,1,heuristic,Answer: C,p5_fewshot
1135,227,Mercury_405873,B,B,1,json,"{
  ""answer"": ""B""
}",p1_format
1136,227,Mercury_405873,B,B,1,json,"{""answer"": ""B""}",p1_format_soft
1137,227,Mercury_405873,B,B,1,heuristic,B,p2_complexity
1138,227,Mercury_405873,B,B,1,heuristic,B,p4_role
1139,227,Mercury_405873,B,B,1,heuristic,Answer: B,p5_fewshot
1140,228,Mercury_7043820,B,B,1,json,"{
  ""answer"": ""B""
}",p1_format
1141,228,Mercury_7043820,B,B,1,json,"{""answer"": ""B""}",p1_format_soft
1142,228,Mercury_7043820,B,B,1,heuristic,B,p2_complexity
1143,228,Mercury_7043820,B,B,1,heuristic,B,p4_role
1144,228,Mercury_7043820,B,B,1,heuristic,Answer: B,p5_fewshot
1145,229,MCAS_2005_5_34,B,B,1,json,"{
  ""answer"": ""B""
}",p1_format
1146,229,MCAS_2005_5_34,B,B,1,json,"{""answer"": ""B""}",p1_format_soft
1147,229,MCAS_2005_5_34,B,B,1,heuristic,B,p2_complexity
1148,229,MCAS_2005_5_34,B,B,1,heuristic,B,p4_role
1149,229,MCAS_2005_5_34,B,B,1,heuristic,Answer: B,p5_fewshot
1150,230,Mercury_7182245,D,D,1,json,"{
  ""answer"": ""D""
}",p1_format
1151,230,Mercury_7182245,D,D,1,json,"{""answer"": ""D""}",p1_format_soft
1152,230,Mercury_7182245,D,D,1,heuristic,D,p2_complexity
1153,230,Mercury_7182245,D,D,1,heuristic,D,p4_role
1154,230,Mercury_7182245,D,A,0,heuristic,A,p5_fewshot
1155,231,MSA_2012_8_30,A,A,1,json,"{
  ""answer"": ""A""
}",p1_format
1156,231,MSA_2012_8_30,A,A,1,json,"{""answer"": ""A""}",p1_format_soft
1157,231,MSA_2012_8_30,A,A,1,heuristic,A,p2_complexity
1158,231,MSA_2012_8_30,A,A,1,heuristic,A,p4_role
1159,231,MSA_2012_8_30,A,A,1,heuristic,A,p5_fewshot
1160,232,Mercury_7252753,A,A,1,json,"{
  ""answer"": ""A""
}",p1_format
1161,232,Mercury_7252753,A,A,1,json,"{""answer"": ""A""}",p1_format_soft
1162,232,Mercury_7252753,A,A,1,heuristic,A,p2_complexity
1163,232,Mercury_7252753,A,A,1,heuristic,A,p4_role
1164,232,Mercury_7252753,A,A,1,heuristic,Answer: A,p5_fewshot
1165,233,TAKS_2009_8_36,B,B,1,json,"{
  ""answer"": ""B""
}",p1_format
1166,233,TAKS_2009_8_36,B,B,1,json,"{""answer"": ""B""}",p1_format_soft
1167,233,TAKS_2009_8_36,B,B,1,heuristic,B,p2_complexity
1168,233,TAKS_2009_8_36,B,B,1,heuristic,B,p4_role
1169,233,TAKS_2009_8_36,B,B,1,heuristic,Answer: B,p5_fewshot
1170,234,Mercury_SC_415473,C,C,1,json,"{
  ""answer"": ""C""
}",p1_format
1171,234,Mercury_SC_415473,C,C,1,json,"{""answer"": ""C""}",p1_format_soft
1172,234,Mercury_SC_415473,C,C,1,heuristic,C,p2_complexity
1173,234,Mercury_SC_415473,C,C,1,heuristic,C,p4_role
1174,234,Mercury_SC_415473,C,C,1,heuristic,C,p5_fewshot
1175,235,Mercury_SC_413624,B,B,1,json,"{
  ""answer"": ""B""
}",p1_format
1176,235,Mercury_SC_413624,B,B,1,json,"{""answer"": ""B""}",p1_format_soft
1177,235,Mercury_SC_413624,B,B,1,heuristic,B,p2_complexity
1178,235,Mercury_SC_413624,B,B,1,heuristic,B,p4_role
1179,235,Mercury_SC_413624,B,B,1,heuristic,B,p5_fewshot
1180,236,Mercury_7016800,D,D,1,json,"{""answer"": ""D""}",p1_format
1181,236,Mercury_7016800,D,D,1,json,"{""answer"": ""D""}",p1_format_soft
1182,236,Mercury_7016800,D,D,1,heuristic,D,p2_complexity
1183,236,Mercury_7016800,D,D,1,heuristic,D,p4_role
1184,236,Mercury_7016800,D,D,1,heuristic,D,p5_fewshot
1185,237,Mercury_SC_407228,D,D,1,json,"{
  ""answer"": ""D""
}",p1_format
1186,237,Mercury_SC_407228,D,D,1,json,"{""answer"": ""D""}",p1_format_soft
1187,237,Mercury_SC_407228,D,D,1,heuristic,D,p2_complexity
1188,237,Mercury_SC_407228,D,D,1,heuristic,D,p4_role
1189,237,Mercury_SC_407228,D,D,1,heuristic,Answer: D,p5_fewshot
1190,238,Mercury_414504,B,B,1,json,"{
  ""answer"": ""B""
}",p1_format
1191,238,Mercury_414504,B,B,1,json,"{""answer"": ""B""}",p1_format_soft
1192,238,Mercury_414504,B,B,1,heuristic,B,p2_complexity
1193,238,Mercury_414504,B,B,1,heuristic,B,p4_role
1194,238,Mercury_414504,B,B,1,heuristic,B,p5_fewshot
1195,239,TIMSS_2011_4_pg27,A,A,1,json,"{
  ""answer"": ""A""
}",p1_format
1196,239,TIMSS_2011_4_pg27,A,A,1,json,"{""answer"": ""A""}",p1_format_soft
1197,239,TIMSS_2011_4_pg27,A,A,1,heuristic,A,p2_complexity
1198,239,TIMSS_2011_4_pg27,A,A,1,heuristic,A,p4_role
1199,239,TIMSS_2011_4_pg27,A,A,1,heuristic,Answer: A,p5_fewshot
1200,240,Mercury_SC_402029,D,D,1,json,"{
  ""answer"": ""D""
}",p1_format
1201,240,Mercury_SC_402029,D,D,1,json,"{""answer"": ""D""}",p1_format_soft
1202,240,Mercury_SC_402029,D,D,1,heuristic,D,p2_complexity
1203,240,Mercury_SC_402029,D,D,1,heuristic,D,p4_role
1204,240,Mercury_SC_402029,D,D,1,heuristic,D,p5_fewshot
1205,241,Mercury_7131845,C,,-1,empty,,p1_format
1206,241,Mercury_7131845,C,C,1,json,"{""answer"": ""C""}",p1_format_soft
1207,241,Mercury_7131845,C,C,1,heuristic,C,p2_complexity
1208,241,Mercury_7131845,C,C,1,heuristic,C,p4_role
1209,241,Mercury_7131845,C,C,1,heuristic,C,p5_fewshot
1210,242,Mercury_SC_405533,B,B,1,json,"{
  ""answer"": ""B""
}",p1_format
1211,242,Mercury_SC_405533,B,B,1,json,"{""answer"": ""B""}",p1_format_soft
1212,242,Mercury_SC_405533,B,B,1,heuristic,B,p2_complexity
1213,242,Mercury_SC_405533,B,B,1,heuristic,B,p4_role
1214,242,Mercury_SC_405533,B,B,1,heuristic,Answer: B,p5_fewshot
1215,243,Mercury_7086748,A,A,1,json,"{
  ""answer"": ""A""
}",p1_format
1216,243,Mercury_7086748,A,A,1,json,"{""answer"": ""A""}",p1_format_soft
1217,243,Mercury_7086748,A,A,1,heuristic,A,p2_complexity
1218,243,Mercury_7086748,A,A,1,heuristic,A,p4_role
1219,243,Mercury_7086748,A,A,1,heuristic,Answer: A,p5_fewshot
1220,244,MDSA_2007_8_17,B,B,1,json,"{
  ""answer"": ""B""
}",p1_format
1221,244,MDSA_2007_8_17,B,B,1,json,"{""answer"": ""B""}",p1_format_soft
1222,244,MDSA_2007_8_17,B,B,1,heuristic,B,p2_complexity
1223,244,MDSA_2007_8_17,B,B,1,heuristic,B,p4_role
1224,244,MDSA_2007_8_17,B,B,1,heuristic,B,p5_fewshot
1225,245,Mercury_7210473,C,C,1,json,"{
  ""answer"": ""C""
}",p1_format
1226,245,Mercury_7210473,C,C,1,json,"{""answer"": ""C""}",p1_format_soft
1227,245,Mercury_7210473,C,C,1,heuristic,C,p2_complexity
1228,245,Mercury_7210473,C,C,1,heuristic,C,p4_role
1229,245,Mercury_7210473,C,C,1,heuristic,Answer: C,p5_fewshot
1230,246,Mercury_7214340,A,A,1,json,"{
  ""answer"": ""A""
}",p1_format
1231,246,Mercury_7214340,A,A,1,json,"{""answer"": ""A""}",p1_format_soft
1232,246,Mercury_7214340,A,A,1,heuristic,A,p2_complexity
1233,246,Mercury_7214340,A,A,1,heuristic,A,p4_role
1234,246,Mercury_7214340,A,A,1,heuristic,Answer: A,p5_fewshot
1235,247,MCAS_2005_9_17,C,C,1,json,"{
  ""answer"": ""C""
}",p1_format
1236,247,MCAS_2005_9_17,C,C,1,json,"{""answer"": ""C""}",p1_format_soft
1237,247,MCAS_2005_9_17,C,C,1,heuristic,C,p2_complexity
1238,247,MCAS_2005_9_17,C,C,1,heuristic,C,p4_role
1239,247,MCAS_2005_9_17,C,C,1,heuristic,C,p5_fewshot
1240,248,MEA_2016_8_12,B,B,1,json,"{
  ""answer"": ""B""
}",p1_format
1241,248,MEA_2016_8_12,B,B,1,json,"{""answer"": ""B""}",p1_format_soft
1242,248,MEA_2016_8_12,B,B,1,heuristic,B,p2_complexity
1243,248,MEA_2016_8_12,B,B,1,heuristic,B,p4_role
1244,248,MEA_2016_8_12,B,B,1,heuristic,B,p5_fewshot
1245,249,Mercury_SC_401278,B,B,1,json,"{
  ""answer"": ""B""
}",p1_format
1246,249,Mercury_SC_401278,B,B,1,json,"{""answer"": ""B""}",p1_format_soft
1247,249,Mercury_SC_401278,B,B,1,heuristic,B,p2_complexity
1248,249,Mercury_SC_401278,B,B,1,heuristic,B,p4_role
1249,249,Mercury_SC_401278,B,B,1,heuristic,B,p5_fewshot
1250,250,Mercury_SC_407689,D,D,1,json,"{
  ""answer"": ""D""
}",p1_format
1251,250,Mercury_SC_407689,D,D,1,json,"{""answer"": ""D""}",p1_format_soft
1252,250,Mercury_SC_407689,D,D,1,heuristic,D,p2_complexity
1253,250,Mercury_SC_407689,D,D,1,heuristic,D,p4_role
1254,250,Mercury_SC_407689,D,D,1,heuristic,D,p5_fewshot
1255,251,Mercury_7230405,B,B,1,json,"{
  ""answer"": ""B""
}",p1_format
1256,251,Mercury_7230405,B,B,1,json,"{""answer"": ""B""}",p1_format_soft
1257,251,Mercury_7230405,B,B,1,heuristic,B,p2_complexity
1258,251,Mercury_7230405,B,B,1,heuristic,B,p4_role
1259,251,Mercury_7230405,B,B,1,heuristic,Answer: B,p5_fewshot
1260,252,Mercury_SC_405640,A,A,1,json,"{
  ""answer"": ""A""
}",p1_format
1261,252,Mercury_SC_405640,A,A,1,json,"{""answer"": ""A""}",p1_format_soft
1262,252,Mercury_SC_405640,A,A,1,heuristic,A,p2_complexity
1263,252,Mercury_SC_405640,A,A,1,heuristic,A,p4_role
1264,252,Mercury_SC_405640,A,A,1,heuristic,Answer: A,p5_fewshot
1265,253,Mercury_7201775,D,D,1,json,"{
  ""answer"": ""D""
}",p1_format
1266,253,Mercury_7201775,D,D,1,json,"{""answer"": ""D""}",p1_format_soft
1267,253,Mercury_7201775,D,D,1,heuristic,D,p2_complexity
1268,253,Mercury_7201775,D,D,1,heuristic,D,p4_role
1269,253,Mercury_7201775,D,D,1,heuristic,D,p5_fewshot
1270,254,Mercury_7177398,D,D,1,json,"{
  ""answer"": ""D""
}",p1_format
1271,254,Mercury_7177398,D,D,1,json,"{""answer"": ""D""}",p1_format_soft
1272,254,Mercury_7177398,D,D,1,heuristic,D,p2_complexity
1273,254,Mercury_7177398,D,D,1,heuristic,D,p4_role
1274,254,Mercury_7177398,D,D,1,heuristic,D,p5_fewshot
1275,255,Mercury_7041423,A,A,1,json,"{
  ""answer"": ""A""
}",p1_format
1276,255,Mercury_7041423,A,A,1,json,"{""answer"": ""A""}",p1_format_soft
1277,255,Mercury_7041423,A,A,1,heuristic,A,p2_complexity
1278,255,Mercury_7041423,A,A,1,heuristic,A,p4_role
1279,255,Mercury_7041423,A,A,1,heuristic,A,p5_fewshot
1280,256,Mercury_7004743,D,D,1,json,"{
  ""answer"": ""D""
}",p1_format
1281,256,Mercury_7004743,D,D,1,json,"{""answer"": ""D""}",p1_format_soft
1282,256,Mercury_7004743,D,D,1,heuristic,D,p2_complexity
1283,256,Mercury_7004743,D,D,1,heuristic,D,p4_role
1284,256,Mercury_7004743,D,D,1,heuristic,Answer: D,p5_fewshot
1285,257,Mercury_7198468,A,A,1,json,"{""answer"": ""A""}",p1_format
1286,257,Mercury_7198468,A,A,1,json,"{""answer"": ""A""}",p1_format_soft
1287,257,Mercury_7198468,A,A,1,heuristic,A,p2_complexity
1288,257,Mercury_7198468,A,A,1,heuristic,A,p4_role
1289,257,Mercury_7198468,A,A,1,heuristic,A,p5_fewshot
1290,258,MEA_2014_5_11,C,C,1,json,"{
  ""answer"": ""C""
}",p1_format
1291,258,MEA_2014_5_11,C,C,1,json,"{""answer"": ""C""}",p1_format_soft
1292,258,MEA_2014_5_11,C,C,1,heuristic,C,p2_complexity
1293,258,MEA_2014_5_11,C,C,1,heuristic,C,p4_role
1294,258,MEA_2014_5_11,C,C,1,heuristic,C,p5_fewshot
1295,259,Mercury_410602,A,A,1,json,"{
  ""answer"": ""A""
}",p1_format
1296,259,Mercury_410602,A,A,1,json,"{""answer"": ""A""}",p1_format_soft
1297,259,Mercury_410602,A,A,1,heuristic,A,p2_complexity
1298,259,Mercury_410602,A,A,1,heuristic,A,p4_role
1299,259,Mercury_410602,A,A,1,heuristic,Answer: A,p5_fewshot
1300,260,Mercury_7108868,C,C,1,json,"{
  ""answer"": ""C""
}",p1_format
1301,260,Mercury_7108868,C,C,1,json,"{""answer"": ""C""}",p1_format_soft
1302,260,Mercury_7108868,C,C,1,heuristic,C,p2_complexity
1303,260,Mercury_7108868,C,C,1,heuristic,C,p4_role
1304,260,Mercury_7108868,C,C,1,heuristic,C,p5_fewshot
1305,261,Mercury_7033828,D,D,1,json,"{
  ""answer"": ""D""
}",p1_format
1306,261,Mercury_7033828,D,D,1,json,"{""answer"": ""D""}",p1_format_soft
1307,261,Mercury_7033828,D,D,1,heuristic,D,p2_complexity
1308,261,Mercury_7033828,D,D,1,heuristic,D,p4_role
1309,261,Mercury_7033828,D,D,1,heuristic,D,p5_fewshot
1310,262,TIMSS_2007_4_pg19,A,A,1,json,"{
  ""answer"": ""A""
}",p1_format
1311,262,TIMSS_2007_4_pg19,A,A,1,json,"{""answer"": ""A""}",p1_format_soft
1312,262,TIMSS_2007_4_pg19,A,A,1,heuristic,A,p2_complexity
1313,262,TIMSS_2007_4_pg19,A,A,1,heuristic,A,p4_role
1314,262,TIMSS_2007_4_pg19,A,A,1,heuristic,Answer: A,p5_fewshot
1315,263,Mercury_400828,D,D,1,json,"{
  ""answer"": ""D""
}",p1_format
1316,263,Mercury_400828,D,D,1,json,"{""answer"": ""D""}",p1_format_soft
1317,263,Mercury_400828,D,D,1,heuristic,D,p2_complexity
1318,263,Mercury_400828,D,D,1,heuristic,D,p4_role
1319,263,Mercury_400828,D,D,1,heuristic,Answer: D,p5_fewshot
1320,264,VASoL_2008_3_16,B,B,1,json,"{
  ""answer"": ""B""
}",p1_format
1321,264,VASoL_2008_3_16,B,B,1,json,"{""answer"": ""B""}",p1_format_soft
1322,264,VASoL_2008_3_16,B,B,1,heuristic,B,p2_complexity
1323,264,VASoL_2008_3_16,B,B,1,heuristic,B,p4_role
1324,264,VASoL_2008_3_16,B,B,1,heuristic,Answer: B,p5_fewshot
1325,265,LEAP__5_10315,C,C,1,json,"{
  ""answer"": ""C""
}",p1_format
1326,265,LEAP__5_10315,C,C,1,json,"{""answer"": ""C""}",p1_format_soft
1327,265,LEAP__5_10315,C,C,1,heuristic,C,p2_complexity
1328,265,LEAP__5_10315,C,C,1,heuristic,C,p4_role
1329,265,LEAP__5_10315,C,C,1,heuristic,Answer: C,p5_fewshot
1330,266,Mercury_SC_415471,A,A,1,json,"{
  ""answer"": ""A""
}",p1_format
1331,266,Mercury_SC_415471,A,A,1,json,"{""answer"": ""A""}",p1_format_soft
1332,266,Mercury_SC_415471,A,A,1,heuristic,A,p2_complexity
1333,266,Mercury_SC_415471,A,A,1,heuristic,A,p4_role
1334,266,Mercury_SC_415471,A,A,1,heuristic,A,p5_fewshot
1335,267,Mercury_7247065,C,C,1,json,"{
  ""answer"": ""C""
}",p1_format
1336,267,Mercury_7247065,C,C,1,json,"{""answer"": ""C""}",p1_format_soft
1337,267,Mercury_7247065,C,C,1,heuristic,C,p2_complexity
1338,267,Mercury_7247065,C,C,1,heuristic,C,p4_role
1339,267,Mercury_7247065,C,C,1,heuristic,C,p5_fewshot
1340,268,MDSA_2011_5_3,B,B,1,json,"{
  ""answer"": ""B""
}",p1_format
1341,268,MDSA_2011_5_3,B,B,1,json,"{""answer"": ""B""}",p1_format_soft
1342,268,MDSA_2011_5_3,B,B,1,heuristic,B,p2_complexity
1343,268,MDSA_2011_5_3,B,B,1,heuristic,B,p4_role
1344,268,MDSA_2011_5_3,B,B,1,heuristic,Answer: B,p5_fewshot
1345,269,MDSA_2009_5_39,C,C,1,json,"{
  ""answer"": ""C""
}",p1_format
1346,269,MDSA_2009_5_39,C,C,1,json,"{""answer"": ""C""}",p1_format_soft
1347,269,MDSA_2009_5_39,C,C,1,heuristic,C,p2_complexity
1348,269,MDSA_2009_5_39,C,C,1,heuristic,C,p4_role
1349,269,MDSA_2009_5_39,C,C,1,heuristic,C,p5_fewshot
1350,270,Mercury_187198,C,C,1,json,"{
  ""answer"": ""C""
}",p1_format
1351,270,Mercury_187198,C,C,1,json,"{""answer"": ""C""}",p1_format_soft
1352,270,Mercury_187198,C,C,1,heuristic,C,p2_complexity
1353,270,Mercury_187198,C,C,1,heuristic,C,p4_role
1354,270,Mercury_187198,C,C,1,heuristic,Answer: C,p5_fewshot
1355,271,MCAS_2000_4_36,A,A,1,json,"{
  ""answer"": ""A""
}",p1_format
1356,271,MCAS_2000_4_36,A,A,1,json,"{""answer"": ""A""}",p1_format_soft
1357,271,MCAS_2000_4_36,A,A,1,heuristic,A,p2_complexity
1358,271,MCAS_2000_4_36,A,A,1,heuristic,A,p4_role
1359,271,MCAS_2000_4_36,A,A,1,heuristic,A,p5_fewshot
1360,272,Mercury_184100,C,C,1,json,"{
  ""answer"": ""C""
}",p1_format
1361,272,Mercury_184100,C,C,1,json,"{""answer"": ""C""}",p1_format_soft
1362,272,Mercury_184100,C,C,1,heuristic,C,p2_complexity
1363,272,Mercury_184100,C,C,1,heuristic,C,p4_role
1364,272,Mercury_184100,C,C,1,heuristic,Answer: C,p5_fewshot
1365,273,Mercury_LBS10814,B,B,1,json,"{
  ""answer"": ""B""
}",p1_format
1366,273,Mercury_LBS10814,B,B,1,json,"{""answer"": ""B""}",p1_format_soft
1367,273,Mercury_LBS10814,B,B,1,heuristic,B,p2_complexity
1368,273,Mercury_LBS10814,B,B,1,heuristic,B,p4_role
1369,273,Mercury_LBS10814,B,B,1,heuristic,B,p5_fewshot
1370,274,Mercury_SC_408384,B,B,1,json,"{
  ""answer"": ""B""
}",p1_format
1371,274,Mercury_SC_408384,B,B,1,json,"{""answer"": ""B""}",p1_format_soft
1372,274,Mercury_SC_408384,B,B,1,heuristic,B,p2_complexity
1373,274,Mercury_SC_408384,B,B,1,heuristic,B,p4_role
1374,274,Mercury_SC_408384,B,B,1,heuristic,B,p5_fewshot
1375,275,Mercury_7043068,D,D,1,json,"{
  ""answer"": ""D""
}",p1_format
1376,275,Mercury_7043068,D,D,1,json,"{""answer"": ""D""}",p1_format_soft
1377,275,Mercury_7043068,D,D,1,heuristic,D,p2_complexity
1378,275,Mercury_7043068,D,D,1,heuristic,D,p4_role
1379,275,Mercury_7043068,D,D,1,heuristic,D,p5_fewshot
1380,276,Mercury_411071,B,B,1,json,"{
  ""answer"": ""B""
}",p1_format
1381,276,Mercury_411071,B,B,1,json,"{""answer"": ""B""}",p1_format_soft
1382,276,Mercury_411071,B,B,1,heuristic,B,p2_complexity
1383,276,Mercury_411071,B,B,1,heuristic,B,p4_role
1384,276,Mercury_411071,B,B,1,heuristic,B,p5_fewshot
1385,277,NYSEDREGENTS_2010_4_24,B,B,1,json,"{
  ""answer"": ""B""
}",p1_format
1386,277,NYSEDREGENTS_2010_4_24,B,B,1,json,"{""answer"": ""B""}",p1_format_soft
1387,277,NYSEDREGENTS_2010_4_24,B,B,1,heuristic,B,p2_complexity
1388,277,NYSEDREGENTS_2010_4_24,B,B,1,heuristic,B,p4_role
1389,277,NYSEDREGENTS_2010_4_24,B,B,1,heuristic,B,p5_fewshot
1390,278,Mercury_SC_409673,D,D,1,json,"{
  ""answer"": ""D""
}",p1_format
1391,278,Mercury_SC_409673,D,D,1,json,"{""answer"": ""D""}",p1_format_soft
1392,278,Mercury_SC_409673,D,D,1,heuristic,D,p2_complexity
1393,278,Mercury_SC_409673,D,D,1,heuristic,D,p4_role
1394,278,Mercury_SC_409673,D,D,1,heuristic,D,p5_fewshot
1395,279,Mercury_SC_400374,B,B,1,json,"{
  ""answer"": ""B""
}",p1_format
1396,279,Mercury_SC_400374,B,B,1,json,"{""answer"": ""B""}",p1_format_soft
1397,279,Mercury_SC_400374,B,B,1,heuristic,B,p2_complexity
1398,279,Mercury_SC_400374,B,B,1,heuristic,B,p4_role
1399,279,Mercury_SC_400374,B,B,1,heuristic,Answer: B,p5_fewshot
1400,280,CSZ_2009_8_CSZ20740,B,B,1,json,"{
  ""answer"": ""B""
}",p1_format
1401,280,CSZ_2009_8_CSZ20740,B,B,1,json,"{""answer"": ""B""}",p1_format_soft
1402,280,CSZ_2009_8_CSZ20740,B,B,1,heuristic,B,p2_complexity
1403,280,CSZ_2009_8_CSZ20740,B,B,1,heuristic,B,p4_role
1404,280,CSZ_2009_8_CSZ20740,B,B,1,heuristic,Answer: B,p5_fewshot
1405,281,Mercury_SC_406482,D,D,1,json,"{
  ""answer"": ""D""
}",p1_format
1406,281,Mercury_SC_406482,D,D,1,json,"{""answer"": ""D""}",p1_format_soft
1407,281,Mercury_SC_406482,D,D,1,heuristic,D,p2_complexity
1408,281,Mercury_SC_406482,D,D,1,heuristic,D,p4_role
1409,281,Mercury_SC_406482,D,D,1,heuristic,D,p5_fewshot
1410,282,OHAT_2007_8_24,A,A,1,json,"{
  ""answer"": ""A""
}",p1_format
1411,282,OHAT_2007_8_24,A,A,1,json,"{""answer"": ""A""}",p1_format_soft
1412,282,OHAT_2007_8_24,A,A,1,heuristic,A,p2_complexity
1413,282,OHAT_2007_8_24,A,A,1,heuristic,A,p4_role
1414,282,OHAT_2007_8_24,A,A,1,heuristic,A,p5_fewshot
1415,283,Mercury_188335,B,B,1,json,"{
  ""answer"": ""B""
}",p1_format
1416,283,Mercury_188335,B,B,1,json,"{""answer"": ""B""}",p1_format_soft
1417,283,Mercury_188335,B,B,1,heuristic,B,p2_complexity
1418,283,Mercury_188335,B,B,1,heuristic,B,p4_role
1419,283,Mercury_188335,B,B,1,heuristic,B,p5_fewshot
1420,284,Mercury_7128555,B,B,1,json,"{
  ""answer"": ""B""
}",p1_format
1421,284,Mercury_7128555,B,B,1,json,"{""answer"": ""B""}",p1_format_soft
1422,284,Mercury_7128555,B,B,1,heuristic,B,p2_complexity
1423,284,Mercury_7128555,B,B,1,heuristic,B,p4_role
1424,284,Mercury_7128555,B,B,1,heuristic,B,p5_fewshot
1425,285,Mercury_407517,C,C,1,json,"{
  ""answer"": ""C""
}",p1_format
1426,285,Mercury_407517,C,C,1,json,"{""answer"": ""C""}",p1_format_soft
1427,285,Mercury_407517,C,C,1,heuristic,C,p2_complexity
1428,285,Mercury_407517,C,C,1,heuristic,C,p4_role
1429,285,Mercury_407517,C,C,1,heuristic,Answer: C,p5_fewshot
1430,286,Mercury_405950,C,C,1,json,"{
  ""answer"": ""C""
}",p1_format
1431,286,Mercury_405950,C,C,1,json,"{""answer"": ""C""}",p1_format_soft
1432,286,Mercury_405950,C,C,1,heuristic,C,p2_complexity
1433,286,Mercury_405950,C,C,1,heuristic,C,p4_role
1434,286,Mercury_405950,C,C,1,heuristic,C,p5_fewshot
1435,287,MCAS_2004_9_5,C,C,1,json,"{
  ""answer"": ""C""
}",p1_format
1436,287,MCAS_2004_9_5,C,C,1,json,"{""answer"": ""C""}",p1_format_soft
1437,287,MCAS_2004_9_5,C,C,1,heuristic,C,p2_complexity
1438,287,MCAS_2004_9_5,C,C,1,heuristic,C,p4_role
1439,287,MCAS_2004_9_5,C,C,1,heuristic,Answer: C,p5_fewshot
1440,288,NCEOGA_2013_8_28,B,B,1,json,"{
  ""answer"": ""B""
}",p1_format
1441,288,NCEOGA_2013_8_28,B,B,1,json,"{""answer"": ""B""}",p1_format_soft
1442,288,NCEOGA_2013_8_28,B,B,1,heuristic,B,p2_complexity
1443,288,NCEOGA_2013_8_28,B,B,1,heuristic,B,p4_role
1444,288,NCEOGA_2013_8_28,B,B,1,heuristic,Answer: B,p5_fewshot
1445,289,Mercury_SC_406451,C,C,1,json,"{
  ""answer"": ""C""
}",p1_format
1446,289,Mercury_SC_406451,C,C,1,json,"{""answer"": ""C""}",p1_format_soft
1447,289,Mercury_SC_406451,C,C,1,heuristic,C,p2_complexity
1448,289,Mercury_SC_406451,C,C,1,heuristic,C,p4_role
1449,289,Mercury_SC_406451,C,C,1,heuristic,C,p5_fewshot
1450,290,Mercury_7109323,D,D,1,json,"{
  ""answer"": ""D""
}",p1_format
1451,290,Mercury_7109323,D,D,1,json,"{""answer"": ""D""}",p1_format_soft
1452,290,Mercury_7109323,D,D,1,heuristic,D,p2_complexity
1453,290,Mercury_7109323,D,D,1,heuristic,D,p4_role
1454,290,Mercury_7109323,D,D,1,heuristic,Answer: D,p5_fewshot
1455,291,Mercury_404132,B,B,1,json,"{
  ""answer"": ""B""
}",p1_format
1456,291,Mercury_404132,B,B,1,json,"{""answer"": ""B""}",p1_format_soft
1457,291,Mercury_404132,B,B,1,heuristic,B,p2_complexity
1458,291,Mercury_404132,B,B,1,heuristic,B,p4_role
1459,291,Mercury_404132,B,B,1,heuristic,B,p5_fewshot
1460,292,Mercury_7210210,C,C,1,json,"{
  ""answer"": ""C""
}",p1_format
1461,292,Mercury_7210210,C,C,1,json,"{""answer"": ""C""}",p1_format_soft
1462,292,Mercury_7210210,C,C,1,heuristic,C,p2_complexity
1463,292,Mercury_7210210,C,C,1,heuristic,C,p4_role
1464,292,Mercury_7210210,C,C,1,heuristic,Answer: C,p5_fewshot
1465,293,Mercury_SC_408042,B,B,1,json,"{
  ""answer"": ""B""
}",p1_format
1466,293,Mercury_SC_408042,B,B,1,json,"{""answer"": ""B""}",p1_format_soft
1467,293,Mercury_SC_408042,B,B,1,heuristic,B,p2_complexity
1468,293,Mercury_SC_408042,B,B,1,heuristic,B,p4_role
1469,293,Mercury_SC_408042,B,B,1,heuristic,B,p5_fewshot
1470,294,MCAS_2004_8_14,C,C,1,json,"{
  ""answer"": ""C""
}",p1_format
1471,294,MCAS_2004_8_14,C,C,1,json,"{""answer"": ""C""}",p1_format_soft
1472,294,MCAS_2004_8_14,C,C,1,heuristic,C,p2_complexity
1473,294,MCAS_2004_8_14,C,C,1,heuristic,C,p4_role
1474,294,MCAS_2004_8_14,C,C,1,heuristic,C,p5_fewshot
1475,295,TIMSS_2011_4_pg5,B,B,1,json,"{
  ""answer"": ""B""
}",p1_format
1476,295,TIMSS_2011_4_pg5,B,B,1,json,"{""answer"": ""B""}",p1_format_soft
1477,295,TIMSS_2011_4_pg5,B,B,1,heuristic,B,p2_complexity
1478,295,TIMSS_2011_4_pg5,B,B,1,heuristic,B,p4_role
1479,295,TIMSS_2011_4_pg5,B,B,1,heuristic,B,p5_fewshot
1480,296,Mercury_SC_406833,C,C,1,json,"{
  ""answer"": ""C""
}",p1_format
1481,296,Mercury_SC_406833,C,C,1,json,"{""answer"": ""C""}",p1_format_soft
1482,296,Mercury_SC_406833,C,C,1,heuristic,C,p2_complexity
1483,296,Mercury_SC_406833,C,C,1,heuristic,C,p4_role
1484,296,Mercury_SC_406833,C,C,1,heuristic,C,p5_fewshot
1485,297,Mercury_7029558,C,C,1,json,"{
  ""answer"": ""C""
}",p1_format
1486,297,Mercury_7029558,C,C,1,json,"{""answer"": ""C""}",p1_format_soft
1487,297,Mercury_7029558,C,C,1,heuristic,C,p2_complexity
1488,297,Mercury_7029558,C,C,1,heuristic,C,p4_role
1489,297,Mercury_7029558,C,C,1,heuristic,C,p5_fewshot
1490,298,Mercury_7138390,B,B,1,json,"{
  ""answer"": ""B""
}",p1_format
1491,298,Mercury_7138390,B,B,1,json,"{""answer"": ""B""}",p1_format_soft
1492,298,Mercury_7138390,B,B,1,heuristic,B,p2_complexity
1493,298,Mercury_7138390,B,B,1,heuristic,B,p4_role
1494,298,Mercury_7138390,B,B,1,heuristic,B,p5_fewshot
1495,299,MEAP_2005_5_12,A,A,1,json,"{
  ""answer"": ""A""
}",p1_format
1496,299,MEAP_2005_5_12,A,A,1,json,"{""answer"": ""A""}",p1_format_soft
1497,299,MEAP_2005_5_12,A,A,1,heuristic,A,p2_complexity
1498,299,MEAP_2005_5_12,A,A,1,heuristic,A,p4_role
1499,299,MEAP_2005_5_12,A,A,1,heuristic,Answer: A,p5_fewshot
1500,300,MCAS_2000_4_30,D,A,0,json,"{
  ""answer"": ""A""
}",p1_format
1501,300,MCAS_2000_4_30,D,D,1,json,"{""answer"": ""D""}",p1_format_soft
1502,300,MCAS_2000_4_30,D,D,1,heuristic,D,p2_complexity
1503,300,MCAS_2000_4_30,D,D,1,heuristic,D,p4_role
1504,300,MCAS_2000_4_30,D,D,1,heuristic,D,p5_fewshot
1505,301,MCAS_1998_4_12,C,C,1,json,"{
  ""answer"": ""C""
}",p1_format
1506,301,MCAS_1998_4_12,C,C,1,json,"{""answer"": ""C""}",p1_format_soft
1507,301,MCAS_1998_4_12,C,C,1,heuristic,C,p2_complexity
1508,301,MCAS_1998_4_12,C,C,1,heuristic,C,p4_role
1509,301,MCAS_1998_4_12,C,C,1,heuristic,C,p5_fewshot
1510,302,Mercury_175840,B,B,1,json,"{
  ""answer"": ""B""
}",p1_format
1511,302,Mercury_175840,B,B,1,json,"{""answer"": ""B""}",p1_format_soft
1512,302,Mercury_175840,B,B,1,heuristic,B,p2_complexity
1513,302,Mercury_175840,B,B,1,heuristic,B,p4_role
1514,302,Mercury_175840,B,B,1,heuristic,Answer: B,p5_fewshot
1515,303,Mercury_7099190,C,C,1,json,"{
  ""answer"": ""C""
}",p1_format
1516,303,Mercury_7099190,C,C,1,json,"{""answer"": ""C""}",p1_format_soft
1517,303,Mercury_7099190,C,C,1,heuristic,C,p2_complexity
1518,303,Mercury_7099190,C,C,1,heuristic,C,p4_role
1519,303,Mercury_7099190,C,C,1,heuristic,C,p5_fewshot
1520,304,Mercury_SC_401605,A,A,1,json,"{
  ""answer"": ""A""
}",p1_format
1521,304,Mercury_SC_401605,A,A,1,json,"{""answer"": ""A""}",p1_format_soft
1522,304,Mercury_SC_401605,A,A,1,heuristic,A,p2_complexity
1523,304,Mercury_SC_401605,A,A,1,heuristic,A,p4_role
1524,304,Mercury_SC_401605,A,A,1,heuristic,A,p5_fewshot
1525,305,TAKS_2009_5_36,A,A,1,json,"{
  ""answer"": ""A""
}",p1_format
1526,305,TAKS_2009_5_36,A,A,1,json,"{""answer"": ""A""}",p1_format_soft
1527,305,TAKS_2009_5_36,A,A,1,heuristic,A,p2_complexity
1528,305,TAKS_2009_5_36,A,A,1,heuristic,A,p4_role
1529,305,TAKS_2009_5_36,A,A,1,heuristic,Answer: A,p5_fewshot
1530,306,Mercury_7171570,D,D,1,json,"{
  ""answer"": ""D""
}",p1_format
1531,306,Mercury_7171570,D,D,1,json,"{""answer"": ""D""}",p1_format_soft
1532,306,Mercury_7171570,D,D,1,heuristic,D,p2_complexity
1533,306,Mercury_7171570,D,D,1,heuristic,D,p4_role
1534,306,Mercury_7171570,D,D,1,heuristic,Answer: D,p5_fewshot
1535,307,Mercury_SC_402057,C,C,1,json,"{
  ""answer"": ""C""
}",p1_format
1536,307,Mercury_SC_402057,C,C,1,json,"{""answer"": ""C""}",p1_format_soft
1537,307,Mercury_SC_402057,C,C,1,heuristic,C,p2_complexity
1538,307,Mercury_SC_402057,C,C,1,heuristic,C,p4_role
1539,307,Mercury_SC_402057,C,C,1,heuristic,Answer: C,p5_fewshot
1540,308,Mercury_SC_413628,C,C,1,json,"{
  ""answer"": ""C""
}",p1_format
1541,308,Mercury_SC_413628,C,C,1,json,"{""answer"": ""C""}",p1_format_soft
1542,308,Mercury_SC_413628,C,C,1,heuristic,C,p2_complexity
1543,308,Mercury_SC_413628,C,C,1,heuristic,C,p4_role
1544,308,Mercury_SC_413628,C,C,1,heuristic,Answer: C,p5_fewshot
1545,309,Mercury_LBS10131,C,C,1,json,"{
  ""answer"": ""C""
}",p1_format
1546,309,Mercury_LBS10131,C,C,1,json,"{""answer"": ""C""}",p1_format_soft
1547,309,Mercury_LBS10131,C,C,1,heuristic,C,p2_complexity
1548,309,Mercury_LBS10131,C,C,1,heuristic,C,p4_role
1549,309,Mercury_LBS10131,C,C,1,heuristic,Answer: C,p5_fewshot
1550,310,Mercury_7032428,B,B,1,json,"{""answer"": ""B""}",p1_format
1551,310,Mercury_7032428,B,D,0,json,"{""answer"": ""D""}",p1_format_soft
1552,310,Mercury_7032428,B,B,1,heuristic,B,p2_complexity
1553,310,Mercury_7032428,B,D,0,heuristic,D,p4_role
1554,310,Mercury_7032428,B,D,0,heuristic,D,p5_fewshot
1555,311,Mercury_7025008,A,A,1,json,"{
  ""answer"": ""A""
}",p1_format
1556,311,Mercury_7025008,A,A,1,json,"{""answer"": ""A""}",p1_format_soft
1557,311,Mercury_7025008,A,A,1,heuristic,A,p2_complexity
1558,311,Mercury_7025008,A,A,1,heuristic,A,p4_role
1559,311,Mercury_7025008,A,A,1,heuristic,A,p5_fewshot
1560,312,MEA_2011_8_19,D,D,1,json,"{
  ""answer"": ""D""
}",p1_format
1561,312,MEA_2011_8_19,D,D,1,json,"{""answer"": ""D""}",p1_format_soft
1562,312,MEA_2011_8_19,D,D,1,heuristic,D,p2_complexity
1563,312,MEA_2011_8_19,D,D,1,heuristic,D,p4_role
1564,312,MEA_2011_8_19,D,D,1,heuristic,D,p5_fewshot
1565,313,NYSEDREGENTS_2008_8_27,C,C,1,json,"{
  ""answer"": ""C""
}",p1_format
1566,313,NYSEDREGENTS_2008_8_27,C,C,1,json,"{""answer"": ""C""}",p1_format_soft
1567,313,NYSEDREGENTS_2008_8_27,C,C,1,heuristic,C,p2_complexity
1568,313,NYSEDREGENTS_2008_8_27,C,C,1,heuristic,C,p4_role
1569,313,NYSEDREGENTS_2008_8_27,C,C,1,heuristic,C,p5_fewshot
1570,314,VASoL_2007_5_22,B,B,1,json,"{
  ""answer"": ""B""
}",p1_format
1571,314,VASoL_2007_5_22,B,B,1,json,"{""answer"": ""B""}",p1_format_soft
1572,314,VASoL_2007_5_22,B,B,1,heuristic,B,p2_complexity
1573,314,VASoL_2007_5_22,B,B,1,heuristic,B,p4_role
1574,314,VASoL_2007_5_22,B,B,1,heuristic,B,p5_fewshot
1575,315,NCEOGA_2013_5_19,A,A,1,json,"{
  ""answer"": ""A""
}",p1_format
1576,315,NCEOGA_2013_5_19,A,A,1,json,"{""answer"": ""A""}",p1_format_soft
1577,315,NCEOGA_2013_5_19,A,A,1,heuristic,A,p2_complexity
1578,315,NCEOGA_2013_5_19,A,A,1,heuristic,A,p4_role
1579,315,NCEOGA_2013_5_19,A,A,1,heuristic,A,p5_fewshot
1580,316,Mercury_7037555,C,C,1,json,"{
  ""answer"": ""C""
}",p1_format
1581,316,Mercury_7037555,C,C,1,json,"{""answer"": ""C""}",p1_format_soft
1582,316,Mercury_7037555,C,C,1,heuristic,C,p2_complexity
1583,316,Mercury_7037555,C,C,1,heuristic,C,p4_role
1584,316,Mercury_7037555,C,C,1,heuristic,C,p5_fewshot
1585,317,Mercury_402132,B,B,1,json,"{
  ""answer"": ""B""
}",p1_format
1586,317,Mercury_402132,B,B,1,json,"{""answer"": ""B""}",p1_format_soft
1587,317,Mercury_402132,B,B,1,heuristic,B,p2_complexity
1588,317,Mercury_402132,B,B,1,heuristic,B,p4_role
1589,317,Mercury_402132,B,B,1,heuristic,B,p5_fewshot
1590,318,MCAS_2006_8_24,A,A,1,json,"{
  ""answer"": ""A""
}",p1_format
1591,318,MCAS_2006_8_24,A,A,1,json,"{""answer"": ""A""}",p1_format_soft
1592,318,MCAS_2006_8_24,A,A,1,heuristic,A,p2_complexity
1593,318,MCAS_2006_8_24,A,A,1,heuristic,A,p4_role
1594,318,MCAS_2006_8_24,A,A,1,heuristic,A,p5_fewshot
1595,319,Mercury_7128923,B,D,0,json,"{
  ""answer"": ""D""
}",p1_format
1596,319,Mercury_7128923,B,D,0,json,"{""answer"": ""D""}",p1_format_soft
1597,319,Mercury_7128923,B,D,0,heuristic,D,p2_complexity
1598,319,Mercury_7128923,B,D,0,heuristic,D,p4_role
1599,319,Mercury_7128923,B,D,0,heuristic,D,p5_fewshot
1600,320,Mercury_416379,A,A,1,json,"{""answer"": ""A""}",p1_format
1601,320,Mercury_416379,A,A,1,json,"{""answer"": ""A""}",p1_format_soft
1602,320,Mercury_416379,A,A,1,heuristic,A,p2_complexity
1603,320,Mercury_416379,A,A,1,heuristic,A,p4_role
1604,320,Mercury_416379,A,A,1,heuristic,A,p5_fewshot
1605,321,Mercury_7168053,C,C,1,json,"{
  ""answer"": ""C""
}",p1_format
1606,321,Mercury_7168053,C,C,1,json,"{""answer"": ""C""}",p1_format_soft
1607,321,Mercury_7168053,C,C,1,heuristic,C,p2_complexity
1608,321,Mercury_7168053,C,C,1,heuristic,C,p4_role
1609,321,Mercury_7168053,C,C,1,heuristic,C,p5_fewshot
1610,322,AKDE&ED_2008_8_1,A,A,1,json,"{
  ""answer"": ""A""
}",p1_format
1611,322,AKDE&ED_2008_8_1,A,A,1,json,"{""answer"": ""A""}",p1_format_soft
1612,322,AKDE&ED_2008_8_1,A,A,1,heuristic,A,p2_complexity
1613,322,AKDE&ED_2008_8_1,A,A,1,heuristic,A,p4_role
1614,322,AKDE&ED_2008_8_1,A,A,1,heuristic,Answer: A,p5_fewshot
1615,323,Mercury_SC_415476,B,B,1,json,"{
  ""answer"": ""B""
}",p1_format
1616,323,Mercury_SC_415476,B,B,1,json,"{""answer"": ""B""}",p1_format_soft
1617,323,Mercury_SC_415476,B,B,1,heuristic,B,p2_complexity
1618,323,Mercury_SC_415476,B,B,1,heuristic,B,p4_role
1619,323,Mercury_SC_415476,B,B,1,heuristic,Answer: B,p5_fewshot
1620,324,Mercury_7106960,A,A,1,json,"{
  ""answer"": ""A""
}",p1_format
1621,324,Mercury_7106960,A,A,1,json,"{""answer"": ""A""}",p1_format_soft
1622,324,Mercury_7106960,A,A,1,heuristic,A,p2_complexity
1623,324,Mercury_7106960,A,A,1,heuristic,A,p4_role
1624,324,Mercury_7106960,A,A,1,heuristic,Answer: A,p5_fewshot
1625,325,Mercury_7160563,C,C,1,json,"{
  ""answer"": ""C""
}",p1_format
1626,325,Mercury_7160563,C,C,1,json,"{""answer"": ""C""}",p1_format_soft
1627,325,Mercury_7160563,C,C,1,heuristic,C,p2_complexity
1628,325,Mercury_7160563,C,C,1,heuristic,C,p4_role
1629,325,Mercury_7160563,C,C,1,heuristic,C,p5_fewshot
1630,326,Mercury_7068583,B,B,1,json,"{
  ""answer"": ""B""
}",p1_format
1631,326,Mercury_7068583,B,B,1,json,"{""answer"": ""B""}",p1_format_soft
1632,326,Mercury_7068583,B,B,1,heuristic,B,p2_complexity
1633,326,Mercury_7068583,B,B,1,heuristic,B,p4_role
1634,326,Mercury_7068583,B,B,1,heuristic,Answer: B,p5_fewshot
1635,327,Mercury_404638,D,D,1,json,"{
  ""answer"": ""D""
}",p1_format
1636,327,Mercury_404638,D,D,1,json,"{""answer"": ""D""}",p1_format_soft
1637,327,Mercury_404638,D,D,1,heuristic,D,p2_complexity
1638,327,Mercury_404638,D,D,1,heuristic,D,p4_role
1639,327,Mercury_404638,D,D,1,heuristic,Answer: D,p5_fewshot
1640,328,Mercury_SC_407138,A,A,1,json,"{
  ""answer"": ""A""
}",p1_format
1641,328,Mercury_SC_407138,A,A,1,json,"{""answer"": ""A""}",p1_format_soft
1642,328,Mercury_SC_407138,A,A,1,heuristic,A,p2_complexity
1643,328,Mercury_SC_407138,A,A,1,heuristic,A,p4_role
1644,328,Mercury_SC_407138,A,A,1,heuristic,A,p5_fewshot
1645,329,MCAS_2000_4_10,D,D,1,json,"{
  ""answer"": ""D""
}",p1_format
1646,329,MCAS_2000_4_10,D,D,1,json,"{""answer"": ""D""}",p1_format_soft
1647,329,MCAS_2000_4_10,D,D,1,heuristic,D,p2_complexity
1648,329,MCAS_2000_4_10,D,D,1,heuristic,D,p4_role
1649,329,MCAS_2000_4_10,D,D,1,heuristic,D,p5_fewshot
1650,330,Mercury_177748,D,B,0,json,"{
  ""answer"": ""B""
}",p1_format
1651,330,Mercury_177748,D,B,0,json,"{""answer"": ""B""}",p1_format_soft
1652,330,Mercury_177748,D,B,0,heuristic,B,p2_complexity
1653,330,Mercury_177748,D,B,0,heuristic,B,p4_role
1654,330,Mercury_177748,D,B,0,heuristic,B,p5_fewshot
1655,331,MCAS_2004_9_21-v1,C,C,1,json,"{
  ""answer"": ""C""
}",p1_format
1656,331,MCAS_2004_9_21-v1,C,C,1,json,"{""answer"": ""C""}",p1_format_soft
1657,331,MCAS_2004_9_21-v1,C,C,1,heuristic,C,p2_complexity
1658,331,MCAS_2004_9_21-v1,C,C,1,heuristic,C,p4_role
1659,331,MCAS_2004_9_21-v1,C,C,1,heuristic,C,p5_fewshot
1660,332,MDSA_2007_5_16,A,A,1,json,"{
  ""answer"": ""A""
}",p1_format
1661,332,MDSA_2007_5_16,A,A,1,json,"{""answer"": ""A""}",p1_format_soft
1662,332,MDSA_2007_5_16,A,A,1,heuristic,A,p2_complexity
1663,332,MDSA_2007_5_16,A,A,1,heuristic,A,p4_role
1664,332,MDSA_2007_5_16,A,A,1,heuristic,A,p5_fewshot
1665,333,Mercury_401763,B,B,1,json,"{
  ""answer"": ""B""
}",p1_format
1666,333,Mercury_401763,B,B,1,json,"{""answer"": ""B""}",p1_format_soft
1667,333,Mercury_401763,B,B,1,heuristic,B,p2_complexity
1668,333,Mercury_401763,B,B,1,heuristic,B,p4_role
1669,333,Mercury_401763,B,B,1,heuristic,B,p5_fewshot
1670,334,Mercury_7268118,C,C,1,json,"{
  ""answer"": ""C""
}",p1_format
1671,334,Mercury_7268118,C,C,1,json,"{""answer"": ""C""}",p1_format_soft
1672,334,Mercury_7268118,C,C,1,heuristic,C,p2_complexity
1673,334,Mercury_7268118,C,C,1,heuristic,C,p4_role
1674,334,Mercury_7268118,C,C,1,heuristic,C,p5_fewshot
1675,335,Mercury_403232,D,D,1,json,"{
  ""answer"": ""D""
}",p1_format
1676,335,Mercury_403232,D,D,1,json,"{""answer"": ""D""}",p1_format_soft
1677,335,Mercury_403232,D,D,1,heuristic,D,p2_complexity
1678,335,Mercury_403232,D,D,1,heuristic,D,p4_role
1679,335,Mercury_403232,D,D,1,heuristic,Answer: D,p5_fewshot
1680,336,Mercury_415081,A,A,1,json,"{
  ""answer"": ""A""
}",p1_format
1681,336,Mercury_415081,A,A,1,json,"{""answer"": ""A""}",p1_format_soft
1682,336,Mercury_415081,A,A,1,heuristic,A,p2_complexity
1683,336,Mercury_415081,A,A,1,heuristic,A,p4_role
1684,336,Mercury_415081,A,A,1,heuristic,Answer: A,p5_fewshot
1685,337,Mercury_7206378,B,B,1,json,"{
  ""answer"": ""B""
}",p1_format
1686,337,Mercury_7206378,B,B,1,json,"{""answer"": ""B""}",p1_format_soft
1687,337,Mercury_7206378,B,B,1,heuristic,B,p2_complexity
1688,337,Mercury_7206378,B,B,1,heuristic,B,p4_role
1689,337,Mercury_7206378,B,B,1,heuristic,Answer: B,p5_fewshot
1690,338,CSZ30169,A,A,1,json,"{
  ""answer"": ""A""
}",p1_format
1691,338,CSZ30169,A,A,1,json,"{""answer"": ""A""}",p1_format_soft
1692,338,CSZ30169,A,A,1,heuristic,A,p2_complexity
1693,338,CSZ30169,A,A,1,heuristic,A,p4_role
1694,338,CSZ30169,A,A,1,heuristic,Answer: A,p5_fewshot
1695,339,Mercury_7013948,D,D,1,json,"{
  ""answer"": ""D""
}",p1_format
1696,339,Mercury_7013948,D,D,1,json,"{""answer"": ""D""}",p1_format_soft
1697,339,Mercury_7013948,D,D,1,heuristic,D,p2_complexity
1698,339,Mercury_7013948,D,D,1,heuristic,D,p4_role
1699,339,Mercury_7013948,D,D,1,heuristic,D,p5_fewshot
1700,340,Mercury_SC_402164,C,C,1,json,"{
  ""answer"": ""C""
}",p1_format
1701,340,Mercury_SC_402164,C,C,1,json,"{""answer"": ""C""}",p1_format_soft
1702,340,Mercury_SC_402164,C,C,1,heuristic,C,p2_complexity
1703,340,Mercury_SC_402164,C,C,1,heuristic,C,p4_role
1704,340,Mercury_SC_402164,C,C,1,heuristic,C,p5_fewshot
1705,341,Mercury_400880,C,C,1,json,"{
  ""answer"": ""C""
}",p1_format
1706,341,Mercury_400880,C,C,1,json,"{""answer"": ""C""}",p1_format_soft
1707,341,Mercury_400880,C,C,1,heuristic,C,p2_complexity
1708,341,Mercury_400880,C,C,1,heuristic,C,p4_role
1709,341,Mercury_400880,C,C,1,heuristic,C,p5_fewshot
1710,342,Mercury_7040793,B,B,1,json,"{
  ""answer"": ""B""
}",p1_format
1711,342,Mercury_7040793,B,B,1,json,"{""answer"": ""B""}",p1_format_soft
1712,342,Mercury_7040793,B,B,1,heuristic,B,p2_complexity
1713,342,Mercury_7040793,B,B,1,heuristic,B,p4_role
1714,342,Mercury_7040793,B,B,1,heuristic,Answer: B,p5_fewshot
1715,343,MDSA_2010_5_29,D,D,1,json,"{
  ""answer"": ""D""
}",p1_format
1716,343,MDSA_2010_5_29,D,D,1,json,"{""answer"": ""D""}",p1_format_soft
1717,343,MDSA_2010_5_29,D,D,1,heuristic,D,p2_complexity
1718,343,MDSA_2010_5_29,D,D,1,heuristic,D,p4_role
1719,343,MDSA_2010_5_29,D,D,1,heuristic,D,p5_fewshot
1720,344,LEAP__8_10365,A,A,1,json,"{
  ""answer"": ""A""
}",p1_format
1721,344,LEAP__8_10365,A,A,1,json,"{""answer"": ""A""}",p1_format_soft
1722,344,LEAP__8_10365,A,A,1,heuristic,A,p2_complexity
1723,344,LEAP__8_10365,A,A,1,heuristic,A,p4_role
1724,344,LEAP__8_10365,A,A,1,heuristic,A,p5_fewshot
1725,345,Mercury_SC_401295,B,B,1,json,"{
  ""answer"": ""B""
}",p1_format
1726,345,Mercury_SC_401295,B,B,1,json,"{""answer"": ""B""}",p1_format_soft
1727,345,Mercury_SC_401295,B,B,1,heuristic,B,p2_complexity
1728,345,Mercury_SC_401295,B,B,1,heuristic,B,p4_role
1729,345,Mercury_SC_401295,B,B,1,heuristic,B,p5_fewshot
1730,346,MCAS_2012_5_23625,C,C,1,json,"{
  ""answer"": ""C""
}",p1_format
1731,346,MCAS_2012_5_23625,C,C,1,json,"{""answer"": ""C""}",p1_format_soft
1732,346,MCAS_2012_5_23625,C,C,1,heuristic,C,p2_complexity
1733,346,MCAS_2012_5_23625,C,C,1,heuristic,C,p4_role
1734,346,MCAS_2012_5_23625,C,C,1,heuristic,Answer: C,p5_fewshot
1735,347,Mercury_7268048,C,C,1,json,"{
  ""answer"": ""C""
}",p1_format
1736,347,Mercury_7268048,C,C,1,json,"{""answer"": ""C""}",p1_format_soft
1737,347,Mercury_7268048,C,C,1,heuristic,C,p2_complexity
1738,347,Mercury_7268048,C,C,1,heuristic,C,p4_role
1739,347,Mercury_7268048,C,C,1,heuristic,C,p5_fewshot
1740,348,Mercury_SC_402629,A,A,1,json,"{
  ""answer"": ""A""
}",p1_format
1741,348,Mercury_SC_402629,A,A,1,json,"{""answer"": ""A""}",p1_format_soft
1742,348,Mercury_SC_402629,A,A,1,heuristic,A,p2_complexity
1743,348,Mercury_SC_402629,A,A,1,heuristic,A,p4_role
1744,348,Mercury_SC_402629,A,A,1,heuristic,A,p5_fewshot
1745,349,NCEOGA_2013_8_42,D,D,1,json,"{
  ""answer"": ""D""
}",p1_format
1746,349,NCEOGA_2013_8_42,D,D,1,json,"{""answer"": ""D""}",p1_format_soft
1747,349,NCEOGA_2013_8_42,D,D,1,heuristic,D,p2_complexity
1748,349,NCEOGA_2013_8_42,D,D,1,heuristic,D,p4_role
1749,349,NCEOGA_2013_8_42,D,D,1,heuristic,D,p5_fewshot
1750,350,Mercury_412463,D,D,1,json,"{
  ""answer"": ""D""
}",p1_format
1751,350,Mercury_412463,D,D,1,json,"{""answer"": ""D""}",p1_format_soft
1752,350,Mercury_412463,D,D,1,heuristic,D,p2_complexity
1753,350,Mercury_412463,D,D,1,heuristic,D,p4_role
1754,350,Mercury_412463,D,D,1,heuristic,D,p5_fewshot
1755,351,Mercury_409295,B,B,1,json,"{
  ""answer"": ""B""
}",p1_format
1756,351,Mercury_409295,B,B,1,json,"{""answer"": ""B""}",p1_format_soft
1757,351,Mercury_409295,B,B,1,heuristic,B,p2_complexity
1758,351,Mercury_409295,B,B,1,heuristic,B,p4_role
1759,351,Mercury_409295,B,B,1,heuristic,B,p5_fewshot
1760,352,Mercury_404609,D,D,1,json,"{
  ""answer"": ""D""
}",p1_format
1761,352,Mercury_404609,D,D,1,json,"{""answer"": ""D""}",p1_format_soft
1762,352,Mercury_404609,D,D,1,heuristic,D,p2_complexity
1763,352,Mercury_404609,D,D,1,heuristic,D,p4_role
1764,352,Mercury_404609,D,D,1,heuristic,D,p5_fewshot
1765,353,Mercury_7230090,C,C,1,json,"{
  ""answer"": ""C""
}",p1_format
1766,353,Mercury_7230090,C,C,1,json,"{""answer"": ""C""}",p1_format_soft
1767,353,Mercury_7230090,C,C,1,heuristic,C,p2_complexity
1768,353,Mercury_7230090,C,C,1,heuristic,C,p4_role
1769,353,Mercury_7230090,C,C,1,heuristic,C,p5_fewshot
1770,354,Mercury_7057488,D,D,1,json,"{
  ""answer"": ""D""
}",p1_format
1771,354,Mercury_7057488,D,D,1,json,"{""answer"": ""D""}",p1_format_soft
1772,354,Mercury_7057488,D,D,1,heuristic,D,p2_complexity
1773,354,Mercury_7057488,D,D,1,heuristic,D,p4_role
1774,354,Mercury_7057488,D,D,1,heuristic,D,p5_fewshot
1775,355,MDSA_2009_4_1,D,D,1,json,"{
  ""answer"": ""D""
}",p1_format
1776,355,MDSA_2009_4_1,D,D,1,json,"{""answer"": ""D""}",p1_format_soft
1777,355,MDSA_2009_4_1,D,D,1,heuristic,D,p2_complexity
1778,355,MDSA_2009_4_1,D,D,1,heuristic,D,p4_role
1779,355,MDSA_2009_4_1,D,D,1,heuristic,Answer: D,p5_fewshot
1780,356,Mercury_7150728,A,A,1,json,"{
  ""answer"": ""A""
}",p1_format
1781,356,Mercury_7150728,A,A,1,json,"{""answer"": ""A""}",p1_format_soft
1782,356,Mercury_7150728,A,A,1,heuristic,A,p2_complexity
1783,356,Mercury_7150728,A,A,1,heuristic,A,p4_role
1784,356,Mercury_7150728,A,A,1,heuristic,A,p5_fewshot
1785,357,Mercury_402207,B,B,1,json,"{
  ""answer"": ""B""
}",p1_format
1786,357,Mercury_402207,B,B,1,json,"{""answer"": ""B""}",p1_format_soft
1787,357,Mercury_402207,B,B,1,heuristic,B,p2_complexity
1788,357,Mercury_402207,B,B,1,heuristic,B,p4_role
1789,357,Mercury_402207,B,B,1,heuristic,B,p5_fewshot
1790,358,Mercury_411732,D,D,1,json,"{
  ""answer"": ""D""
}",p1_format
1791,358,Mercury_411732,D,D,1,json,"{""answer"": ""D""}",p1_format_soft
1792,358,Mercury_411732,D,D,1,heuristic,D,p2_complexity
1793,358,Mercury_411732,D,D,1,heuristic,D,p4_role
1794,358,Mercury_411732,D,D,1,heuristic,D,p5_fewshot
1795,359,Mercury_7270113,C,C,1,json,"{
  ""answer"": ""C""
}",p1_format
1796,359,Mercury_7270113,C,C,1,json,"{""answer"": ""C""}",p1_format_soft
1797,359,Mercury_7270113,C,C,1,heuristic,C,p2_complexity
1798,359,Mercury_7270113,C,C,1,heuristic,C,p4_role
1799,359,Mercury_7270113,C,C,1,heuristic,C,p5_fewshot
1800,360,AKDE&ED_2008_8_3,B,B,1,json,"{
  ""answer"": ""B""
}",p1_format
1801,360,AKDE&ED_2008_8_3,B,B,1,json,"{""answer"": ""B""}",p1_format_soft
1802,360,AKDE&ED_2008_8_3,B,B,1,heuristic,B,p2_complexity
1803,360,AKDE&ED_2008_8_3,B,B,1,heuristic,B,p4_role
1804,360,AKDE&ED_2008_8_3,B,B,1,heuristic,B,p5_fewshot
1805,361,MCAS_1999_8_1,A,A,1,json,"{
  ""answer"": ""A""
}",p1_format
1806,361,MCAS_1999_8_1,A,A,1,json,"{""answer"": ""A""}",p1_format_soft
1807,361,MCAS_1999_8_1,A,A,1,heuristic,A,p2_complexity
1808,361,MCAS_1999_8_1,A,A,1,heuristic,A,p4_role
1809,361,MCAS_1999_8_1,A,A,1,heuristic,Answer: A,p5_fewshot
1810,362,NYSEDREGENTS_2015_4_24,C,C,1,json,"{
  ""answer"": ""C""
}",p1_format
1811,362,NYSEDREGENTS_2015_4_24,C,C,1,json,"{""answer"": ""C""}",p1_format_soft
1812,362,NYSEDREGENTS_2015_4_24,C,C,1,heuristic,C,p2_complexity
1813,362,NYSEDREGENTS_2015_4_24,C,C,1,heuristic,C,p4_role
1814,362,NYSEDREGENTS_2015_4_24,C,C,1,heuristic,C,p5_fewshot
1815,363,Mercury_7122640,A,A,1,json,"{
  ""answer"": ""A""
}",p1_format
1816,363,Mercury_7122640,A,A,1,json,"{""answer"": ""A""}",p1_format_soft
1817,363,Mercury_7122640,A,A,1,heuristic,A,p2_complexity
1818,363,Mercury_7122640,A,A,1,heuristic,A,p4_role
1819,363,Mercury_7122640,A,A,1,heuristic,A,p5_fewshot
1820,364,Mercury_402547,C,C,1,json,"{
  ""answer"": ""C""
}",p1_format
1821,364,Mercury_402547,C,C,1,json,"{""answer"": ""C""}",p1_format_soft
1822,364,Mercury_402547,C,C,1,heuristic,C,p2_complexity
1823,364,Mercury_402547,C,C,1,heuristic,C,p4_role
1824,364,Mercury_402547,C,C,1,heuristic,C,p5_fewshot
1825,365,Mercury_7133945,B,B,1,json,"{
  ""answer"": ""B""
}",p1_format
1826,365,Mercury_7133945,B,B,1,json,"{""answer"": ""B""}",p1_format_soft
1827,365,Mercury_7133945,B,B,1,heuristic,B,p2_complexity
1828,365,Mercury_7133945,B,B,1,heuristic,B,p4_role
1829,365,Mercury_7133945,B,B,1,heuristic,B,p5_fewshot
1830,366,Mercury_7199028,B,B,1,json,"{
  ""answer"": ""B""
}",p1_format
1831,366,Mercury_7199028,B,B,1,json,"{""answer"": ""B""}",p1_format_soft
1832,366,Mercury_7199028,B,B,1,heuristic,B,p2_complexity
1833,366,Mercury_7199028,B,B,1,heuristic,B,p4_role
1834,366,Mercury_7199028,B,B,1,heuristic,B,p5_fewshot
1835,367,Mercury_7217298,A,A,1,json,"{
  ""answer"": ""A""
}",p1_format
1836,367,Mercury_7217298,A,A,1,json,"{""answer"": ""A""}",p1_format_soft
1837,367,Mercury_7217298,A,A,1,heuristic,A,p2_complexity
1838,367,Mercury_7217298,A,A,1,heuristic,A,p4_role
1839,367,Mercury_7217298,A,A,1,heuristic,A,p5_fewshot
1840,368,Mercury_7057680,C,C,1,json,"{
  ""answer"": ""C""
}",p1_format
1841,368,Mercury_7057680,C,C,1,json,"{""answer"": ""C""}",p1_format_soft
1842,368,Mercury_7057680,C,C,1,heuristic,C,p2_complexity
1843,368,Mercury_7057680,C,C,1,heuristic,C,p4_role
1844,368,Mercury_7057680,C,C,1,heuristic,C,p5_fewshot
1845,369,Mercury_SC_400404,D,D,1,json,"{
  ""answer"": ""D""
}",p1_format
1846,369,Mercury_SC_400404,D,D,1,json,"{""answer"": ""D""}",p1_format_soft
1847,369,Mercury_SC_400404,D,D,1,heuristic,D,p2_complexity
1848,369,Mercury_SC_400404,D,D,1,heuristic,D,p4_role
1849,369,Mercury_SC_400404,D,D,1,heuristic,D,p5_fewshot
1850,370,Mercury_SC_408030,A,A,1,json,"{
  ""answer"": ""A""
}",p1_format
1851,370,Mercury_SC_408030,A,A,1,json,"{""answer"": ""A""}",p1_format_soft
1852,370,Mercury_SC_408030,A,A,1,heuristic,A,p2_complexity
1853,370,Mercury_SC_408030,A,A,1,heuristic,A,p4_role
1854,370,Mercury_SC_408030,A,A,1,heuristic,Answer: A,p5_fewshot
1855,371,Mercury_415083,B,B,1,json,"{
  ""answer"": ""B""
}",p1_format
1856,371,Mercury_415083,B,B,1,json,"{""answer"": ""B""}",p1_format_soft
1857,371,Mercury_415083,B,B,1,heuristic,B,p2_complexity
1858,371,Mercury_415083,B,B,1,heuristic,B,p4_role
1859,371,Mercury_415083,B,B,1,heuristic,B,p5_fewshot
1860,372,Mercury_409114,B,B,1,json,"{
  ""answer"": ""B""
}",p1_format
1861,372,Mercury_409114,B,B,1,json,"{""answer"": ""B""}",p1_format_soft
1862,372,Mercury_409114,B,B,1,heuristic,B,p2_complexity
1863,372,Mercury_409114,B,B,1,heuristic,B,p4_role
1864,372,Mercury_409114,B,B,1,heuristic,Answer: B,p5_fewshot
1865,373,Mercury_SC_415006,A,A,1,json,"{
  ""answer"": ""A""
}",p1_format
1866,373,Mercury_SC_415006,A,A,1,json,"{""answer"": ""A""}",p1_format_soft
1867,373,Mercury_SC_415006,A,A,1,heuristic,A,p2_complexity
1868,373,Mercury_SC_415006,A,A,1,heuristic,A,p4_role
1869,373,Mercury_SC_415006,A,A,1,heuristic,A,p5_fewshot
1870,374,MSA_2012_5_15,C,C,1,json,"{
  ""answer"": ""C""
}",p1_format
1871,374,MSA_2012_5_15,C,C,1,json,"{""answer"": ""C""}",p1_format_soft
1872,374,MSA_2012_5_15,C,C,1,heuristic,C,p2_complexity
1873,374,MSA_2012_5_15,C,C,1,heuristic,C,p4_role
1874,374,MSA_2012_5_15,C,C,1,heuristic,C,p5_fewshot
1875,375,Mercury_SC_402612,D,D,1,json,"{
  ""answer"": ""D""
}",p1_format
1876,375,Mercury_SC_402612,D,D,1,json,"{""answer"": ""D""}",p1_format_soft
1877,375,Mercury_SC_402612,D,D,1,heuristic,D,p2_complexity
1878,375,Mercury_SC_402612,D,D,1,heuristic,D,p4_role
1879,375,Mercury_SC_402612,D,D,1,heuristic,D,p5_fewshot
1880,376,Mercury_SC_405937,B,B,1,json,"{
  ""answer"": ""B""
}",p1_format
1881,376,Mercury_SC_405937,B,B,1,json,"{""answer"": ""B""}",p1_format_soft
1882,376,Mercury_SC_405937,B,B,1,heuristic,B,p2_complexity
1883,376,Mercury_SC_405937,B,B,1,heuristic,B,p4_role
1884,376,Mercury_SC_405937,B,B,1,heuristic,Answer: B,p5_fewshot
1885,377,Mercury_SC_416459,C,C,1,json,"{
  ""answer"": ""C""
}",p1_format
1886,377,Mercury_SC_416459,C,C,1,json,"{""answer"": ""C""}",p1_format_soft
1887,377,Mercury_SC_416459,C,C,1,heuristic,C,p2_complexity
1888,377,Mercury_SC_416459,C,C,1,heuristic,C,p4_role
1889,377,Mercury_SC_416459,C,C,1,heuristic,Answer: C,p5_fewshot
1890,378,NAEP_2000_8_S21+4,C,C,1,json,"{
  ""answer"": ""C""
}",p1_format
1891,378,NAEP_2000_8_S21+4,C,C,1,json,"{""answer"": ""C""}",p1_format_soft
1892,378,NAEP_2000_8_S21+4,C,C,1,heuristic,C,p2_complexity
1893,378,NAEP_2000_8_S21+4,C,C,1,heuristic,C,p4_role
1894,378,NAEP_2000_8_S21+4,C,C,1,heuristic,Answer: C,p5_fewshot
1895,379,Mercury_7072380,B,B,1,json,"{
  ""answer"": ""B""
}",p1_format
1896,379,Mercury_7072380,B,B,1,json,"{""answer"": ""B""}",p1_format_soft
1897,379,Mercury_7072380,B,B,1,heuristic,B,p2_complexity
1898,379,Mercury_7072380,B,B,1,heuristic,B,p4_role
1899,379,Mercury_7072380,B,B,1,heuristic,B,p5_fewshot
1900,380,Mercury_SC_401373,A,A,1,json,"{
  ""answer"": ""A""
}",p1_format
1901,380,Mercury_SC_401373,A,A,1,json,"{""answer"": ""A""}",p1_format_soft
1902,380,Mercury_SC_401373,A,A,1,heuristic,A,p2_complexity
1903,380,Mercury_SC_401373,A,A,1,heuristic,A,p4_role
1904,380,Mercury_SC_401373,A,A,1,heuristic,A,p5_fewshot
1905,381,Mercury_SC_400579,C,C,1,json,"{
  ""answer"": ""C""
}",p1_format
1906,381,Mercury_SC_400579,C,C,1,json,"{""answer"": ""C""}",p1_format_soft
1907,381,Mercury_SC_400579,C,C,1,heuristic,C,p2_complexity
1908,381,Mercury_SC_400579,C,C,1,heuristic,C,p4_role
1909,381,Mercury_SC_400579,C,C,1,heuristic,C,p5_fewshot
1910,382,MCAS_2003_5_14,C,C,1,json,"{
  ""answer"": ""C""
}",p1_format
1911,382,MCAS_2003_5_14,C,C,1,json,"{""answer"": ""C""}",p1_format_soft
1912,382,MCAS_2003_5_14,C,C,1,heuristic,C,p2_complexity
1913,382,MCAS_2003_5_14,C,C,1,heuristic,C,p4_role
1914,382,MCAS_2003_5_14,C,C,1,heuristic,C,p5_fewshot
1915,383,MSA_2015_8_30,A,A,1,json,"{
  ""answer"": ""A""
}",p1_format
1916,383,MSA_2015_8_30,A,A,1,json,"{""answer"": ""A""}",p1_format_soft
1917,383,MSA_2015_8_30,A,A,1,heuristic,A,p2_complexity
1918,383,MSA_2015_8_30,A,A,1,heuristic,A,p4_role
1919,383,MSA_2015_8_30,A,A,1,heuristic,Answer: A,p5_fewshot
1920,384,Mercury_SC_415416,C,C,1,json,"{
  ""answer"": ""C""
}",p1_format
1921,384,Mercury_SC_415416,C,C,1,json,"{""answer"": ""C""}",p1_format_soft
1922,384,Mercury_SC_415416,C,C,1,heuristic,C,p2_complexity
1923,384,Mercury_SC_415416,C,C,1,heuristic,C,p4_role
1924,384,Mercury_SC_415416,C,C,1,heuristic,C,p5_fewshot
1925,385,NYSEDREGENTS_2012_8_42,B,B,1,json,"{
  ""answer"": ""B""
}",p1_format
1926,385,NYSEDREGENTS_2012_8_42,B,B,1,json,"{""answer"": ""B""}",p1_format_soft
1927,385,NYSEDREGENTS_2012_8_42,B,B,1,heuristic,B,p2_complexity
1928,385,NYSEDREGENTS_2012_8_42,B,B,1,heuristic,B,p4_role
1929,385,NYSEDREGENTS_2012_8_42,B,B,1,heuristic,Answer: B,p5_fewshot
1930,386,NCEOGA_2013_5_9,B,B,1,json,"{
  ""answer"": ""B""
}",p1_format
1931,386,NCEOGA_2013_5_9,B,B,1,json,"{""answer"": ""B""}",p1_format_soft
1932,386,NCEOGA_2013_5_9,B,B,1,heuristic,B,p2_complexity
1933,386,NCEOGA_2013_5_9,B,B,1,heuristic,B,p4_role
1934,386,NCEOGA_2013_5_9,B,B,1,heuristic,Answer: B,p5_fewshot
1935,387,MEAP_2005_8_45,D,D,1,json,"{
  ""answer"": ""D""
}",p1_format
1936,387,MEAP_2005_8_45,D,D,1,json,"{""answer"": ""D""}",p1_format_soft
1937,387,MEAP_2005_8_45,D,D,1,heuristic,D,p2_complexity
1938,387,MEAP_2005_8_45,D,D,1,heuristic,D,p4_role
1939,387,MEAP_2005_8_45,D,D,1,heuristic,D,p5_fewshot
1940,388,Mercury_SC_400594,D,D,1,json,"{
  ""answer"": ""D""
}",p1_format
1941,388,Mercury_SC_400594,D,D,1,json,"{""answer"": ""D""}",p1_format_soft
1942,388,Mercury_SC_400594,D,D,1,heuristic,D,p2_complexity
1943,388,Mercury_SC_400594,D,D,1,heuristic,D,p4_role
1944,388,Mercury_SC_400594,D,D,1,heuristic,Answer: D,p5_fewshot
1945,389,NCEOGA_2013_8_43,A,A,1,json,"{
  ""answer"": ""A""
}",p1_format
1946,389,NCEOGA_2013_8_43,A,A,1,json,"{""answer"": ""A""}",p1_format_soft
1947,389,NCEOGA_2013_8_43,A,A,1,heuristic,A,p2_complexity
1948,389,NCEOGA_2013_8_43,A,A,1,heuristic,A,p4_role
1949,389,NCEOGA_2013_8_43,A,A,1,heuristic,A,p5_fewshot
1950,390,MCAS_2006_8_13,C,C,1,json,"{
  ""answer"": ""C""
}",p1_format
1951,390,MCAS_2006_8_13,C,C,1,json,"{""answer"": ""C""}",p1_format_soft
1952,390,MCAS_2006_8_13,C,C,1,heuristic,C,p2_complexity
1953,390,MCAS_2006_8_13,C,C,1,heuristic,C,p4_role
1954,390,MCAS_2006_8_13,C,C,1,heuristic,C,p5_fewshot
1955,391,Mercury_7168823,D,D,1,json,"{
  ""answer"": ""D""
}",p1_format
1956,391,Mercury_7168823,D,D,1,json,"{""answer"": ""D""}",p1_format_soft
1957,391,Mercury_7168823,D,D,1,heuristic,D,p2_complexity
1958,391,Mercury_7168823,D,D,1,heuristic,D,p4_role
1959,391,Mercury_7168823,D,D,1,heuristic,D,p5_fewshot
1960,392,Mercury_7158935,C,C,1,json,"{
  ""answer"": ""C""
}",p1_format
1961,392,Mercury_7158935,C,C,1,json,"{""answer"": ""C""}",p1_format_soft
1962,392,Mercury_7158935,C,C,1,heuristic,C,p2_complexity
1963,392,Mercury_7158935,C,C,1,heuristic,C,p4_role
1964,392,Mercury_7158935,C,C,1,heuristic,C,p5_fewshot
1965,393,Mercury_7172708,B,D,0,json,"{
  ""answer"": ""D""
}",p1_format
1966,393,Mercury_7172708,B,D,0,json,"{""answer"": ""D""}",p1_format_soft
1967,393,Mercury_7172708,B,D,0,heuristic,D,p2_complexity
1968,393,Mercury_7172708,B,D,0,heuristic,D,p4_role
1969,393,Mercury_7172708,B,D,0,heuristic,D,p5_fewshot
1970,394,ACTAAP_2010_5_1,A,A,1,json,"{
  ""answer"": ""A""
}",p1_format
1971,394,ACTAAP_2010_5_1,A,A,1,json,"{""answer"": ""A""}",p1_format_soft
1972,394,ACTAAP_2010_5_1,A,A,1,heuristic,A,p2_complexity
1973,394,ACTAAP_2010_5_1,A,A,1,heuristic,A,p4_role
1974,394,ACTAAP_2010_5_1,A,A,1,heuristic,A,p5_fewshot
1975,395,Mercury_7093048,C,C,1,json,"{
  ""answer"": ""C""
}",p1_format
1976,395,Mercury_7093048,C,C,1,json,"{""answer"": ""C""}",p1_format_soft
1977,395,Mercury_7093048,C,C,1,heuristic,C,p2_complexity
1978,395,Mercury_7093048,C,C,1,heuristic,C,p4_role
1979,395,Mercury_7093048,C,C,1,heuristic,Answer: C,p5_fewshot
1980,396,Mercury_7081603,C,C,1,json,"{
  ""answer"": ""C""
}",p1_format
1981,396,Mercury_7081603,C,C,1,json,"{""answer"": ""C""}",p1_format_soft
1982,396,Mercury_7081603,C,C,1,heuristic,C,p2_complexity
1983,396,Mercury_7081603,C,C,1,heuristic,C,p4_role
1984,396,Mercury_7081603,C,C,1,heuristic,C,p5_fewshot
1985,397,Mercury_SC_LBS11003,D,D,1,json,"{
  ""answer"": ""D""
}",p1_format
1986,397,Mercury_SC_LBS11003,D,D,1,json,"{""answer"": ""D""}",p1_format_soft
1987,397,Mercury_SC_LBS11003,D,D,1,heuristic,D,p2_complexity
1988,397,Mercury_SC_LBS11003,D,D,1,heuristic,D,p4_role
1989,397,Mercury_SC_LBS11003,D,D,1,heuristic,D,p5_fewshot
1990,398,MCAS_2005_8_2,C,C,1,json,"{
  ""answer"": ""C""
}",p1_format
1991,398,MCAS_2005_8_2,C,C,1,json,"{""answer"": ""C""}",p1_format_soft
1992,398,MCAS_2005_8_2,C,C,1,heuristic,C,p2_complexity
1993,398,MCAS_2005_8_2,C,C,1,heuristic,C,p4_role
1994,398,MCAS_2005_8_2,C,C,1,heuristic,Answer: C,p5_fewshot
1995,399,ACTAAP_2010_7_14,C,C,1,json,"{
  ""answer"": ""C""
}",p1_format
1996,399,ACTAAP_2010_7_14,C,C,1,json,"{""answer"": ""C""}",p1_format_soft
1997,399,ACTAAP_2010_7_14,C,C,1,heuristic,C,p2_complexity
1998,399,ACTAAP_2010_7_14,C,C,1,heuristic,C,p4_role
1999,399,ACTAAP_2010_7_14,C,C,1,heuristic,C,p5_fewshot
2000,400,NYSEDREGENTS_2008_4_15,C,C,1,json,"{
  ""answer"": ""C""
}",p1_format
2001,400,NYSEDREGENTS_2008_4_15,C,C,1,json,"{""answer"": ""C""}",p1_format_soft
2002,400,NYSEDREGENTS_2008_4_15,C,C,1,heuristic,C,p2_complexity
2003,400,NYSEDREGENTS_2008_4_15,C,C,1,heuristic,C,p4_role
2004,400,NYSEDREGENTS_2008_4_15,C,C,1,heuristic,C,p5_fewshot
2005,401,Mercury_7107240,A,A,1,json,"{
  ""answer"": ""A""
}",p1_format
2006,401,Mercury_7107240,A,A,1,json,"{""answer"": ""A""}",p1_format_soft
2007,401,Mercury_7107240,A,A,1,heuristic,A,p2_complexity
2008,401,Mercury_7107240,A,A,1,heuristic,A,p4_role
2009,401,Mercury_7107240,A,A,1,heuristic,Answer: A,p5_fewshot
2010,402,Mercury_7218628,C,C,1,json,"{
  ""answer"": ""C""
}",p1_format
2011,402,Mercury_7218628,C,C,1,json,"{""answer"": ""C""}",p1_format_soft
2012,402,Mercury_7218628,C,C,1,heuristic,C,p2_complexity
2013,402,Mercury_7218628,C,C,1,heuristic,C,p4_role
2014,402,Mercury_7218628,C,C,1,heuristic,Answer: C,p5_fewshot
2015,403,MSA_2013_5_23,D,D,1,json,"{
  ""answer"": ""D""
}",p1_format
2016,403,MSA_2013_5_23,D,D,1,json,"{""answer"": ""D""}",p1_format_soft
2017,403,MSA_2013_5_23,D,D,1,heuristic,D,p2_complexity
2018,403,MSA_2013_5_23,D,D,1,heuristic,D,p4_role
2019,403,MSA_2013_5_23,D,D,1,heuristic,Answer: D,p5_fewshot
2020,404,Mercury_7081725,A,A,1,json,"{
  ""answer"": ""A""
}",p1_format
2021,404,Mercury_7081725,A,A,1,json,"{""answer"": ""A""}",p1_format_soft
2022,404,Mercury_7081725,A,A,1,heuristic,A,p2_complexity
2023,404,Mercury_7081725,A,A,1,heuristic,A,p4_role
2024,404,Mercury_7081725,A,A,1,heuristic,Answer: A,p5_fewshot
2025,405,Mercury_SC_413542,A,A,1,json,"{
  ""answer"": ""A""
}",p1_format
2026,405,Mercury_SC_413542,A,A,1,json,"{""answer"": ""A""}",p1_format_soft
2027,405,Mercury_SC_413542,A,A,1,heuristic,A,p2_complexity
2028,405,Mercury_SC_413542,A,A,1,heuristic,A,p4_role
2029,405,Mercury_SC_413542,A,A,1,heuristic,A,p5_fewshot
2030,406,Mercury_SC_407302,C,C,1,json,"{
  ""answer"": ""C""
}",p1_format
2031,406,Mercury_SC_407302,C,C,1,json,"{""answer"": ""C""}",p1_format_soft
2032,406,Mercury_SC_407302,C,C,1,heuristic,C,p2_complexity
2033,406,Mercury_SC_407302,C,C,1,heuristic,C,p4_role
2034,406,Mercury_SC_407302,C,C,1,heuristic,C,p5_fewshot
2035,407,Mercury_175053,D,D,1,json,"{
  ""answer"": ""D""
}",p1_format
2036,407,Mercury_175053,D,D,1,json,"{""answer"": ""D""}",p1_format_soft
2037,407,Mercury_175053,D,D,1,heuristic,D,p2_complexity
2038,407,Mercury_175053,D,D,1,heuristic,D,p4_role
2039,407,Mercury_175053,D,D,1,heuristic,D,p5_fewshot
2040,408,Mercury_7161315,B,B,1,json,"{
  ""answer"": ""B""
}",p1_format
2041,408,Mercury_7161315,B,B,1,json,"{""answer"": ""B""}",p1_format_soft
2042,408,Mercury_7161315,B,B,1,heuristic,B,p2_complexity
2043,408,Mercury_7161315,B,B,1,heuristic,B,p4_role
2044,408,Mercury_7161315,B,B,1,heuristic,B,p5_fewshot
2045,409,Mercury_189070,A,A,1,json,"{
  ""answer"": ""A""
}",p1_format
2046,409,Mercury_189070,A,A,1,json,"{""answer"": ""A""}",p1_format_soft
2047,409,Mercury_189070,A,A,1,heuristic,A,p2_complexity
2048,409,Mercury_189070,A,A,1,heuristic,A,p4_role
2049,409,Mercury_189070,A,A,1,heuristic,Answer: A,p5_fewshot
2050,410,Mercury_7189123,B,B,1,json,"{
  ""answer"": ""B""
}",p1_format
2051,410,Mercury_7189123,B,B,1,json,"{""answer"": ""B""}",p1_format_soft
2052,410,Mercury_7189123,B,B,1,heuristic,B,p2_complexity
2053,410,Mercury_7189123,B,B,1,heuristic,B,p4_role
2054,410,Mercury_7189123,B,B,1,heuristic,B,p5_fewshot
2055,411,Mercury_SC_402171,D,D,1,json,"{
  ""answer"": ""D""
}",p1_format
2056,411,Mercury_SC_402171,D,D,1,json,"{""answer"": ""D""}",p1_format_soft
2057,411,Mercury_SC_402171,D,D,1,heuristic,D,p2_complexity
2058,411,Mercury_SC_402171,D,D,1,heuristic,D,p4_role
2059,411,Mercury_SC_402171,D,D,1,heuristic,D,p5_fewshot
2060,412,Mercury_7217368,B,B,1,json,"{
  ""answer"": ""B""
}",p1_format
2061,412,Mercury_7217368,B,B,1,json,"{""answer"": ""B""}",p1_format_soft
2062,412,Mercury_7217368,B,B,1,heuristic,B,p2_complexity
2063,412,Mercury_7217368,B,B,1,heuristic,B,p4_role
2064,412,Mercury_7217368,B,B,1,heuristic,Answer: B,p5_fewshot
2065,413,Mercury_LBS10933,A,A,1,json,"{
  ""answer"": ""A""
}",p1_format
2066,413,Mercury_LBS10933,A,A,1,json,"{""answer"": ""A""}",p1_format_soft
2067,413,Mercury_LBS10933,A,A,1,heuristic,A,p2_complexity
2068,413,Mercury_LBS10933,A,A,1,heuristic,A,p4_role
2069,413,Mercury_LBS10933,A,A,1,heuristic,A,p5_fewshot
2070,414,Mercury_7223160,C,C,1,json,"{
  ""answer"": ""C""
}",p1_format
2071,414,Mercury_7223160,C,C,1,json,"{""answer"": ""C""}",p1_format_soft
2072,414,Mercury_7223160,C,C,1,heuristic,C,p2_complexity
2073,414,Mercury_7223160,C,C,1,heuristic,C,p4_role
2074,414,Mercury_7223160,C,C,1,heuristic,C,p5_fewshot
2075,415,Mercury_SC_401324,D,D,1,json,"{
  ""answer"": ""D""
}",p1_format
2076,415,Mercury_SC_401324,D,D,1,json,"{""answer"": ""D""}",p1_format_soft
2077,415,Mercury_SC_401324,D,D,1,heuristic,D,p2_complexity
2078,415,Mercury_SC_401324,D,D,1,heuristic,D,p4_role
2079,415,Mercury_SC_401324,D,D,1,heuristic,D,p5_fewshot
2080,416,LEAP_2001_8_10379,A,A,1,json,"{
  ""answer"": ""A""
}",p1_format
2081,416,LEAP_2001_8_10379,A,A,1,json,"{""answer"": ""A""}",p1_format_soft
2082,416,LEAP_2001_8_10379,A,A,1,heuristic,A,p2_complexity
2083,416,LEAP_2001_8_10379,A,A,1,heuristic,A,p4_role
2084,416,LEAP_2001_8_10379,A,A,1,heuristic,A,p5_fewshot
2085,417,VASoL_2009_5_30,D,D,1,json,"{
  ""answer"": ""D""
}",p1_format
2086,417,VASoL_2009_5_30,D,D,1,json,"{""answer"": ""D""}",p1_format_soft
2087,417,VASoL_2009_5_30,D,D,1,heuristic,D,p2_complexity
2088,417,VASoL_2009_5_30,D,D,1,heuristic,D,p4_role
2089,417,VASoL_2009_5_30,D,D,1,heuristic,D,p5_fewshot
2090,418,Mercury_416404,D,D,1,json,"{
  ""answer"": ""D""
}",p1_format
2091,418,Mercury_416404,D,D,1,json,"{""answer"": ""D""}",p1_format_soft
2092,418,Mercury_416404,D,D,1,heuristic,D,p2_complexity
2093,418,Mercury_416404,D,D,1,heuristic,D,p4_role
2094,418,Mercury_416404,D,D,1,heuristic,Answer: D,p5_fewshot
2095,419,Mercury_7103530,B,B,1,json,"{
  ""answer"": ""B""
}",p1_format
2096,419,Mercury_7103530,B,B,1,json,"{""answer"": ""B""}",p1_format_soft
2097,419,Mercury_7103530,B,B,1,heuristic,B,p2_complexity
2098,419,Mercury_7103530,B,B,1,heuristic,B,p4_role
2099,419,Mercury_7103530,B,B,1,heuristic,Answer: B,p5_fewshot
2100,420,Mercury_7030870,A,A,1,json,"{
  ""answer"": ""A""
}",p1_format
2101,420,Mercury_7030870,A,A,1,json,"{""answer"": ""A""}",p1_format_soft
2102,420,Mercury_7030870,A,A,1,heuristic,A,p2_complexity
2103,420,Mercury_7030870,A,A,1,heuristic,A,p4_role
2104,420,Mercury_7030870,A,A,1,heuristic,A,p5_fewshot
2105,421,LEAP__7_10348,C,C,1,json,"{
  ""answer"": ""C""
}",p1_format
2106,421,LEAP__7_10348,C,C,1,json,"{""answer"": ""C""}",p1_format_soft
2107,421,LEAP__7_10348,C,C,1,heuristic,C,p2_complexity
2108,421,LEAP__7_10348,C,C,1,heuristic,C,p4_role
2109,421,LEAP__7_10348,C,C,1,heuristic,Answer: C,p5_fewshot
2110,422,Mercury_SC_406835,B,B,1,json,"{
  ""answer"": ""B""
}",p1_format
2111,422,Mercury_SC_406835,B,B,1,json,"{""answer"": ""B""}",p1_format_soft
2112,422,Mercury_SC_406835,B,B,1,heuristic,B,p2_complexity
2113,422,Mercury_SC_406835,B,B,1,heuristic,B,p4_role
2114,422,Mercury_SC_406835,B,B,1,heuristic,Answer: B,p5_fewshot
2115,423,Mercury_178255,B,B,1,json,"{
  ""answer"": ""B""
}",p1_format
2116,423,Mercury_178255,B,B,1,json,"{""answer"": ""B""}",p1_format_soft
2117,423,Mercury_178255,B,B,1,heuristic,B,p2_complexity
2118,423,Mercury_178255,B,B,1,heuristic,B,p4_role
2119,423,Mercury_178255,B,B,1,heuristic,B,p5_fewshot
2120,424,MDSA_2012_8_16,B,B,1,json,"{
  ""answer"": ""B""
}",p1_format
2121,424,MDSA_2012_8_16,B,B,1,json,"{""answer"": ""B""}",p1_format_soft
2122,424,MDSA_2012_8_16,B,B,1,heuristic,B,p2_complexity
2123,424,MDSA_2012_8_16,B,B,1,heuristic,B,p4_role
2124,424,MDSA_2012_8_16,B,B,1,heuristic,B,p5_fewshot
2125,425,Mercury_409645,D,D,1,json,"{
  ""answer"": ""D""
}",p1_format
2126,425,Mercury_409645,D,D,1,json,"{""answer"": ""D""}",p1_format_soft
2127,425,Mercury_409645,D,D,1,heuristic,D,p2_complexity
2128,425,Mercury_409645,D,D,1,heuristic,D,p4_role
2129,425,Mercury_409645,D,D,1,heuristic,Answer: D,p5_fewshot
2130,426,TIMSS_2003_8_pg47,C,C,1,json,"{
  ""answer"": ""C""
}",p1_format
2131,426,TIMSS_2003_8_pg47,C,C,1,json,"{""answer"": ""C""}",p1_format_soft
2132,426,TIMSS_2003_8_pg47,C,C,1,heuristic,C,p2_complexity
2133,426,TIMSS_2003_8_pg47,C,C,1,heuristic,C,p4_role
2134,426,TIMSS_2003_8_pg47,C,C,1,heuristic,C,p5_fewshot
2135,427,NYSEDREGENTS_2010_8_16,B,B,1,json,"{
  ""answer"": ""B""
}",p1_format
2136,427,NYSEDREGENTS_2010_8_16,B,B,1,json,"{""answer"": ""B""}",p1_format_soft
2137,427,NYSEDREGENTS_2010_8_16,B,B,1,heuristic,B,p2_complexity
2138,427,NYSEDREGENTS_2010_8_16,B,B,1,heuristic,B,p4_role
2139,427,NYSEDREGENTS_2010_8_16,B,B,1,heuristic,Answer: B,p5_fewshot
2140,428,Mercury_7159810,B,B,1,json,"{
  ""answer"": ""B""
}",p1_format
2141,428,Mercury_7159810,B,B,1,json,"{""answer"": ""B""}",p1_format_soft
2142,428,Mercury_7159810,B,B,1,heuristic,B,p2_complexity
2143,428,Mercury_7159810,B,B,1,heuristic,B,p4_role
2144,428,Mercury_7159810,B,B,1,heuristic,Answer: B,p5_fewshot
2145,429,Mercury_7267523,B,B,1,json,"{
  ""answer"": ""B""
}",p1_format
2146,429,Mercury_7267523,B,B,1,json,"{""answer"": ""B""}",p1_format_soft
2147,429,Mercury_7267523,B,B,1,heuristic,B,p2_complexity
2148,429,Mercury_7267523,B,B,1,heuristic,B,p4_role
2149,429,Mercury_7267523,B,B,1,heuristic,Answer: B,p5_fewshot
2150,430,Mercury_SC_401006,A,A,1,json,"{
  ""answer"": ""A""
}",p1_format
2151,430,Mercury_SC_401006,A,A,1,json,"{""answer"": ""A""}",p1_format_soft
2152,430,Mercury_SC_401006,A,A,1,heuristic,A,p2_complexity
2153,430,Mercury_SC_401006,A,A,1,heuristic,A,p4_role
2154,430,Mercury_SC_401006,A,A,1,heuristic,A,p5_fewshot
2155,431,ACTAAP_2010_7_12,D,D,1,json,"{
  ""answer"": ""D""
}",p1_format
2156,431,ACTAAP_2010_7_12,D,D,1,json,"{""answer"": ""D""}",p1_format_soft
2157,431,ACTAAP_2010_7_12,D,D,1,heuristic,D,p2_complexity
2158,431,ACTAAP_2010_7_12,D,D,1,heuristic,D,p4_role
2159,431,ACTAAP_2010_7_12,D,D,1,heuristic,D,p5_fewshot
2160,432,MEAP_2005_8_13,D,D,1,json,"{
  ""answer"": ""D""
}",p1_format
2161,432,MEAP_2005_8_13,D,D,1,json,"{""answer"": ""D""}",p1_format_soft
2162,432,MEAP_2005_8_13,D,D,1,heuristic,D,p2_complexity
2163,432,MEAP_2005_8_13,D,D,1,heuristic,D,p4_role
2164,432,MEAP_2005_8_13,D,D,1,heuristic,D,p5_fewshot
2165,433,Mercury_7164623,C,C,1,json,"{
  ""answer"": ""C""
}",p1_format
2166,433,Mercury_7164623,C,C,1,json,"{""answer"": ""C""}",p1_format_soft
2167,433,Mercury_7164623,C,C,1,heuristic,C,p2_complexity
2168,433,Mercury_7164623,C,C,1,heuristic,C,p4_role
2169,433,Mercury_7164623,C,C,1,heuristic,C,p5_fewshot
2170,434,Mercury_417127,A,A,1,json,"{
  ""answer"": ""A""
}",p1_format
2171,434,Mercury_417127,A,A,1,json,"{""answer"": ""A""}",p1_format_soft
2172,434,Mercury_417127,A,A,1,heuristic,A,p2_complexity
2173,434,Mercury_417127,A,A,1,heuristic,A,p4_role
2174,434,Mercury_417127,A,A,1,heuristic,Answer: A,p5_fewshot
2175,435,Mercury_411224,B,B,1,json,"{
  ""answer"": ""B""
}",p1_format
2176,435,Mercury_411224,B,B,1,json,"{""answer"": ""B""}",p1_format_soft
2177,435,Mercury_411224,B,B,1,heuristic,B,p2_complexity
2178,435,Mercury_411224,B,B,1,heuristic,B,p4_role
2179,435,Mercury_411224,B,B,1,heuristic,B,p5_fewshot
2180,436,TIMSS_2011_8_pg15,D,D,1,json,"{
  ""answer"": ""D""
}",p1_format
2181,436,TIMSS_2011_8_pg15,D,D,1,json,"{""answer"": ""D""}",p1_format_soft
2182,436,TIMSS_2011_8_pg15,D,D,1,heuristic,D,p2_complexity
2183,436,TIMSS_2011_8_pg15,D,D,1,heuristic,D,p4_role
2184,436,TIMSS_2011_8_pg15,D,D,1,heuristic,D,p5_fewshot
2185,437,NYSEDREGENTS_2012_8_19,C,C,1,json,"{
  ""answer"": ""C""
}",p1_format
2186,437,NYSEDREGENTS_2012_8_19,C,C,1,json,"{""answer"": ""C""}",p1_format_soft
2187,437,NYSEDREGENTS_2012_8_19,C,C,1,heuristic,C,p2_complexity
2188,437,NYSEDREGENTS_2012_8_19,C,C,1,heuristic,C,p4_role
2189,437,NYSEDREGENTS_2012_8_19,C,C,1,heuristic,C,p5_fewshot
2190,438,Mercury_7222460,A,A,1,json,"{
  ""answer"": ""A""
}",p1_format
2191,438,Mercury_7222460,A,A,1,json,"{""answer"": ""A""}",p1_format_soft
2192,438,Mercury_7222460,A,A,1,heuristic,A,p2_complexity
2193,438,Mercury_7222460,A,A,1,heuristic,A,p4_role
2194,438,Mercury_7222460,A,A,1,heuristic,A,p5_fewshot
2195,439,Mercury_7007420,C,C,1,json,"{
  ""answer"": ""C""
}",p1_format
2196,439,Mercury_7007420,C,C,1,json,"{""answer"": ""C""}",p1_format_soft
2197,439,Mercury_7007420,C,C,1,heuristic,C,p2_complexity
2198,439,Mercury_7007420,C,C,1,heuristic,C,p4_role
2199,439,Mercury_7007420,C,C,1,heuristic,C,p5_fewshot
2200,440,Mercury_SC_405710,D,D,1,json,"{
  ""answer"": ""D""
}",p1_format
2201,440,Mercury_SC_405710,D,D,1,json,"{""answer"": ""D""}",p1_format_soft
2202,440,Mercury_SC_405710,D,D,1,heuristic,D,p2_complexity
2203,440,Mercury_SC_405710,D,D,1,heuristic,D,p4_role
2204,440,Mercury_SC_405710,D,D,1,heuristic,Answer: D,p5_fewshot
2205,441,Mercury_SC_401375,C,A,0,json,"{""answer"": ""A""}",p1_format
2206,441,Mercury_SC_401375,C,A,0,json,"{""answer"": ""A""}",p1_format_soft
2207,441,Mercury_SC_401375,C,A,0,heuristic,A,p2_complexity
2208,441,Mercury_SC_401375,C,A,0,heuristic,A,p4_role
2209,441,Mercury_SC_401375,C,B,0,heuristic,B,p5_fewshot
2210,442,VASoL_2010_3_22,A,A,1,json,"{
  ""answer"": ""A""
}",p1_format
2211,442,VASoL_2010_3_22,A,A,1,json,"{""answer"": ""A""}",p1_format_soft
2212,442,VASoL_2010_3_22,A,A,1,heuristic,A,p2_complexity
2213,442,VASoL_2010_3_22,A,A,1,heuristic,A,p4_role
2214,442,VASoL_2010_3_22,A,A,1,heuristic,Answer: A,p5_fewshot
2215,443,Mercury_SC_408358,A,A,1,json,"{
  ""answer"": ""A""
}",p1_format
2216,443,Mercury_SC_408358,A,A,1,json,"{""answer"": ""A""}",p1_format_soft
2217,443,Mercury_SC_408358,A,A,1,heuristic,A,p2_complexity
2218,443,Mercury_SC_408358,A,A,1,heuristic,A,p4_role
2219,443,Mercury_SC_408358,A,A,1,heuristic,Answer: A,p5_fewshot
2220,444,NYSEDREGENTS_2013_8_42,B,B,1,json,"{""answer"": ""B""}",p1_format
2221,444,NYSEDREGENTS_2013_8_42,B,B,1,json,"{""answer"": ""B""}",p1_format_soft
2222,444,NYSEDREGENTS_2013_8_42,B,B,1,heuristic,B,p2_complexity
2223,444,NYSEDREGENTS_2013_8_42,B,B,1,heuristic,B,p4_role
2224,444,NYSEDREGENTS_2013_8_42,B,B,1,heuristic,B,p5_fewshot
2225,445,Mercury_SC_400661,D,D,1,json,"{
  ""answer"": ""D""
}",p1_format
2226,445,Mercury_SC_400661,D,D,1,json,"{""answer"": ""D""}",p1_format_soft
2227,445,Mercury_SC_400661,D,D,1,heuristic,D,p2_complexity
2228,445,Mercury_SC_400661,D,D,1,heuristic,D,p4_role
2229,445,Mercury_SC_400661,D,D,1,heuristic,D,p5_fewshot
2230,446,Mercury_SC_415422,C,C,1,json,"{
  ""answer"": ""C""
}",p1_format
2231,446,Mercury_SC_415422,C,C,1,json,"{""answer"": ""C""}",p1_format_soft
2232,446,Mercury_SC_415422,C,C,1,heuristic,C,p2_complexity
2233,446,Mercury_SC_415422,C,C,1,heuristic,C,p4_role
2234,446,Mercury_SC_415422,C,C,1,heuristic,C,p5_fewshot
2235,447,Mercury_SC_400162,D,D,1,json,"{
  ""answer"": ""D""
}",p1_format
2236,447,Mercury_SC_400162,D,D,1,json,"{""answer"": ""D""}",p1_format_soft
2237,447,Mercury_SC_400162,D,D,1,heuristic,D,p2_complexity
2238,447,Mercury_SC_400162,D,D,1,heuristic,D,p4_role
2239,447,Mercury_SC_400162,D,D,1,heuristic,D,p5_fewshot
2240,448,Mercury_7212328,B,B,1,json,"{
  ""answer"": ""B""
}",p1_format
2241,448,Mercury_7212328,B,B,1,json,"{""answer"": ""B""}",p1_format_soft
2242,448,Mercury_7212328,B,B,1,heuristic,B,p2_complexity
2243,448,Mercury_7212328,B,B,1,heuristic,B,p4_role
2244,448,Mercury_7212328,B,B,1,heuristic,Answer: B,p5_fewshot
2245,449,NCEOGA_2013_8_26,D,D,1,json,"{
  ""answer"": ""D""
}",p1_format
2246,449,NCEOGA_2013_8_26,D,D,1,json,"{""answer"": ""D""}",p1_format_soft
2247,449,NCEOGA_2013_8_26,D,D,1,heuristic,D,p2_complexity
2248,449,NCEOGA_2013_8_26,D,D,1,heuristic,D,p4_role
2249,449,NCEOGA_2013_8_26,D,D,1,heuristic,Answer: D,p5_fewshot
2250,450,Mercury_SC_407696,B,B,1,json,"{
  ""answer"": ""B""
}",p1_format
2251,450,Mercury_SC_407696,B,B,1,json,"{""answer"": ""B""}",p1_format_soft
2252,450,Mercury_SC_407696,B,B,1,heuristic,B,p2_complexity
2253,450,Mercury_SC_407696,B,B,1,heuristic,B,p4_role
2254,450,Mercury_SC_407696,B,B,1,heuristic,B,p5_fewshot
2255,451,Mercury_SC_400052,B,B,1,json,"{
  ""answer"": ""B""
}",p1_format
2256,451,Mercury_SC_400052,B,B,1,json,"{""answer"": ""B""}",p1_format_soft
2257,451,Mercury_SC_400052,B,B,1,heuristic,B,p2_complexity
2258,451,Mercury_SC_400052,B,B,1,heuristic,B,p4_role
2259,451,Mercury_SC_400052,B,B,1,heuristic,B,p5_fewshot
2260,452,Mercury_7212870,D,B,0,json,"{
  ""answer"": ""B""
}",p1_format
2261,452,Mercury_7212870,D,B,0,json,"{""answer"": ""B""}",p1_format_soft
2262,452,Mercury_7212870,D,B,0,heuristic,B,p2_complexity
2263,452,Mercury_7212870,D,B,0,heuristic,B,p4_role
2264,452,Mercury_7212870,D,B,0,heuristic,Answer: B,p5_fewshot
2265,453,NYSEDREGENTS_2010_8_35,C,C,1,json,"{
  ""answer"": ""C""
}",p1_format
2266,453,NYSEDREGENTS_2010_8_35,C,C,1,json,"{""answer"": ""C""}",p1_format_soft
2267,453,NYSEDREGENTS_2010_8_35,C,C,1,heuristic,C,p2_complexity
2268,453,NYSEDREGENTS_2010_8_35,C,C,1,heuristic,C,p4_role
2269,453,NYSEDREGENTS_2010_8_35,C,C,1,heuristic,C,p5_fewshot
2270,454,MCAS_2010_8_12005,A,A,1,json,"{
  ""answer"": ""A""
}",p1_format
2271,454,MCAS_2010_8_12005,A,A,1,json,"{""answer"": ""A""}",p1_format_soft
2272,454,MCAS_2010_8_12005,A,A,1,heuristic,A,p2_complexity
2273,454,MCAS_2010_8_12005,A,A,1,heuristic,A,p4_role
2274,454,MCAS_2010_8_12005,A,A,1,heuristic,A,p5_fewshot
2275,455,Mercury_7218505,B,B,1,json,"{
  ""answer"": ""B""
}",p1_format
2276,455,Mercury_7218505,B,B,1,json,"{""answer"": ""B""}",p1_format_soft
2277,455,Mercury_7218505,B,B,1,heuristic,B,p2_complexity
2278,455,Mercury_7218505,B,B,1,heuristic,B,p4_role
2279,455,Mercury_7218505,B,B,1,heuristic,Answer: B,p5_fewshot
2280,456,Mercury_SC_400853,D,D,1,json,"{
  ""answer"": ""D""
}",p1_format
2281,456,Mercury_SC_400853,D,D,1,json,"{""answer"": ""D""}",p1_format_soft
2282,456,Mercury_SC_400853,D,D,1,heuristic,D,p2_complexity
2283,456,Mercury_SC_400853,D,D,1,heuristic,D,p4_role
2284,456,Mercury_SC_400853,D,D,1,heuristic,D,p5_fewshot
2285,457,Mercury_7210455,C,C,1,heuristic,"{
  ""C"": ""C""
}",p1_format
2286,457,Mercury_7210455,C,C,1,json,"{""answer"": ""C""}",p1_format_soft
2287,457,Mercury_7210455,C,C,1,heuristic,C,p2_complexity
2288,457,Mercury_7210455,C,C,1,heuristic,C,p4_role
2289,457,Mercury_7210455,C,C,1,heuristic,Answer: C,p5_fewshot
2290,458,Mercury_7174738,C,C,1,json,"{
  ""answer"": ""C""
}",p1_format
2291,458,Mercury_7174738,C,C,1,json,"{""answer"": ""C""}",p1_format_soft
2292,458,Mercury_7174738,C,C,1,heuristic,C,p2_complexity
2293,458,Mercury_7174738,C,C,1,heuristic,C,p4_role
2294,458,Mercury_7174738,C,C,1,heuristic,C,p5_fewshot
2295,459,MCAS_2001_5_2,D,D,1,json,"{
  ""answer"": ""D""
}",p1_format
2296,459,MCAS_2001_5_2,D,D,1,json,"{""answer"": ""D""}",p1_format_soft
2297,459,MCAS_2001_5_2,D,D,1,heuristic,D,p2_complexity
2298,459,MCAS_2001_5_2,D,D,1,heuristic,D,p4_role
2299,459,MCAS_2001_5_2,D,D,1,heuristic,Answer: D,p5_fewshot
2300,460,NYSEDREGENTS_2012_4_9,A,A,1,json,"{
  ""answer"": ""A""
}",p1_format
2301,460,NYSEDREGENTS_2012_4_9,A,A,1,json,"{""answer"": ""A""}",p1_format_soft
2302,460,NYSEDREGENTS_2012_4_9,A,A,1,heuristic,A,p2_complexity
2303,460,NYSEDREGENTS_2012_4_9,A,A,1,heuristic,A,p4_role
2304,460,NYSEDREGENTS_2012_4_9,A,A,1,heuristic,Answer: A,p5_fewshot
2305,461,Mercury_416593,B,B,1,json,"{
  ""answer"": ""B""
}",p1_format
2306,461,Mercury_416593,B,B,1,json,"{""answer"": ""B""}",p1_format_soft
2307,461,Mercury_416593,B,B,1,heuristic,B,p2_complexity
2308,461,Mercury_416593,B,B,1,heuristic,B,p4_role
2309,461,Mercury_416593,B,B,1,heuristic,B,p5_fewshot
2310,462,Mercury_7205870,B,B,1,json,"{
  ""answer"": ""B""
}",p1_format
2311,462,Mercury_7205870,B,B,1,json,"{""answer"": ""B""}",p1_format_soft
2312,462,Mercury_7205870,B,B,1,heuristic,B,p2_complexity
2313,462,Mercury_7205870,B,B,1,heuristic,B,p4_role
2314,462,Mercury_7205870,B,B,1,heuristic,B,p5_fewshot
2315,463,Mercury_SC_401798,C,C,1,json,"{
  ""answer"": ""C""
}",p1_format
2316,463,Mercury_SC_401798,C,C,1,json,"{""answer"": ""C""}",p1_format_soft
2317,463,Mercury_SC_401798,C,C,1,heuristic,C,p2_complexity
2318,463,Mercury_SC_401798,C,C,1,heuristic,C,p4_role
2319,463,Mercury_SC_401798,C,C,1,heuristic,Answer: C,p5_fewshot
2320,464,Mercury_7084228,D,D,1,json,"{
  ""answer"": ""D""
}",p1_format
2321,464,Mercury_7084228,D,D,1,json,"{""answer"": ""D""}",p1_format_soft
2322,464,Mercury_7084228,D,D,1,heuristic,D,p2_complexity
2323,464,Mercury_7084228,D,D,1,heuristic,D,p4_role
2324,464,Mercury_7084228,D,D,1,heuristic,Answer: D,p5_fewshot
2325,465,Mercury_417460,A,B,0,json,"{""answer"": ""B""}",p1_format
2326,465,Mercury_417460,A,B,0,json,"{""answer"": ""B""}",p1_format_soft
2327,465,Mercury_417460,A,B,0,heuristic,B,p2_complexity
2328,465,Mercury_417460,A,B,0,heuristic,B,p4_role
2329,465,Mercury_417460,A,B,0,heuristic,Answer: B,p5_fewshot
2330,466,Mercury_402539,B,B,1,json,"{
  ""answer"": ""B""
}",p1_format
2331,466,Mercury_402539,B,B,1,json,"{""answer"": ""B""}",p1_format_soft
2332,466,Mercury_402539,B,B,1,heuristic,B,p2_complexity
2333,466,Mercury_402539,B,B,1,heuristic,B,p4_role
2334,466,Mercury_402539,B,B,1,heuristic,B,p5_fewshot
2335,467,Mercury_406800,B,B,1,json,"{
  ""answer"": ""B""
}",p1_format
2336,467,Mercury_406800,B,B,1,json,"{""answer"": ""B""}",p1_format_soft
2337,467,Mercury_406800,B,B,1,heuristic,B,p2_complexity
2338,467,Mercury_406800,B,B,1,heuristic,B,p4_role
2339,467,Mercury_406800,B,B,1,heuristic,B,p5_fewshot
2340,468,Mercury_SC_408321,A,A,1,json,"{
  ""answer"": ""A""
}",p1_format
2341,468,Mercury_SC_408321,A,A,1,json,"{""answer"": ""A""}",p1_format_soft
2342,468,Mercury_SC_408321,A,A,1,heuristic,A,p2_complexity
2343,468,Mercury_SC_408321,A,A,1,heuristic,A,p4_role
2344,468,Mercury_SC_408321,A,A,1,heuristic,Answer: A,p5_fewshot
2345,469,Mercury_SC_406836,C,C,1,json,"{
  ""answer"": ""C""
}",p1_format
2346,469,Mercury_SC_406836,C,C,1,json,"{""answer"": ""C""}",p1_format_soft
2347,469,Mercury_SC_406836,C,C,1,heuristic,C,p2_complexity
2348,469,Mercury_SC_406836,C,C,1,heuristic,C,p4_role
2349,469,Mercury_SC_406836,C,C,1,heuristic,C,p5_fewshot
2350,470,Mercury_SC_410963,D,D,1,json,"{
  ""answer"": ""D""
}",p1_format
2351,470,Mercury_SC_410963,D,D,1,json,"{""answer"": ""D""}",p1_format_soft
2352,470,Mercury_SC_410963,D,D,1,heuristic,D,p2_complexity
2353,470,Mercury_SC_410963,D,D,1,heuristic,D,p4_role
2354,470,Mercury_SC_410963,D,D,1,heuristic,Answer: D,p5_fewshot
2355,471,Mercury_7132405,D,D,1,json,"{
  ""answer"": ""D""
}",p1_format
2356,471,Mercury_7132405,D,D,1,json,"{""answer"": ""D""}",p1_format_soft
2357,471,Mercury_7132405,D,D,1,heuristic,D,p2_complexity
2358,471,Mercury_7132405,D,D,1,heuristic,D,p4_role
2359,471,Mercury_7132405,D,D,1,heuristic,D,p5_fewshot
2360,472,Mercury_SC_408872,C,C,1,json,"{
  ""answer"": ""C""
}",p1_format
2361,472,Mercury_SC_408872,C,C,1,json,"{""answer"": ""C""}",p1_format_soft
2362,472,Mercury_SC_408872,C,C,1,heuristic,C,p2_complexity
2363,472,Mercury_SC_408872,C,C,1,heuristic,C,p4_role
2364,472,Mercury_SC_408872,C,C,1,heuristic,Answer: C,p5_fewshot
2365,473,VASoL_2008_3_25,B,B,1,json,"{
  ""answer"": ""B""
}",p1_format
2366,473,VASoL_2008_3_25,B,B,1,json,"{""answer"": ""B""}",p1_format_soft
2367,473,VASoL_2008_3_25,B,B,1,heuristic,B,p2_complexity
2368,473,VASoL_2008_3_25,B,B,1,heuristic,B,p4_role
2369,473,VASoL_2008_3_25,B,B,1,heuristic,Answer: B,p5_fewshot
2370,474,WASL_2005_8_12,A,A,1,json,"{
  ""answer"": ""A""
}",p1_format
2371,474,WASL_2005_8_12,A,A,1,json,"{""answer"": ""A""}",p1_format_soft
2372,474,WASL_2005_8_12,A,A,1,heuristic,A,p2_complexity
2373,474,WASL_2005_8_12,A,A,1,heuristic,A,p4_role
2374,474,WASL_2005_8_12,A,A,1,heuristic,A,p5_fewshot
2375,475,AKDE&ED_2012_8_20,B,B,1,json,"{
  ""answer"": ""B""
}",p1_format
2376,475,AKDE&ED_2012_8_20,B,B,1,json,"{""answer"": ""B""}",p1_format_soft
2377,475,AKDE&ED_2012_8_20,B,B,1,heuristic,B,p2_complexity
2378,475,AKDE&ED_2012_8_20,B,B,1,heuristic,B,p4_role
2379,475,AKDE&ED_2012_8_20,B,B,1,heuristic,Answer: B,p5_fewshot
2380,476,Mercury_7056823,B,B,1,json,"{
  ""answer"": ""B""
}",p1_format
2381,476,Mercury_7056823,B,B,1,json,"{""answer"": ""B""}",p1_format_soft
2382,476,Mercury_7056823,B,B,1,heuristic,B,p2_complexity
2383,476,Mercury_7056823,B,B,1,heuristic,B,p4_role
2384,476,Mercury_7056823,B,B,1,heuristic,B,p5_fewshot
2385,477,Mercury_7205800,B,B,1,json,"{
  ""answer"": ""B""
}",p1_format
2386,477,Mercury_7205800,B,B,1,json,"{""answer"": ""B""}",p1_format_soft
2387,477,Mercury_7205800,B,B,1,heuristic,B,p2_complexity
2388,477,Mercury_7205800,B,B,1,heuristic,B,p4_role
2389,477,Mercury_7205800,B,B,1,heuristic,B,p5_fewshot
2390,478,Mercury_SC_402282,A,A,1,json,"{
  ""answer"": ""A""
}",p1_format
2391,478,Mercury_SC_402282,A,A,1,json,"{""answer"": ""A""}",p1_format_soft
2392,478,Mercury_SC_402282,A,A,1,heuristic,A,p2_complexity
2393,478,Mercury_SC_402282,A,A,1,heuristic,A,p4_role
2394,478,Mercury_SC_402282,A,A,1,heuristic,Answer: A,p5_fewshot
2395,479,MCAS_1998_8_26,C,C,1,json,"{
  ""answer"": ""C""
}",p1_format
2396,479,MCAS_1998_8_26,C,C,1,json,"{""answer"": ""C""}",p1_format_soft
2397,479,MCAS_1998_8_26,C,C,1,heuristic,C,p2_complexity
2398,479,MCAS_1998_8_26,C,C,1,heuristic,C,p4_role
2399,479,MCAS_1998_8_26,C,C,1,heuristic,C,p5_fewshot
2400,480,Mercury_7230318,D,D,1,json,"{
  ""answer"": ""D""
}",p1_format
2401,480,Mercury_7230318,D,D,1,json,"{""answer"": ""D""}",p1_format_soft
2402,480,Mercury_7230318,D,D,1,heuristic,D,p2_complexity
2403,480,Mercury_7230318,D,D,1,heuristic,D,p4_role
2404,480,Mercury_7230318,D,D,1,heuristic,D,p5_fewshot
2405,481,Mercury_SC_416167,C,C,1,json,"{
  ""answer"": ""C""
}",p1_format
2406,481,Mercury_SC_416167,C,C,1,json,"{""answer"": ""C""}",p1_format_soft
2407,481,Mercury_SC_416167,C,C,1,heuristic,C,p2_complexity
2408,481,Mercury_SC_416167,C,C,1,heuristic,C,p4_role
2409,481,Mercury_SC_416167,C,C,1,heuristic,C,p5_fewshot
2410,482,Mercury_7027720,B,B,1,json,"{""answer"": ""B""}",p1_format
2411,482,Mercury_7027720,B,B,1,json,"{""answer"": ""B""}",p1_format_soft
2412,482,Mercury_7027720,B,B,1,heuristic,B,p2_complexity
2413,482,Mercury_7027720,B,B,1,heuristic,B,p4_role
2414,482,Mercury_7027720,B,B,1,heuristic,Answer: B,p5_fewshot
2415,483,LEAP__5_10312,B,B,1,json,"{
  ""answer"": ""B""
}",p1_format
2416,483,LEAP__5_10312,B,B,1,json,"{""answer"": ""B""}",p1_format_soft
2417,483,LEAP__5_10312,B,B,1,heuristic,B,p2_complexity
2418,483,LEAP__5_10312,B,B,1,heuristic,B,p4_role
2419,483,LEAP__5_10312,B,B,1,heuristic,B,p5_fewshot
2420,484,Mercury_405161,D,D,1,json,"{
  ""answer"": ""D""
}",p1_format
2421,484,Mercury_405161,D,D,1,json,"{""answer"": ""D""}",p1_format_soft
2422,484,Mercury_405161,D,D,1,heuristic,D,p2_complexity
2423,484,Mercury_405161,D,D,1,heuristic,D,p4_role
2424,484,Mercury_405161,D,D,1,heuristic,D,p5_fewshot
2425,485,Mercury_SC_409245,D,D,1,json,"{
  ""answer"": ""D""
}",p1_format
2426,485,Mercury_SC_409245,D,D,1,json,"{""answer"": ""D""}",p1_format_soft
2427,485,Mercury_SC_409245,D,D,1,heuristic,D,p2_complexity
2428,485,Mercury_SC_409245,D,D,1,heuristic,D,p4_role
2429,485,Mercury_SC_409245,D,D,1,heuristic,D,p5_fewshot
2430,486,ACTAAP_2011_5_8,C,C,1,json,"{
  ""answer"": ""C""
}",p1_format
2431,486,ACTAAP_2011_5_8,C,C,1,json,"{""answer"": ""C""}",p1_format_soft
2432,486,ACTAAP_2011_5_8,C,C,1,heuristic,C,p2_complexity
2433,486,ACTAAP_2011_5_8,C,C,1,heuristic,C,p4_role
2434,486,ACTAAP_2011_5_8,C,C,1,heuristic,C,p5_fewshot
2435,487,Mercury_7223370,D,D,1,json,"{
  ""answer"": ""D""
}",p1_format
2436,487,Mercury_7223370,D,D,1,json,"{""answer"": ""D""}",p1_format_soft
2437,487,Mercury_7223370,D,D,1,heuristic,D,p2_complexity
2438,487,Mercury_7223370,D,D,1,heuristic,D,p4_role
2439,487,Mercury_7223370,D,D,1,heuristic,Answer: D,p5_fewshot
2440,488,Mercury_SC_400697,B,B,1,json,"{
  ""answer"": ""B""
}",p1_format
2441,488,Mercury_SC_400697,B,B,1,json,"{""answer"": ""B""}",p1_format_soft
2442,488,Mercury_SC_400697,B,B,1,heuristic,B,p2_complexity
2443,488,Mercury_SC_400697,B,B,1,heuristic,B,p4_role
2444,488,Mercury_SC_400697,B,B,1,heuristic,Answer: B,p5_fewshot
2445,489,Mercury_SC_401262,D,D,1,json,"{
  ""answer"": ""D""
}",p1_format
2446,489,Mercury_SC_401262,D,D,1,json,"{""answer"": ""D""}",p1_format_soft
2447,489,Mercury_SC_401262,D,D,1,heuristic,D,p2_complexity
2448,489,Mercury_SC_401262,D,D,1,heuristic,D,p4_role
2449,489,Mercury_SC_401262,D,D,1,heuristic,D,p5_fewshot
2450,490,Mercury_7136063,B,B,1,json,"{
  ""answer"": ""B""
}",p1_format
2451,490,Mercury_7136063,B,B,1,json,"{""answer"": ""B""}",p1_format_soft
2452,490,Mercury_7136063,B,B,1,heuristic,B,p2_complexity
2453,490,Mercury_7136063,B,B,1,heuristic,B,p4_role
2454,490,Mercury_7136063,B,B,1,heuristic,B,p5_fewshot
2455,491,Mercury_405876,D,D,1,json,"{
  ""answer"": ""D""
}",p1_format
2456,491,Mercury_405876,D,D,1,json,"{""answer"": ""D""}",p1_format_soft
2457,491,Mercury_405876,D,D,1,heuristic,D,p2_complexity
2458,491,Mercury_405876,D,D,1,heuristic,D,p4_role
2459,491,Mercury_405876,D,D,1,heuristic,D,p5_fewshot
2460,492,Mercury_7057890,A,A,1,json,"{
  ""answer"": ""A""
}",p1_format
2461,492,Mercury_7057890,A,A,1,json,"{""answer"": ""A""}",p1_format_soft
2462,492,Mercury_7057890,A,A,1,heuristic,A,p2_complexity
2463,492,Mercury_7057890,A,A,1,heuristic,A,p4_role
2464,492,Mercury_7057890,A,A,1,heuristic,Answer: A,p5_fewshot
2465,493,LEAP_2002_4_10247,B,B,1,json,"{
  ""answer"": ""B""
}",p1_format
2466,493,LEAP_2002_4_10247,B,B,1,json,"{""answer"": ""B""}",p1_format_soft
2467,493,LEAP_2002_4_10247,B,B,1,heuristic,B,p2_complexity
2468,493,LEAP_2002_4_10247,B,B,1,heuristic,B,p4_role
2469,493,LEAP_2002_4_10247,B,B,1,heuristic,Answer: B,p5_fewshot
2470,494,Mercury_SC_405481,C,C,1,json,"{
  ""answer"": ""C""
}",p1_format
2471,494,Mercury_SC_405481,C,C,1,json,"{""answer"": ""C""}",p1_format_soft
2472,494,Mercury_SC_405481,C,C,1,heuristic,C,p2_complexity
2473,494,Mercury_SC_405481,C,C,1,heuristic,C,p4_role
2474,494,Mercury_SC_405481,C,C,1,heuristic,C,p5_fewshot
2475,495,Mercury_SC_400401,B,B,1,json,"{
  ""answer"": ""B""
}",p1_format
2476,495,Mercury_SC_400401,B,B,1,json,"{""answer"": ""B""}",p1_format_soft
2477,495,Mercury_SC_400401,B,B,1,heuristic,B,p2_complexity
2478,495,Mercury_SC_400401,B,B,1,heuristic,B,p4_role
2479,495,Mercury_SC_400401,B,B,1,heuristic,Answer: B,p5_fewshot
2480,496,Mercury_7064260,B,B,1,json,"{
  ""answer"": ""B""
}",p1_format
2481,496,Mercury_7064260,B,B,1,json,"{""answer"": ""B""}",p1_format_soft
2482,496,Mercury_7064260,B,B,1,heuristic,B,p2_complexity
2483,496,Mercury_7064260,B,B,1,heuristic,B,p4_role
2484,496,Mercury_7064260,B,B,1,heuristic,B,p5_fewshot
2485,497,Mercury_7015995,B,B,1,json,"{
  ""answer"": ""B""
}",p1_format
2486,497,Mercury_7015995,B,B,1,json,"{""answer"": ""B""}",p1_format_soft
2487,497,Mercury_7015995,B,B,1,heuristic,B,p2_complexity
2488,497,Mercury_7015995,B,B,1,heuristic,B,p4_role
2489,497,Mercury_7015995,B,B,1,heuristic,Answer: B,p5_fewshot
2490,498,Mercury_400887,B,B,1,json,"{
  ""answer"": ""B""
}",p1_format
2491,498,Mercury_400887,B,B,1,json,"{""answer"": ""B""}",p1_format_soft
2492,498,Mercury_400887,B,B,1,heuristic,B,p2_complexity
2493,498,Mercury_400887,B,B,1,heuristic,B,p4_role
2494,498,Mercury_400887,B,B,1,heuristic,B,p5_fewshot
2495,499,Mercury_7247678,A,A,1,json,"{
  ""answer"": ""A""
}",p1_format
2496,499,Mercury_7247678,A,A,1,json,"{""answer"": ""A""}",p1_format_soft
2497,499,Mercury_7247678,A,A,1,heuristic,A,p2_complexity
2498,499,Mercury_7247678,A,A,1,heuristic,A,p4_role
2499,499,Mercury_7247678,A,A,1,heuristic,A,p5_fewshot
2500,500,MDSA_2007_8_24,C,C,1,json,"{
  ""answer"": ""C""
}",p1_format
2501,500,MDSA_2007_8_24,C,C,1,json,"{""answer"": ""C""}",p1_format_soft
2502,500,MDSA_2007_8_24,C,C,1,heuristic,C,p2_complexity
2503,500,MDSA_2007_8_24,C,C,1,heuristic,C,p4_role
2504,500,MDSA_2007_8_24,C,C,1,heuristic,C,p5_fewshot
2505,501,AKDE&ED_2008_8_48,A,A,1,json,"{
  ""answer"": ""A""
}",p1_format
2506,501,AKDE&ED_2008_8_48,A,A,1,json,"{""answer"": ""A""}",p1_format_soft
2507,501,AKDE&ED_2008_8_48,A,A,1,heuristic,A,p2_complexity
2508,501,AKDE&ED_2008_8_48,A,A,1,heuristic,A,p4_role
2509,501,AKDE&ED_2008_8_48,A,A,1,heuristic,Answer: A,p5_fewshot
2510,502,Mercury_401014,C,C,1,json,"{
  ""answer"": ""C""
}",p1_format
2511,502,Mercury_401014,C,C,1,json,"{""answer"": ""C""}",p1_format_soft
2512,502,Mercury_401014,C,C,1,heuristic,C,p2_complexity
2513,502,Mercury_401014,C,C,1,heuristic,C,p4_role
2514,502,Mercury_401014,C,C,1,heuristic,C,p5_fewshot
2515,503,Mercury_7106698,A,A,1,json,"{
  ""answer"": ""A""
}",p1_format
2516,503,Mercury_7106698,A,A,1,json,"{""answer"": ""A""}",p1_format_soft
2517,503,Mercury_7106698,A,A,1,heuristic,A,p2_complexity
2518,503,Mercury_7106698,A,A,1,heuristic,A,p4_role
2519,503,Mercury_7106698,A,A,1,heuristic,A,p5_fewshot
2520,504,Mercury_7143308,B,B,1,json,"{
  ""answer"": ""B""
}",p1_format
2521,504,Mercury_7143308,B,B,1,json,"{""answer"": ""B""}",p1_format_soft
2522,504,Mercury_7143308,B,B,1,heuristic,B,p2_complexity
2523,504,Mercury_7143308,B,B,1,heuristic,B,p4_role
2524,504,Mercury_7143308,B,B,1,heuristic,B,p5_fewshot
2525,505,MCAS_2005_9_21,B,B,1,json,"{
  ""answer"": ""B""
}",p1_format
2526,505,MCAS_2005_9_21,B,B,1,json,"{""answer"": ""B""}",p1_format_soft
2527,505,MCAS_2005_9_21,B,B,1,heuristic,B,p2_complexity
2528,505,MCAS_2005_9_21,B,B,1,heuristic,B,p4_role
2529,505,MCAS_2005_9_21,B,B,1,heuristic,B,p5_fewshot
2530,506,Mercury_400443,B,B,1,json,"{
  ""answer"": ""B""
}",p1_format
2531,506,Mercury_400443,B,B,1,json,"{""answer"": ""B""}",p1_format_soft
2532,506,Mercury_400443,B,B,1,heuristic,B,p2_complexity
2533,506,Mercury_400443,B,B,1,heuristic,B,p4_role
2534,506,Mercury_400443,B,B,1,heuristic,B,p5_fewshot
2535,507,Mercury_7283430,B,B,1,json,"{
  ""answer"": ""B""
}",p1_format
2536,507,Mercury_7283430,B,B,1,json,"{""answer"": ""B""}",p1_format_soft
2537,507,Mercury_7283430,B,B,1,heuristic,B,p2_complexity
2538,507,Mercury_7283430,B,B,1,heuristic,B,p4_role
2539,507,Mercury_7283430,B,B,1,heuristic,Answer: B,p5_fewshot
2540,508,Mercury_7159250,C,C,1,json,"{
  ""answer"": ""C""
}",p1_format
2541,508,Mercury_7159250,C,C,1,json,"{""answer"": ""C""}",p1_format_soft
2542,508,Mercury_7159250,C,C,1,heuristic,C,p2_complexity
2543,508,Mercury_7159250,C,C,1,heuristic,C,p4_role
2544,508,Mercury_7159250,C,C,1,heuristic,C,p5_fewshot
2545,509,Mercury_401912,A,A,1,json,"{
  ""answer"": ""A""
}",p1_format
2546,509,Mercury_401912,A,A,1,json,"{""answer"": ""A""}",p1_format_soft
2547,509,Mercury_401912,A,A,1,heuristic,A,p2_complexity
2548,509,Mercury_401912,A,A,1,heuristic,A,p4_role
2549,509,Mercury_401912,A,A,1,heuristic,Answer: A,p5_fewshot
2550,510,Mercury_7219328,B,B,1,json,"{
  ""answer"": ""B""
}",p1_format
2551,510,Mercury_7219328,B,B,1,json,"{""answer"": ""B""}",p1_format_soft
2552,510,Mercury_7219328,B,B,1,heuristic,B,p2_complexity
2553,510,Mercury_7219328,B,B,1,heuristic,B,p4_role
2554,510,Mercury_7219328,B,B,1,heuristic,B,p5_fewshot
2555,511,Mercury_7214498,C,C,1,json,"{
  ""answer"": ""C""
}",p1_format
2556,511,Mercury_7214498,C,C,1,json,"{""answer"": ""C""}",p1_format_soft
2557,511,Mercury_7214498,C,C,1,heuristic,C,p2_complexity
2558,511,Mercury_7214498,C,C,1,heuristic,C,p4_role
2559,511,Mercury_7214498,C,C,1,heuristic,Answer: C,p5_fewshot
2560,512,TAKS_2009_5_14,A,A,1,json,"{
  ""answer"": ""A""
}",p1_format
2561,512,TAKS_2009_5_14,A,A,1,json,"{""answer"": ""A""}",p1_format_soft
2562,512,TAKS_2009_5_14,A,A,1,heuristic,A,p2_complexity
2563,512,TAKS_2009_5_14,A,A,1,heuristic,A,p4_role
2564,512,TAKS_2009_5_14,A,A,1,heuristic,A,p5_fewshot
2565,513,NYSEDREGENTS_2013_4_17,D,D,1,json,"{
  ""answer"": ""D""
}",p1_format
2566,513,NYSEDREGENTS_2013_4_17,D,D,1,json,"{""answer"": ""D""}",p1_format_soft
2567,513,NYSEDREGENTS_2013_4_17,D,D,1,heuristic,D,p2_complexity
2568,513,NYSEDREGENTS_2013_4_17,D,D,1,heuristic,D,p4_role
2569,513,NYSEDREGENTS_2013_4_17,D,D,1,heuristic,D,p5_fewshot
2570,514,Mercury_403907,C,C,1,json,"{
  ""answer"": ""C""
}",p1_format
2571,514,Mercury_403907,C,C,1,json,"{""answer"": ""C""}",p1_format_soft
2572,514,Mercury_403907,C,C,1,heuristic,C,p2_complexity
2573,514,Mercury_403907,C,C,1,heuristic,C,p4_role
2574,514,Mercury_403907,C,C,1,heuristic,C,p5_fewshot
2575,515,Mercury_7081480,A,A,1,json,"{
  ""answer"": ""A""
}",p1_format
2576,515,Mercury_7081480,A,A,1,json,"{""answer"": ""A""}",p1_format_soft
2577,515,Mercury_7081480,A,A,1,heuristic,A,p2_complexity
2578,515,Mercury_7081480,A,A,1,heuristic,A,p4_role
2579,515,Mercury_7081480,A,A,1,heuristic,A,p5_fewshot
2580,516,Mercury_416505,B,B,1,json,"{
  ""answer"": ""B""
}",p1_format
2581,516,Mercury_416505,B,B,1,json,"{""answer"": ""B""}",p1_format_soft
2582,516,Mercury_416505,B,B,1,heuristic,B,p2_complexity
2583,516,Mercury_416505,B,B,1,heuristic,B,p4_role
2584,516,Mercury_416505,B,B,1,heuristic,B,p5_fewshot
2585,517,Mercury_7041668,D,D,1,json,"{
  ""answer"": ""D""
}",p1_format
2586,517,Mercury_7041668,D,D,1,json,"{""answer"": ""D""}",p1_format_soft
2587,517,Mercury_7041668,D,D,1,heuristic,D,p2_complexity
2588,517,Mercury_7041668,D,D,1,heuristic,D,p4_role
2589,517,Mercury_7041668,D,D,1,heuristic,Answer: D,p5_fewshot
2590,518,Mercury_SC_401309,C,B,0,json,"{
  ""answer"": ""B""
}",p1_format
2591,518,Mercury_SC_401309,C,B,0,json,"{""answer"": ""B""}",p1_format_soft
2592,518,Mercury_SC_401309,C,B,0,heuristic,B,p2_complexity
2593,518,Mercury_SC_401309,C,B,0,heuristic,B,p4_role
2594,518,Mercury_SC_401309,C,B,0,heuristic,Answer: B,p5_fewshot
2595,519,NYSEDREGENTS_2010_4_1,B,B,1,json,"{
  ""answer"": ""B""
}",p1_format
2596,519,NYSEDREGENTS_2010_4_1,B,B,1,json,"{""answer"": ""B""}",p1_format_soft
2597,519,NYSEDREGENTS_2010_4_1,B,B,1,heuristic,B,p2_complexity
2598,519,NYSEDREGENTS_2010_4_1,B,B,1,heuristic,B,p4_role
2599,519,NYSEDREGENTS_2010_4_1,B,B,1,heuristic,B,p5_fewshot
2600,520,ACTAAP_2007_7_36,C,C,1,json,"{
  ""answer"": ""C""
}",p1_format
2601,520,ACTAAP_2007_7_36,C,C,1,json,"{""answer"": ""C""}",p1_format_soft
2602,520,ACTAAP_2007_7_36,C,C,1,heuristic,C,p2_complexity
2603,520,ACTAAP_2007_7_36,C,C,1,heuristic,C,p4_role
2604,520,ACTAAP_2007_7_36,C,C,1,heuristic,C,p5_fewshot
2605,521,VASoL_2009_3_12,D,D,1,json,"{
  ""answer"": ""D""
}",p1_format
2606,521,VASoL_2009_3_12,D,D,1,json,"{""answer"": ""D""}",p1_format_soft
2607,521,VASoL_2009_3_12,D,D,1,heuristic,D,p2_complexity
2608,521,VASoL_2009_3_12,D,D,1,heuristic,D,p4_role
2609,521,VASoL_2009_3_12,D,D,1,heuristic,Answer: D,p5_fewshot
2610,522,Mercury_7085295,C,C,1,json,"{
  ""answer"": ""C""
}",p1_format
2611,522,Mercury_7085295,C,C,1,json,"{""answer"": ""C""}",p1_format_soft
2612,522,Mercury_7085295,C,C,1,heuristic,C,p2_complexity
2613,522,Mercury_7085295,C,C,1,heuristic,C,p4_role
2614,522,Mercury_7085295,C,C,1,heuristic,C,p5_fewshot
2615,523,Mercury_7201968,A,A,1,json,"{
  ""answer"": ""A""
}",p1_format
2616,523,Mercury_7201968,A,A,1,json,"{""answer"": ""A""}",p1_format_soft
2617,523,Mercury_7201968,A,A,1,heuristic,A,p2_complexity
2618,523,Mercury_7201968,A,A,1,heuristic,A,p4_role
2619,523,Mercury_7201968,A,A,1,heuristic,A,p5_fewshot
2620,524,Mercury_7214008,C,C,1,json,"{
  ""answer"": ""C""
}",p1_format
2621,524,Mercury_7214008,C,C,1,json,"{""answer"": ""C""}",p1_format_soft
2622,524,Mercury_7214008,C,C,1,heuristic,C,p2_complexity
2623,524,Mercury_7214008,C,C,1,heuristic,C,p4_role
2624,524,Mercury_7214008,C,C,1,heuristic,C,p5_fewshot
2625,525,Mercury_176855,B,B,1,json,"{
  ""answer"": ""B""
}",p1_format
2626,525,Mercury_176855,B,B,1,json,"{""answer"": ""B""}",p1_format_soft
2627,525,Mercury_176855,B,B,1,heuristic,B,p2_complexity
2628,525,Mercury_176855,B,B,1,heuristic,B,p4_role
2629,525,Mercury_176855,B,B,1,heuristic,Answer: B,p5_fewshot
2630,526,Mercury_SC_401678,B,B,1,json,"{
  ""answer"": ""B""
}",p1_format
2631,526,Mercury_SC_401678,B,B,1,json,"{""answer"": ""B""}",p1_format_soft
2632,526,Mercury_SC_401678,B,B,1,heuristic,B,p2_complexity
2633,526,Mercury_SC_401678,B,B,1,heuristic,B,p4_role
2634,526,Mercury_SC_401678,B,B,1,heuristic,Answer: B,p5_fewshot
2635,527,Mercury_417143,D,D,1,json,"{
  ""answer"": ""D""
}",p1_format
2636,527,Mercury_417143,D,D,1,json,"{""answer"": ""D""}",p1_format_soft
2637,527,Mercury_417143,D,D,1,heuristic,D,p2_complexity
2638,527,Mercury_417143,D,D,1,heuristic,D,p4_role
2639,527,Mercury_417143,D,D,1,heuristic,D,p5_fewshot
2640,528,NYSEDREGENTS_2013_4_21,D,D,1,json,"{
  ""answer"": ""D""
}",p1_format
2641,528,NYSEDREGENTS_2013_4_21,D,D,1,json,"{""answer"": ""D""}",p1_format_soft
2642,528,NYSEDREGENTS_2013_4_21,D,D,1,heuristic,D,p2_complexity
2643,528,NYSEDREGENTS_2013_4_21,D,D,1,heuristic,D,p4_role
2644,528,NYSEDREGENTS_2013_4_21,D,D,1,heuristic,D,p5_fewshot
2645,529,Mercury_7032620,B,B,1,json,"{
  ""answer"": ""B""
}",p1_format
2646,529,Mercury_7032620,B,B,1,json,"{""answer"": ""B""}",p1_format_soft
2647,529,Mercury_7032620,B,B,1,heuristic,B,p2_complexity
2648,529,Mercury_7032620,B,B,1,heuristic,B,p4_role
2649,529,Mercury_7032620,B,B,1,heuristic,Answer: B,p5_fewshot
2650,530,NYSEDREGENTS_2008_8_9,D,D,1,json,"{
  ""answer"": ""D""
}",p1_format
2651,530,NYSEDREGENTS_2008_8_9,D,D,1,json,"{""answer"": ""D""}",p1_format_soft
2652,530,NYSEDREGENTS_2008_8_9,D,D,1,heuristic,D,p2_complexity
2653,530,NYSEDREGENTS_2008_8_9,D,D,1,heuristic,D,p4_role
2654,530,NYSEDREGENTS_2008_8_9,D,D,1,heuristic,Answer: D,p5_fewshot
2655,531,TAKS_2009_8_27,C,C,1,json,"{
  ""answer"": ""C""
}",p1_format
2656,531,TAKS_2009_8_27,C,C,1,json,"{""answer"": ""C""}",p1_format_soft
2657,531,TAKS_2009_8_27,C,C,1,heuristic,C,p2_complexity
2658,531,TAKS_2009_8_27,C,C,1,heuristic,C,p4_role
2659,531,TAKS_2009_8_27,C,C,1,heuristic,C,p5_fewshot
2660,532,NCEOGA_2013_8_57,C,C,1,json,"{
  ""answer"": ""C""
}",p1_format
2661,532,NCEOGA_2013_8_57,C,C,1,json,"{""answer"": ""C""}",p1_format_soft
2662,532,NCEOGA_2013_8_57,C,C,1,heuristic,C,p2_complexity
2663,532,NCEOGA_2013_8_57,C,C,1,heuristic,C,p4_role
2664,532,NCEOGA_2013_8_57,C,C,1,heuristic,C,p5_fewshot
2665,533,Mercury_SC_413143,C,C,1,json,"{
  ""answer"": ""C""
}",p1_format
2666,533,Mercury_SC_413143,C,C,1,json,"{""answer"": ""C""}",p1_format_soft
2667,533,Mercury_SC_413143,C,C,1,heuristic,C,p2_complexity
2668,533,Mercury_SC_413143,C,C,1,heuristic,C,p4_role
2669,533,Mercury_SC_413143,C,C,1,heuristic,C,p5_fewshot
2670,534,Mercury_401195,D,D,1,json,"{
  ""answer"": ""D""
}",p1_format
2671,534,Mercury_401195,D,D,1,json,"{""answer"": ""D""}",p1_format_soft
2672,534,Mercury_401195,D,D,1,heuristic,D,p2_complexity
2673,534,Mercury_401195,D,D,1,heuristic,D,p4_role
2674,534,Mercury_401195,D,D,1,heuristic,D,p5_fewshot
2675,535,CSZ10358,A,A,1,json,"{
  ""answer"": ""A""
}",p1_format
2676,535,CSZ10358,A,A,1,json,"{""answer"": ""A""}",p1_format_soft
2677,535,CSZ10358,A,A,1,heuristic,A,p2_complexity
2678,535,CSZ10358,A,A,1,heuristic,A,p4_role
2679,535,CSZ10358,A,A,1,heuristic,Answer: A,p5_fewshot
2680,536,MCAS_1999_4_26,C,C,1,json,"{
  ""answer"": ""C""
}",p1_format
2681,536,MCAS_1999_4_26,C,C,1,json,"{""answer"": ""C""}",p1_format_soft
2682,536,MCAS_1999_4_26,C,C,1,heuristic,C,p2_complexity
2683,536,MCAS_1999_4_26,C,C,1,heuristic,C,p4_role
2684,536,MCAS_1999_4_26,C,C,1,heuristic,C,p5_fewshot
2685,537,AKDE&ED_2008_8_36,A,A,1,json,"{
  ""answer"": ""A""
}",p1_format
2686,537,AKDE&ED_2008_8_36,A,A,1,json,"{""answer"": ""A""}",p1_format_soft
2687,537,AKDE&ED_2008_8_36,A,A,1,heuristic,A,p2_complexity
2688,537,AKDE&ED_2008_8_36,A,A,1,heuristic,A,p4_role
2689,537,AKDE&ED_2008_8_36,A,A,1,heuristic,Answer: A,p5_fewshot
2690,538,Mercury_7017938,B,B,1,json,"{
  ""answer"": ""B""
}",p1_format
2691,538,Mercury_7017938,B,B,1,json,"{""answer"": ""B""}",p1_format_soft
2692,538,Mercury_7017938,B,B,1,heuristic,B,p2_complexity
2693,538,Mercury_7017938,B,B,1,heuristic,B,p4_role
2694,538,Mercury_7017938,B,B,1,heuristic,B,p5_fewshot
2695,539,MDSA_2013_8_32,D,D,1,json,"{
  ""answer"": ""D""
}",p1_format
2696,539,MDSA_2013_8_32,D,D,1,json,"{""answer"": ""D""}",p1_format_soft
2697,539,MDSA_2013_8_32,D,D,1,heuristic,D,p2_complexity
2698,539,MDSA_2013_8_32,D,D,1,heuristic,D,p4_role
2699,539,MDSA_2013_8_32,D,D,1,heuristic,D,p5_fewshot
2700,540,Mercury_7038028,C,C,1,json,"{
  ""answer"": ""C""
}",p1_format
2701,540,Mercury_7038028,C,C,1,json,"{""answer"": ""C""}",p1_format_soft
2702,540,Mercury_7038028,C,C,1,heuristic,C,p2_complexity
2703,540,Mercury_7038028,C,C,1,heuristic,C,p4_role
2704,540,Mercury_7038028,C,C,1,heuristic,C,p5_fewshot
2705,541,Mercury_7057103,C,C,1,json,"{
  ""answer"": ""C""
}",p1_format
2706,541,Mercury_7057103,C,C,1,json,"{""answer"": ""C""}",p1_format_soft
2707,541,Mercury_7057103,C,C,1,heuristic,C,p2_complexity
2708,541,Mercury_7057103,C,C,1,heuristic,C,p4_role
2709,541,Mercury_7057103,C,C,1,heuristic,C,p5_fewshot
2710,542,NYSEDREGENTS_2008_4_26,C,C,1,json,"{
  ""answer"": ""C""
}",p1_format
2711,542,NYSEDREGENTS_2008_4_26,C,C,1,json,"{""answer"": ""C""}",p1_format_soft
2712,542,NYSEDREGENTS_2008_4_26,C,C,1,heuristic,C,p2_complexity
2713,542,NYSEDREGENTS_2008_4_26,C,C,1,heuristic,C,p4_role
2714,542,NYSEDREGENTS_2008_4_26,C,C,1,heuristic,C,p5_fewshot
2715,543,Mercury_417117,C,C,1,json,"{
  ""answer"": ""C""
}",p1_format
2716,543,Mercury_417117,C,C,1,json,"{""answer"": ""C""}",p1_format_soft
2717,543,Mercury_417117,C,C,1,heuristic,C,p2_complexity
2718,543,Mercury_417117,C,C,1,heuristic,C,p4_role
2719,543,Mercury_417117,C,C,1,heuristic,Answer: C,p5_fewshot
2720,544,MCAS_2016_8_15,C,C,1,json,"{
  ""answer"": ""C""
}",p1_format
2721,544,MCAS_2016_8_15,C,C,1,json,"{""answer"": ""C""}",p1_format_soft
2722,544,MCAS_2016_8_15,C,C,1,heuristic,C,p2_complexity
2723,544,MCAS_2016_8_15,C,C,1,heuristic,C,p4_role
2724,544,MCAS_2016_8_15,C,C,1,heuristic,C,p5_fewshot
2725,545,Mercury_400780,C,C,1,json,"{
  ""answer"": ""C""
}",p1_format
2726,545,Mercury_400780,C,C,1,json,"{""answer"": ""C""}",p1_format_soft
2727,545,Mercury_400780,C,C,1,heuristic,C,p2_complexity
2728,545,Mercury_400780,C,C,1,heuristic,C,p4_role
2729,545,Mercury_400780,C,C,1,heuristic,C,p5_fewshot
2730,546,NYSEDREGENTS_2008_8_32,A,A,1,json,"{
  ""answer"": ""A""
}",p1_format
2731,546,NYSEDREGENTS_2008_8_32,A,A,1,json,"{""answer"": ""A""}",p1_format_soft
2732,546,NYSEDREGENTS_2008_8_32,A,A,1,heuristic,A,p2_complexity
2733,546,NYSEDREGENTS_2008_8_32,A,A,1,heuristic,A,p4_role
2734,546,NYSEDREGENTS_2008_8_32,A,A,1,heuristic,Answer: A,p5_fewshot
2735,547,Mercury_SC_416104,C,C,1,json,"{
  ""answer"": ""C""
}",p1_format
2736,547,Mercury_SC_416104,C,C,1,json,"{""answer"": ""C""}",p1_format_soft
2737,547,Mercury_SC_416104,C,C,1,heuristic,C,p2_complexity
2738,547,Mercury_SC_416104,C,C,1,heuristic,C,p4_role
2739,547,Mercury_SC_416104,C,C,1,heuristic,C,p5_fewshot
2740,548,Mercury_416646,B,B,1,json,"{""answer"": ""B""}",p1_format
2741,548,Mercury_416646,B,B,1,json,"{""answer"": ""B""}",p1_format_soft
2742,548,Mercury_416646,B,B,1,heuristic,B,p2_complexity
2743,548,Mercury_416646,B,B,1,heuristic,B,p4_role
2744,548,Mercury_416646,B,B,1,heuristic,B,p5_fewshot
2745,549,Mercury_SC_405296,C,C,1,json,"{
  ""answer"": ""C""
}",p1_format
2746,549,Mercury_SC_405296,C,C,1,json,"{""answer"": ""C""}",p1_format_soft
2747,549,Mercury_SC_405296,C,C,1,heuristic,C,p2_complexity
2748,549,Mercury_SC_405296,C,C,1,heuristic,C,p4_role
2749,549,Mercury_SC_405296,C,C,1,heuristic,C,p5_fewshot
2750,550,MCAS_2006_8_31,D,D,1,json,"{
  ""answer"": ""D""
}",p1_format
2751,550,MCAS_2006_8_31,D,D,1,json,"{""answer"": ""D""}",p1_format_soft
2752,550,MCAS_2006_8_31,D,D,1,heuristic,D,p2_complexity
2753,550,MCAS_2006_8_31,D,D,1,heuristic,D,p4_role
2754,550,MCAS_2006_8_31,D,D,1,heuristic,D,p5_fewshot
2755,551,MCAS_2015_5_14,A,A,1,json,"{
  ""answer"": ""A""
}",p1_format
2756,551,MCAS_2015_5_14,A,A,1,json,"{""answer"": ""A""}",p1_format_soft
2757,551,MCAS_2015_5_14,A,A,1,heuristic,A,p2_complexity
2758,551,MCAS_2015_5_14,A,A,1,heuristic,A,p4_role
2759,551,MCAS_2015_5_14,A,A,1,heuristic,A,p5_fewshot
2760,552,Mercury_417465,C,C,1,json,"{
  ""answer"": ""C""
}",p1_format
2761,552,Mercury_417465,C,C,1,json,"{""answer"": ""C""}",p1_format_soft
2762,552,Mercury_417465,C,C,1,heuristic,C,p2_complexity
2763,552,Mercury_417465,C,C,1,heuristic,C,p4_role
2764,552,Mercury_417465,C,C,1,heuristic,C,p5_fewshot
2765,553,MCAS_1998_4_19,D,D,1,json,"{
  ""answer"": ""D""
}",p1_format
2766,553,MCAS_1998_4_19,D,D,1,json,"{""answer"": ""D""}",p1_format_soft
2767,553,MCAS_1998_4_19,D,D,1,heuristic,D,p2_complexity
2768,553,MCAS_1998_4_19,D,D,1,heuristic,D,p4_role
2769,553,MCAS_1998_4_19,D,D,1,heuristic,Answer: D,p5_fewshot
2770,554,Mercury_7214778,D,D,1,json,"{
  ""answer"": ""D""
}",p1_format
2771,554,Mercury_7214778,D,D,1,json,"{""answer"": ""D""}",p1_format_soft
2772,554,Mercury_7214778,D,D,1,heuristic,D,p2_complexity
2773,554,Mercury_7214778,D,D,1,heuristic,D,p4_role
2774,554,Mercury_7214778,D,D,1,heuristic,D,p5_fewshot
2775,555,Mercury_7123393,D,D,1,json,"{
  ""answer"": ""D""
}",p1_format
2776,555,Mercury_7123393,D,D,1,json,"{""answer"": ""D""}",p1_format_soft
2777,555,Mercury_7123393,D,D,1,heuristic,D,p2_complexity
2778,555,Mercury_7123393,D,D,1,heuristic,D,p4_role
2779,555,Mercury_7123393,D,D,1,heuristic,D,p5_fewshot
2780,556,Mercury_7207550,D,D,1,json,"{
  ""answer"": ""D""
}",p1_format
2781,556,Mercury_7207550,D,D,1,json,"{""answer"": ""D""}",p1_format_soft
2782,556,Mercury_7207550,D,D,1,heuristic,D,p2_complexity
2783,556,Mercury_7207550,D,D,1,heuristic,D,p4_role
2784,556,Mercury_7207550,D,D,1,heuristic,D,p5_fewshot
2785,557,Mercury_SC_405827,B,B,1,json,"{""answer"": ""B""}",p1_format
2786,557,Mercury_SC_405827,B,B,1,json,"{""answer"": ""B""}",p1_format_soft
2787,557,Mercury_SC_405827,B,B,1,heuristic,B,p2_complexity
2788,557,Mercury_SC_405827,B,B,1,heuristic,B,p4_role
2789,557,Mercury_SC_405827,B,B,1,heuristic,Answer: B,p5_fewshot
2790,558,NYSEDREGENTS_2015_4_11,D,D,1,json,"{
  ""answer"": ""D""
}",p1_format
2791,558,NYSEDREGENTS_2015_4_11,D,D,1,json,"{""answer"": ""D""}",p1_format_soft
2792,558,NYSEDREGENTS_2015_4_11,D,D,1,heuristic,D,p2_complexity
2793,558,NYSEDREGENTS_2015_4_11,D,D,1,heuristic,D,p4_role
2794,558,NYSEDREGENTS_2015_4_11,D,D,1,heuristic,D,p5_fewshot
2795,559,Mercury_404097,C,C,1,json,"{
  ""answer"": ""C""
}",p1_format
2796,559,Mercury_404097,C,C,1,json,"{""answer"": ""C""}",p1_format_soft
2797,559,Mercury_404097,C,C,1,heuristic,C,p2_complexity
2798,559,Mercury_404097,C,C,1,heuristic,C,p4_role
2799,559,Mercury_404097,C,C,1,heuristic,Answer: C,p5_fewshot
2800,560,AIMS_2009_4_4,C,C,1,json,"{
  ""answer"": ""C""
}",p1_format
2801,560,AIMS_2009_4_4,C,C,1,json,"{""answer"": ""C""}",p1_format_soft
2802,560,AIMS_2009_4_4,C,C,1,heuristic,C,p2_complexity
2803,560,AIMS_2009_4_4,C,C,1,heuristic,C,p4_role
2804,560,AIMS_2009_4_4,C,C,1,heuristic,Answer: C,p5_fewshot
2805,561,NCEOGA_2013_8_18,A,A,1,json,"{
  ""answer"": ""A""
}",p1_format
2806,561,NCEOGA_2013_8_18,A,A,1,json,"{""answer"": ""A""}",p1_format_soft
2807,561,NCEOGA_2013_8_18,A,A,1,heuristic,A,p2_complexity
2808,561,NCEOGA_2013_8_18,A,A,1,heuristic,A,p4_role
2809,561,NCEOGA_2013_8_18,A,A,1,heuristic,Answer: A,p5_fewshot
2810,562,Mercury_400884,B,B,1,json,"{
  ""answer"": ""B""
}",p1_format
2811,562,Mercury_400884,B,B,1,json,"{""answer"": ""B""}",p1_format_soft
2812,562,Mercury_400884,B,B,1,heuristic,B,p2_complexity
2813,562,Mercury_400884,B,B,1,heuristic,B,p4_role
2814,562,Mercury_400884,B,B,1,heuristic,Answer: B,p5_fewshot
2815,563,Mercury_7219678,A,A,1,json,"{
  ""answer"": ""A""
}",p1_format
2816,563,Mercury_7219678,A,A,1,json,"{""answer"": ""A""}",p1_format_soft
2817,563,Mercury_7219678,A,A,1,heuristic,A,p2_complexity
2818,563,Mercury_7219678,A,A,1,heuristic,A,p4_role
2819,563,Mercury_7219678,A,A,1,heuristic,A,p5_fewshot
2820,564,ACTAAP_2010_5_7,B,B,1,json,"{
  ""answer"": ""B""
}",p1_format
2821,564,ACTAAP_2010_5_7,B,B,1,json,"{""answer"": ""B""}",p1_format_soft
2822,564,ACTAAP_2010_5_7,B,B,1,heuristic,B,p2_complexity
2823,564,ACTAAP_2010_5_7,B,B,1,heuristic,B,p4_role
2824,564,ACTAAP_2010_5_7,B,B,1,heuristic,B,p5_fewshot
2825,565,ACTAAP_2012_7_9,C,C,1,json,"{
  ""answer"": ""C""
}",p1_format
2826,565,ACTAAP_2012_7_9,C,C,1,json,"{""answer"": ""C""}",p1_format_soft
2827,565,ACTAAP_2012_7_9,C,C,1,heuristic,C,p2_complexity
2828,565,ACTAAP_2012_7_9,C,C,1,heuristic,C,p4_role
2829,565,ACTAAP_2012_7_9,C,C,1,heuristic,C,p5_fewshot
2830,566,MCAS_2005_8_6,A,A,1,json,"{
  ""answer"": ""A""
}",p1_format
2831,566,MCAS_2005_8_6,A,A,1,json,"{""answer"": ""A""}",p1_format_soft
2832,566,MCAS_2005_8_6,A,A,1,heuristic,A,p2_complexity
2833,566,MCAS_2005_8_6,A,A,1,heuristic,A,p4_role
2834,566,MCAS_2005_8_6,A,A,1,heuristic,A,p5_fewshot
2835,567,Mercury_SC_401162,C,C,1,json,"{
  ""answer"": ""C""
}",p1_format
2836,567,Mercury_SC_401162,C,C,1,json,"{""answer"": ""C""}",p1_format_soft
2837,567,Mercury_SC_401162,C,C,1,heuristic,C,p2_complexity
2838,567,Mercury_SC_401162,C,C,1,heuristic,C,p4_role
2839,567,Mercury_SC_401162,C,C,1,heuristic,Answer: C,p5_fewshot
2840,568,Mercury_SC_407710,D,D,1,json,"{
  ""answer"": ""D""
}",p1_format
2841,568,Mercury_SC_407710,D,D,1,json,"{""answer"": ""D""}",p1_format_soft
2842,568,Mercury_SC_407710,D,D,1,heuristic,D,p2_complexity
2843,568,Mercury_SC_407710,D,D,1,heuristic,D,p4_role
2844,568,Mercury_SC_407710,D,D,1,heuristic,D,p5_fewshot
2845,569,VASoL_2009_3_23,D,D,1,json,"{
  ""answer"": ""D""
}",p1_format
2846,569,VASoL_2009_3_23,D,D,1,json,"{""answer"": ""D""}",p1_format_soft
2847,569,VASoL_2009_3_23,D,D,1,heuristic,D,p2_complexity
2848,569,VASoL_2009_3_23,D,D,1,heuristic,D,p4_role
2849,569,VASoL_2009_3_23,D,D,1,heuristic,Answer: D,p5_fewshot
2850,570,Mercury_SC_402276,D,D,1,json,"{
  ""answer"": ""D""
}",p1_format
2851,570,Mercury_SC_402276,D,D,1,json,"{""answer"": ""D""}",p1_format_soft
2852,570,Mercury_SC_402276,D,D,1,heuristic,D,p2_complexity
2853,570,Mercury_SC_402276,D,D,1,heuristic,D,p4_role
2854,570,Mercury_SC_402276,D,D,1,heuristic,D,p5_fewshot
2855,571,Mercury_400744,A,A,1,json,"{
  ""answer"": ""A""
}",p1_format
2856,571,Mercury_400744,A,A,1,json,"{""answer"": ""A""}",p1_format_soft
2857,571,Mercury_400744,A,A,1,heuristic,A,p2_complexity
2858,571,Mercury_400744,A,A,1,heuristic,A,p4_role
2859,571,Mercury_400744,A,A,1,heuristic,Answer: A,p5_fewshot
2860,572,Mercury_SC_LBS10902,B,B,1,json,"{
  ""answer"": ""B""
}",p1_format
2861,572,Mercury_SC_LBS10902,B,B,1,json,"{""answer"": ""B""}",p1_format_soft
2862,572,Mercury_SC_LBS10902,B,B,1,heuristic,B,p2_complexity
2863,572,Mercury_SC_LBS10902,B,B,1,heuristic,B,p4_role
2864,572,Mercury_SC_LBS10902,B,B,1,heuristic,Answer: B,p5_fewshot
2865,573,Mercury_7133245,B,B,1,json,"{
  ""answer"": ""B""
}",p1_format
2866,573,Mercury_7133245,B,B,1,json,"{""answer"": ""B""}",p1_format_soft
2867,573,Mercury_7133245,B,B,1,heuristic,B,p2_complexity
2868,573,Mercury_7133245,B,B,1,heuristic,B,p4_role
2869,573,Mercury_7133245,B,B,1,heuristic,B,p5_fewshot
2870,574,Mercury_7131530,B,B,1,json,"{
  ""answer"": ""B""
}",p1_format
2871,574,Mercury_7131530,B,B,1,json,"{""answer"": ""B""}",p1_format_soft
2872,574,Mercury_7131530,B,B,1,heuristic,B,p2_complexity
2873,574,Mercury_7131530,B,B,1,heuristic,B,p4_role
2874,574,Mercury_7131530,B,B,1,heuristic,B,p5_fewshot
2875,575,Mercury_7041143,C,C,1,json,"{
  ""answer"": ""C""
}",p1_format
2876,575,Mercury_7041143,C,C,1,json,"{""answer"": ""C""}",p1_format_soft
2877,575,Mercury_7041143,C,C,1,heuristic,C,p2_complexity
2878,575,Mercury_7041143,C,C,1,heuristic,C,p4_role
2879,575,Mercury_7041143,C,C,1,heuristic,C,p5_fewshot
2880,576,MCAS_2010_5_11984,A,A,1,json,"{
  ""answer"": ""A""
}",p1_format
2881,576,MCAS_2010_5_11984,A,A,1,json,"{""answer"": ""A""}",p1_format_soft
2882,576,MCAS_2010_5_11984,A,A,1,heuristic,A,p2_complexity
2883,576,MCAS_2010_5_11984,A,A,1,heuristic,A,p4_role
2884,576,MCAS_2010_5_11984,A,A,1,heuristic,Answer: A,p5_fewshot
2885,577,Mercury_7159285,C,C,1,json,"{
  ""answer"": ""C""
}",p1_format
2886,577,Mercury_7159285,C,C,1,json,"{""answer"": ""C""}",p1_format_soft
2887,577,Mercury_7159285,C,C,1,heuristic,C,p2_complexity
2888,577,Mercury_7159285,C,C,1,heuristic,C,p4_role
2889,577,Mercury_7159285,C,C,1,heuristic,C,p5_fewshot
2890,578,AIMS_2008_8_13,D,D,1,json,"{
  ""answer"": ""D""
}",p1_format
2891,578,AIMS_2008_8_13,D,D,1,json,"{""answer"": ""D""}",p1_format_soft
2892,578,AIMS_2008_8_13,D,D,1,heuristic,D,p2_complexity
2893,578,AIMS_2008_8_13,D,D,1,heuristic,D,p4_role
2894,578,AIMS_2008_8_13,D,D,1,heuristic,Answer: D,p5_fewshot
2895,579,MDSA_2013_8_20,C,C,1,json,"{
  ""answer"": ""C""
}",p1_format
2896,579,MDSA_2013_8_20,C,C,1,json,"{""answer"": ""C""}",p1_format_soft
2897,579,MDSA_2013_8_20,C,C,1,heuristic,C,p2_complexity
2898,579,MDSA_2013_8_20,C,C,1,heuristic,C,p4_role
2899,579,MDSA_2013_8_20,C,C,1,heuristic,Answer: C,p5_fewshot
2900,580,Mercury_7114100,A,A,1,json,"{
  ""answer"": ""A""
}",p1_format
2901,580,Mercury_7114100,A,A,1,json,"{""answer"": ""A""}",p1_format_soft
2902,580,Mercury_7114100,A,A,1,heuristic,A,p2_complexity
2903,580,Mercury_7114100,A,A,1,heuristic,A,p4_role
2904,580,Mercury_7114100,A,A,1,heuristic,Answer: A,p5_fewshot
2905,581,Mercury_7213343,A,A,1,json,"{""answer"": ""A""}",p1_format
2906,581,Mercury_7213343,A,A,1,json,"{""answer"": ""A""}",p1_format_soft
2907,581,Mercury_7213343,A,A,1,heuristic,A,p2_complexity
2908,581,Mercury_7213343,A,A,1,heuristic,A,p4_role
2909,581,Mercury_7213343,A,A,1,heuristic,Answer: A,p5_fewshot
2910,582,Mercury_SC_LBS10597,A,A,1,json,"{
  ""answer"": ""A""
}",p1_format
2911,582,Mercury_SC_LBS10597,A,A,1,json,"{""answer"": ""A""}",p1_format_soft
2912,582,Mercury_SC_LBS10597,A,A,1,heuristic,A,p2_complexity
2913,582,Mercury_SC_LBS10597,A,A,1,heuristic,A,p4_role
2914,582,Mercury_SC_LBS10597,A,A,1,heuristic,Answer: A,p5_fewshot
2915,583,Mercury_7126263,B,B,1,json,"{
  ""answer"": ""B""
}",p1_format
2916,583,Mercury_7126263,B,B,1,json,"{""answer"": ""B""}",p1_format_soft
2917,583,Mercury_7126263,B,B,1,heuristic,B,p2_complexity
2918,583,Mercury_7126263,B,B,1,heuristic,B,p4_role
2919,583,Mercury_7126263,B,B,1,heuristic,B,p5_fewshot
2920,584,Mercury_7133613,A,A,1,json,"{
  ""answer"": ""A""
}",p1_format
2921,584,Mercury_7133613,A,A,1,json,"{""answer"": ""A""}",p1_format_soft
2922,584,Mercury_7133613,A,A,1,heuristic,A,p2_complexity
2923,584,Mercury_7133613,A,A,1,heuristic,A,p4_role
2924,584,Mercury_7133613,A,A,1,heuristic,Answer: A,p5_fewshot
2925,585,Mercury_7234605,D,A,0,json,"{
  ""answer"": ""A""
}",p1_format
2926,585,Mercury_7234605,D,A,0,json,"{""answer"": ""A""}",p1_format_soft
2927,585,Mercury_7234605,D,A,0,heuristic,A,p2_complexity
2928,585,Mercury_7234605,D,A,0,heuristic,A,p4_role
2929,585,Mercury_7234605,D,D,1,heuristic,D,p5_fewshot
2930,586,Mercury_SC_400839,B,B,1,json,"{
  ""answer"": ""B""
}",p1_format
2931,586,Mercury_SC_400839,B,B,1,json,"{""answer"": ""B""}",p1_format_soft
2932,586,Mercury_SC_400839,B,B,1,heuristic,B,p2_complexity
2933,586,Mercury_SC_400839,B,B,1,heuristic,B,p4_role
2934,586,Mercury_SC_400839,B,B,1,heuristic,Answer: B,p5_fewshot
2935,587,Mercury_SC_402984,B,B,1,json,"{
  ""answer"": ""B""
}",p1_format
2936,587,Mercury_SC_402984,B,B,1,json,"{""answer"": ""B""}",p1_format_soft
2937,587,Mercury_SC_402984,B,B,1,heuristic,B,p2_complexity
2938,587,Mercury_SC_402984,B,B,1,heuristic,B,p4_role
2939,587,Mercury_SC_402984,B,B,1,heuristic,B,p5_fewshot
2940,588,NYSEDREGENTS_2012_4_29,C,C,1,json,"{
  ""answer"": ""C""
}",p1_format
2941,588,NYSEDREGENTS_2012_4_29,C,C,1,json,"{""answer"": ""C""}",p1_format_soft
2942,588,NYSEDREGENTS_2012_4_29,C,C,1,heuristic,C,p2_complexity
2943,588,NYSEDREGENTS_2012_4_29,C,C,1,heuristic,C,p4_role
2944,588,NYSEDREGENTS_2012_4_29,C,C,1,heuristic,C,p5_fewshot
2945,589,VASoL_2009_3_22,D,D,1,heuristic,"{
  ""D""
  : ""D""
}",p1_format
2946,589,VASoL_2009_3_22,D,D,1,json,"{""answer"": ""D""}",p1_format_soft
2947,589,VASoL_2009_3_22,D,D,1,heuristic,D,p2_complexity
2948,589,VASoL_2009_3_22,D,B,0,heuristic,B,p4_role
2949,589,VASoL_2009_3_22,D,D,1,heuristic,Answer: D,p5_fewshot
2950,590,Mercury_409349,A,A,1,json,"{
  ""answer"": ""A""
}",p1_format
2951,590,Mercury_409349,A,A,1,json,"{""answer"": ""A""}",p1_format_soft
2952,590,Mercury_409349,A,A,1,heuristic,A,p2_complexity
2953,590,Mercury_409349,A,A,1,heuristic,A,p4_role
2954,590,Mercury_409349,A,A,1,heuristic,A,p5_fewshot
2955,591,Mercury_SC_407417,D,D,1,json,"{
  ""answer"": ""D""
}",p1_format
2956,591,Mercury_SC_407417,D,D,1,json,"{""answer"": ""D""}",p1_format_soft
2957,591,Mercury_SC_407417,D,D,1,heuristic,D,p2_complexity
2958,591,Mercury_SC_407417,D,D,1,heuristic,D,p4_role
2959,591,Mercury_SC_407417,D,D,1,heuristic,D,p5_fewshot
2960,592,VASoL_2007_5_21,C,C,1,json,"{
  ""answer"": ""C""
}",p1_format
2961,592,VASoL_2007_5_21,C,C,1,json,"{""answer"": ""C""}",p1_format_soft
2962,592,VASoL_2007_5_21,C,C,1,heuristic,C,p2_complexity
2963,592,VASoL_2007_5_21,C,C,1,heuristic,C,p4_role
2964,592,VASoL_2007_5_21,C,C,1,heuristic,C,p5_fewshot
2965,593,MCAS_2012_8_23651,A,A,1,json,"{
  ""answer"": ""A""
}",p1_format
2966,593,MCAS_2012_8_23651,A,A,1,json,"{""answer"": ""A""}",p1_format_soft
2967,593,MCAS_2012_8_23651,A,A,1,heuristic,A,p2_complexity
2968,593,MCAS_2012_8_23651,A,A,1,heuristic,A,p4_role
2969,593,MCAS_2012_8_23651,A,A,1,heuristic,A,p5_fewshot
2970,594,MCAS_2000_4_26,D,D,1,json,"{
  ""answer"": ""D""
}",p1_format
2971,594,MCAS_2000_4_26,D,D,1,json,"{""answer"": ""D""}",p1_format_soft
2972,594,MCAS_2000_4_26,D,D,1,heuristic,D,p2_complexity
2973,594,MCAS_2000_4_26,D,D,1,heuristic,D,p4_role
2974,594,MCAS_2000_4_26,D,D,1,heuristic,Answer: D,p5_fewshot
2975,595,Mercury_SC_410971,A,A,1,json,"{
  ""answer"": ""A""
}",p1_format
2976,595,Mercury_SC_410971,A,A,1,json,"{""answer"": ""A""}",p1_format_soft
2977,595,Mercury_SC_410971,A,A,1,heuristic,A,p2_complexity
2978,595,Mercury_SC_410971,A,A,1,heuristic,A,p4_role
2979,595,Mercury_SC_410971,A,A,1,heuristic,Answer: A,p5_fewshot
2980,596,Mercury_404841,D,D,1,json,"{
  ""answer"": ""D""
}",p1_format
2981,596,Mercury_404841,D,D,1,json,"{""answer"": ""D""}",p1_format_soft
2982,596,Mercury_404841,D,D,1,heuristic,D,p2_complexity
2983,596,Mercury_404841,D,D,1,heuristic,D,p4_role
2984,596,Mercury_404841,D,D,1,heuristic,D,p5_fewshot
2985,597,Mercury_416651,A,A,1,json,"{
  ""answer"": ""A""
}",p1_format
2986,597,Mercury_416651,A,A,1,json,"{""answer"": ""A""}",p1_format_soft
2987,597,Mercury_416651,A,A,1,heuristic,A,p2_complexity
2988,597,Mercury_416651,A,A,1,heuristic,A,p4_role
2989,597,Mercury_416651,A,A,1,heuristic,A,p5_fewshot
2990,598,Mercury_416576,B,B,1,json,"{
  ""answer"": ""B""
}",p1_format
2991,598,Mercury_416576,B,B,1,json,"{""answer"": ""B""}",p1_format_soft
2992,598,Mercury_416576,B,B,1,heuristic,B,p2_complexity
2993,598,Mercury_416576,B,B,1,heuristic,B,p4_role
2994,598,Mercury_416576,B,B,1,heuristic,B,p5_fewshot
2995,599,MCAS_1998_8_24,D,D,1,json,"{
  ""answer"": ""D""
}",p1_format
2996,599,MCAS_1998_8_24,D,D,1,json,"{""answer"": ""D""}",p1_format_soft
2997,599,MCAS_1998_8_24,D,D,1,heuristic,D,p2_complexity
2998,599,MCAS_1998_8_24,D,D,1,heuristic,D,p4_role
2999,599,MCAS_1998_8_24,D,D,1,heuristic,D,p5_fewshot
3000,600,Mercury_SC_408367,B,B,1,json,"{
  ""answer"": ""B""
}",p1_format
3001,600,Mercury_SC_408367,B,B,1,json,"{""answer"": ""B""}",p1_format_soft
3002,600,Mercury_SC_408367,B,B,1,heuristic,B,p2_complexity
3003,600,Mercury_SC_408367,B,B,1,heuristic,B,p4_role
3004,600,Mercury_SC_408367,B,B,1,heuristic,B,p5_fewshot
3005,601,Mercury_405804,D,D,1,json,"{
  ""answer"": ""D""
}",p1_format
3006,601,Mercury_405804,D,D,1,json,"{""answer"": ""D""}",p1_format_soft
3007,601,Mercury_405804,D,D,1,heuristic,D,p2_complexity
3008,601,Mercury_405804,D,D,1,heuristic,D,p4_role
3009,601,Mercury_405804,D,D,1,heuristic,D,p5_fewshot
3010,602,Mercury_7216318,A,A,1,json,"{
  ""answer"": ""A""
}",p1_format
3011,602,Mercury_7216318,A,A,1,json,"{""answer"": ""A""}",p1_format_soft
3012,602,Mercury_7216318,A,A,1,heuristic,A,p2_complexity
3013,602,Mercury_7216318,A,A,1,heuristic,A,p4_role
3014,602,Mercury_7216318,A,A,1,heuristic,A,p5_fewshot
3015,603,Mercury_401312,D,D,1,json,"{
  ""answer"": ""D""
}",p1_format
3016,603,Mercury_401312,D,D,1,json,"{""answer"": ""D""}",p1_format_soft
3017,603,Mercury_401312,D,D,1,heuristic,D,p2_complexity
3018,603,Mercury_401312,D,D,1,heuristic,D,p4_role
3019,603,Mercury_401312,D,D,1,heuristic,D,p5_fewshot
3020,604,MDSA_2013_8_23,D,D,1,json,"{
  ""answer"": ""D""
}",p1_format
3021,604,MDSA_2013_8_23,D,D,1,json,"{""answer"": ""D""}",p1_format_soft
3022,604,MDSA_2013_8_23,D,D,1,heuristic,D,p2_complexity
3023,604,MDSA_2013_8_23,D,D,1,heuristic,D,p4_role
3024,604,MDSA_2013_8_23,D,D,1,heuristic,D,p5_fewshot
3025,605,Mercury_SC_405880,A,A,1,json,"{
  ""answer"": ""A""
}",p1_format
3026,605,Mercury_SC_405880,A,A,1,json,"{""answer"": ""A""}",p1_format_soft
3027,605,Mercury_SC_405880,A,A,1,heuristic,A,p2_complexity
3028,605,Mercury_SC_405880,A,A,1,heuristic,A,p4_role
3029,605,Mercury_SC_405880,A,A,1,heuristic,A,p5_fewshot
3030,606,ACTAAP_2009_5_12,B,B,1,json,"{
  ""answer"": ""B""
}",p1_format
3031,606,ACTAAP_2009_5_12,B,B,1,json,"{""answer"": ""B""}",p1_format_soft
3032,606,ACTAAP_2009_5_12,B,B,1,heuristic,B,p2_complexity
3033,606,ACTAAP_2009_5_12,B,B,1,heuristic,B,p4_role
3034,606,ACTAAP_2009_5_12,B,B,1,heuristic,Answer: B,p5_fewshot
3035,607,CSZ20754,B,B,1,json,"{
  ""answer"": ""B""
}",p1_format
3036,607,CSZ20754,B,B,1,json,"{""answer"": ""B""}",p1_format_soft
3037,607,CSZ20754,B,B,1,heuristic,B,p2_complexity
3038,607,CSZ20754,B,B,1,heuristic,B,p4_role
3039,607,CSZ20754,B,B,1,heuristic,Answer: B,p5_fewshot
3040,608,Mercury_184363,D,D,1,json,"{
  ""answer"": ""D""
}",p1_format
3041,608,Mercury_184363,D,D,1,json,"{""answer"": ""D""}",p1_format_soft
3042,608,Mercury_184363,D,D,1,heuristic,D,p2_complexity
3043,608,Mercury_184363,D,D,1,heuristic,D,p4_role
3044,608,Mercury_184363,D,D,1,heuristic,D,p5_fewshot
3045,609,Mercury_7188195,C,C,1,json,"{
  ""answer"": ""C""
}",p1_format
3046,609,Mercury_7188195,C,C,1,json,"{""answer"": ""C""}",p1_format_soft
3047,609,Mercury_7188195,C,C,1,heuristic,C,p2_complexity
3048,609,Mercury_7188195,C,C,1,heuristic,C,p4_role
3049,609,Mercury_7188195,C,C,1,heuristic,C,p5_fewshot
3050,610,Mercury_7221043,D,D,1,json,"{
  ""answer"": ""D""
}",p1_format
3051,610,Mercury_7221043,D,D,1,json,"{""answer"": ""D""}",p1_format_soft
3052,610,Mercury_7221043,D,D,1,heuristic,D,p2_complexity
3053,610,Mercury_7221043,D,D,1,heuristic,D,p4_role
3054,610,Mercury_7221043,D,D,1,heuristic,D,p5_fewshot
3055,611,Mercury_7107328,B,B,1,json,"{
  ""answer"": ""B""
}",p1_format
3056,611,Mercury_7107328,B,B,1,json,"{""answer"": ""B""}",p1_format_soft
3057,611,Mercury_7107328,B,B,1,heuristic,B,p2_complexity
3058,611,Mercury_7107328,B,B,1,heuristic,B,p4_role
3059,611,Mercury_7107328,B,B,1,heuristic,Answer: B,p5_fewshot
3060,612,Mercury_415084,C,C,1,json,"{
  ""answer"": ""C""
}",p1_format
3061,612,Mercury_415084,C,C,1,json,"{""answer"": ""C""}",p1_format_soft
3062,612,Mercury_415084,C,C,1,heuristic,C,p2_complexity
3063,612,Mercury_415084,C,C,1,heuristic,C,p4_role
3064,612,Mercury_415084,C,C,1,heuristic,C,p5_fewshot
3065,613,Mercury_415082,A,A,1,json,"{
  ""answer"": ""A""
}",p1_format
3066,613,Mercury_415082,A,A,1,json,"{""answer"": ""A""}",p1_format_soft
3067,613,Mercury_415082,A,A,1,heuristic,A,p2_complexity
3068,613,Mercury_415082,A,A,1,heuristic,A,p4_role
3069,613,Mercury_415082,A,A,1,heuristic,A,p5_fewshot
3070,614,Mercury_SC_416169,A,A,1,json,"{
  ""answer"": ""A""
}",p1_format
3071,614,Mercury_SC_416169,A,A,1,json,"{""answer"": ""A""}",p1_format_soft
3072,614,Mercury_SC_416169,A,A,1,heuristic,A,p2_complexity
3073,614,Mercury_SC_416169,A,A,1,heuristic,A,p4_role
3074,614,Mercury_SC_416169,A,A,1,heuristic,Answer: A,p5_fewshot
3075,615,MEA_2011_8_13,A,A,1,json,"{
  ""answer"": ""A""
}",p1_format
3076,615,MEA_2011_8_13,A,A,1,json,"{""answer"": ""A""}",p1_format_soft
3077,615,MEA_2011_8_13,A,A,1,heuristic,A,p2_complexity
3078,615,MEA_2011_8_13,A,A,1,heuristic,A,p4_role
3079,615,MEA_2011_8_13,A,A,1,heuristic,A,p5_fewshot
3080,616,TIMSS_2003_4_pg82,A,A,1,json,"{
  ""answer"": ""A""
}",p1_format
3081,616,TIMSS_2003_4_pg82,A,A,1,json,"{""answer"": ""A""}",p1_format_soft
3082,616,TIMSS_2003_4_pg82,A,A,1,heuristic,A,p2_complexity
3083,616,TIMSS_2003_4_pg82,A,A,1,heuristic,A,p4_role
3084,616,TIMSS_2003_4_pg82,A,A,1,heuristic,A,p5_fewshot
3085,617,CSZ30338,C,C,1,json,"{
  ""answer"": ""C""
}",p1_format
3086,617,CSZ30338,C,C,1,json,"{""answer"": ""C""}",p1_format_soft
3087,617,CSZ30338,C,C,1,heuristic,C,p2_complexity
3088,617,CSZ30338,C,C,1,heuristic,C,p4_role
3089,617,CSZ30338,C,C,1,heuristic,C,p5_fewshot
3090,618,TIMSS_2003_8_pg85,B,B,1,json,"{
  ""answer"": ""B""
}",p1_format
3091,618,TIMSS_2003_8_pg85,B,B,1,json,"{""answer"": ""B""}",p1_format_soft
3092,618,TIMSS_2003_8_pg85,B,B,1,heuristic,B,p2_complexity
3093,618,TIMSS_2003_8_pg85,B,B,1,heuristic,B,p4_role
3094,618,TIMSS_2003_8_pg85,B,B,1,heuristic,Answer: B,p5_fewshot
3095,619,Mercury_7221988,C,C,1,json,"{
  ""answer"": ""C""
}",p1_format
3096,619,Mercury_7221988,C,C,1,json,"{""answer"": ""C""}",p1_format_soft
3097,619,Mercury_7221988,C,C,1,heuristic,C,p2_complexity
3098,619,Mercury_7221988,C,C,1,heuristic,C,p4_role
3099,619,Mercury_7221988,C,C,1,heuristic,C,p5_fewshot
3100,620,NCEOGA_2013_5_11,D,D,1,json,"{
  ""answer"": ""D""
}",p1_format
3101,620,NCEOGA_2013_5_11,D,D,1,json,"{""answer"": ""D""}",p1_format_soft
3102,620,NCEOGA_2013_5_11,D,D,1,heuristic,D,p2_complexity
3103,620,NCEOGA_2013_5_11,D,D,1,heuristic,D,p4_role
3104,620,NCEOGA_2013_5_11,D,D,1,heuristic,Answer: D,p5_fewshot
3105,621,MCAS_2013_8_29416,B,B,1,json,"{
  ""answer"": ""B""
}",p1_format
3106,621,MCAS_2013_8_29416,B,B,1,json,"{""answer"": ""B""}",p1_format_soft
3107,621,MCAS_2013_8_29416,B,B,1,heuristic,B,p2_complexity
3108,621,MCAS_2013_8_29416,B,B,1,heuristic,B,p4_role
3109,621,MCAS_2013_8_29416,B,B,1,heuristic,B,p5_fewshot
3110,622,Mercury_SC_401142,B,B,1,json,"{
  ""answer"": ""B""
}",p1_format
3111,622,Mercury_SC_401142,B,B,1,json,"{""answer"": ""B""}",p1_format_soft
3112,622,Mercury_SC_401142,B,B,1,heuristic,B,p2_complexity
3113,622,Mercury_SC_401142,B,B,1,heuristic,B,p4_role
3114,622,Mercury_SC_401142,B,B,1,heuristic,B,p5_fewshot
3115,623,Mercury_7206395,C,C,1,json,"{
  ""answer"": ""C""
}",p1_format
3116,623,Mercury_7206395,C,C,1,json,"{""answer"": ""C""}",p1_format_soft
3117,623,Mercury_7206395,C,C,1,heuristic,C,p2_complexity
3118,623,Mercury_7206395,C,C,1,heuristic,C,p4_role
3119,623,Mercury_7206395,C,C,1,heuristic,C,p5_fewshot
3120,624,Mercury_179025,B,B,1,json,"{
  ""answer"": ""B""
}",p1_format
3121,624,Mercury_179025,B,B,1,json,"{""answer"": ""B""}",p1_format_soft
3122,624,Mercury_179025,B,B,1,heuristic,B,p2_complexity
3123,624,Mercury_179025,B,B,1,heuristic,B,p4_role
3124,624,Mercury_179025,B,B,1,heuristic,Answer: B,p5_fewshot
3125,625,Mercury_7130620,B,B,1,json,"{
  ""answer"": ""B""
}",p1_format
3126,625,Mercury_7130620,B,B,1,json,"{""answer"": ""B""}",p1_format_soft
3127,625,Mercury_7130620,B,B,1,heuristic,B,p2_complexity
3128,625,Mercury_7130620,B,B,1,heuristic,B,p4_role
3129,625,Mercury_7130620,B,B,1,heuristic,B,p5_fewshot
3130,626,Mercury_177870,C,C,1,json,"{
  ""answer"": ""C""
}",p1_format
3131,626,Mercury_177870,C,C,1,json,"{""answer"": ""C""}",p1_format_soft
3132,626,Mercury_177870,C,C,1,heuristic,C,p2_complexity
3133,626,Mercury_177870,C,C,1,heuristic,C,p4_role
3134,626,Mercury_177870,C,C,1,heuristic,Answer: C,p5_fewshot
3135,627,Mercury_7282083,B,B,1,json,"{
  ""answer"": ""B""
}",p1_format
3136,627,Mercury_7282083,B,B,1,json,"{""answer"": ""B""}",p1_format_soft
3137,627,Mercury_7282083,B,B,1,heuristic,B,p2_complexity
3138,627,Mercury_7282083,B,B,1,heuristic,B,p4_role
3139,627,Mercury_7282083,B,B,1,heuristic,B,p5_fewshot
3140,628,Mercury_SC_400233,C,C,1,json,"{
  ""answer"": ""C""
}",p1_format
3141,628,Mercury_SC_400233,C,C,1,json,"{""answer"": ""C""}",p1_format_soft
3142,628,Mercury_SC_400233,C,C,1,heuristic,C,p2_complexity
3143,628,Mercury_SC_400233,C,C,1,heuristic,C,p4_role
3144,628,Mercury_SC_400233,C,C,1,heuristic,Answer: C,p5_fewshot
3145,629,Mercury_7082443,B,B,1,json,"{
  ""answer"": ""B""
}",p1_format
3146,629,Mercury_7082443,B,B,1,json,"{""answer"": ""B""}",p1_format_soft
3147,629,Mercury_7082443,B,B,1,heuristic,B,p2_complexity
3148,629,Mercury_7082443,B,B,1,heuristic,B,p4_role
3149,629,Mercury_7082443,B,B,1,heuristic,B,p5_fewshot
3150,630,NCEOGA_2013_8_15,B,B,1,json,"{
  ""answer"": ""B""
}",p1_format
3151,630,NCEOGA_2013_8_15,B,B,1,json,"{""answer"": ""B""}",p1_format_soft
3152,630,NCEOGA_2013_8_15,B,B,1,heuristic,B,p2_complexity
3153,630,NCEOGA_2013_8_15,B,B,1,heuristic,B,p4_role
3154,630,NCEOGA_2013_8_15,B,B,1,heuristic,B,p5_fewshot
3155,631,Mercury_7210140,A,A,1,json,"{""answer"": ""A""}",p1_format
3156,631,Mercury_7210140,A,A,1,json,"{""answer"": ""A""}",p1_format_soft
3157,631,Mercury_7210140,A,D,0,heuristic,D,p2_complexity
3158,631,Mercury_7210140,A,A,1,heuristic,A,p4_role
3159,631,Mercury_7210140,A,A,1,heuristic,A,p5_fewshot
3160,632,Mercury_7106593,D,D,1,json,"{
  ""answer"": ""D""
}",p1_format
3161,632,Mercury_7106593,D,D,1,json,"{""answer"": ""D""}",p1_format_soft
3162,632,Mercury_7106593,D,D,1,heuristic,D,p2_complexity
3163,632,Mercury_7106593,D,D,1,heuristic,D,p4_role
3164,632,Mercury_7106593,D,D,1,heuristic,D,p5_fewshot
3165,633,Mercury_416536,B,B,1,json,"{
  ""answer"": ""B""
}",p1_format
3166,633,Mercury_416536,B,B,1,json,"{""answer"": ""B""}",p1_format_soft
3167,633,Mercury_416536,B,B,1,heuristic,B,p2_complexity
3168,633,Mercury_416536,B,B,1,heuristic,B,p4_role
3169,633,Mercury_416536,B,B,1,heuristic,Answer: B,p5_fewshot
3170,634,Mercury_410026,D,D,1,json,"{
  ""answer"": ""D""
}",p1_format
3171,634,Mercury_410026,D,D,1,json,"{""answer"": ""D""}",p1_format_soft
3172,634,Mercury_410026,D,D,1,heuristic,D,p2_complexity
3173,634,Mercury_410026,D,D,1,heuristic,D,p4_role
3174,634,Mercury_410026,D,D,1,heuristic,D,p5_fewshot
3175,635,ACTAAP_2011_5_1,B,B,1,json,"{
  ""answer"": ""B""
}",p1_format
3176,635,ACTAAP_2011_5_1,B,B,1,json,"{""answer"": ""B""}",p1_format_soft
3177,635,ACTAAP_2011_5_1,B,B,1,heuristic,B,p2_complexity
3178,635,ACTAAP_2011_5_1,B,B,1,heuristic,B,p4_role
3179,635,ACTAAP_2011_5_1,B,B,1,heuristic,B,p5_fewshot
3180,636,Mercury_417138,B,B,1,json,"{
  ""answer"": ""B""
}",p1_format
3181,636,Mercury_417138,B,B,1,json,"{""answer"": ""B""}",p1_format_soft
3182,636,Mercury_417138,B,B,1,heuristic,B,p2_complexity
3183,636,Mercury_417138,B,B,1,heuristic,B,p4_role
3184,636,Mercury_417138,B,B,1,heuristic,B,p5_fewshot
3185,637,Mercury_7138915,D,D,1,json,"{
  ""answer"": ""D""
}",p1_format
3186,637,Mercury_7138915,D,D,1,json,"{""answer"": ""D""}",p1_format_soft
3187,637,Mercury_7138915,D,D,1,heuristic,D,p2_complexity
3188,637,Mercury_7138915,D,D,1,heuristic,D,p4_role
3189,637,Mercury_7138915,D,D,1,heuristic,D,p5_fewshot
3190,638,NYSEDREGENTS_2008_4_11,C,C,1,json,"{
  ""answer"": ""C""
}",p1_format
3191,638,NYSEDREGENTS_2008_4_11,C,C,1,json,"{""answer"": ""C""}",p1_format_soft
3192,638,NYSEDREGENTS_2008_4_11,C,C,1,heuristic,C,p2_complexity
3193,638,NYSEDREGENTS_2008_4_11,C,C,1,heuristic,C,p4_role
3194,638,NYSEDREGENTS_2008_4_11,C,C,1,heuristic,C,p5_fewshot
3195,639,Mercury_404435,D,D,1,json,"{
  ""answer"": ""D""
}",p1_format
3196,639,Mercury_404435,D,D,1,json,"{""answer"": ""D""}",p1_format_soft
3197,639,Mercury_404435,D,D,1,heuristic,D,p2_complexity
3198,639,Mercury_404435,D,D,1,heuristic,D,p4_role
3199,639,Mercury_404435,D,D,1,heuristic,Answer: D,p5_fewshot
3200,640,MDSA_2009_5_25,B,B,1,json,"{
  ""answer"": ""B""
}",p1_format
3201,640,MDSA_2009_5_25,B,B,1,json,"{""answer"": ""B""}",p1_format_soft
3202,640,MDSA_2009_5_25,B,B,1,heuristic,B,p2_complexity
3203,640,MDSA_2009_5_25,B,B,1,heuristic,B,p4_role
3204,640,MDSA_2009_5_25,B,B,1,heuristic,B,p5_fewshot
3205,641,OHAT_2007_8_12,C,C,1,json,"{
  ""answer"": ""C""
}",p1_format
3206,641,OHAT_2007_8_12,C,C,1,json,"{""answer"": ""C""}",p1_format_soft
3207,641,OHAT_2007_8_12,C,C,1,heuristic,C,p2_complexity
3208,641,OHAT_2007_8_12,C,C,1,heuristic,C,p4_role
3209,641,OHAT_2007_8_12,C,C,1,heuristic,C,p5_fewshot
3210,642,Mercury_LBS10302,C,C,1,json,"{
  ""answer"": ""C""
}",p1_format
3211,642,Mercury_LBS10302,C,C,1,json,"{""answer"": ""C""}",p1_format_soft
3212,642,Mercury_LBS10302,C,C,1,heuristic,C,p2_complexity
3213,642,Mercury_LBS10302,C,C,1,heuristic,C,p4_role
3214,642,Mercury_LBS10302,C,C,1,heuristic,Answer: C,p5_fewshot
3215,643,Mercury_7027248,B,B,1,json,"{
  ""answer"": ""B""
}",p1_format
3216,643,Mercury_7027248,B,B,1,json,"{""answer"": ""B""}",p1_format_soft
3217,643,Mercury_7027248,B,B,1,heuristic,B,p2_complexity
3218,643,Mercury_7027248,B,B,1,heuristic,B,p4_role
3219,643,Mercury_7027248,B,B,1,heuristic,B,p5_fewshot
3220,644,Mercury_SC_401360,A,A,1,json,"{
  ""answer"": ""A""
}",p1_format
3221,644,Mercury_SC_401360,A,A,1,json,"{""answer"": ""A""}",p1_format_soft
3222,644,Mercury_SC_401360,A,A,1,heuristic,A,p2_complexity
3223,644,Mercury_SC_401360,A,A,1,heuristic,A,p4_role
3224,644,Mercury_SC_401360,A,A,1,heuristic,Answer: A,p5_fewshot
3225,645,ACTAAP_2013_5_17,A,A,1,json,"{
  ""answer"": ""A""
}",p1_format
3226,645,ACTAAP_2013_5_17,A,A,1,json,"{""answer"": ""A""}",p1_format_soft
3227,645,ACTAAP_2013_5_17,A,A,1,heuristic,A,p2_complexity
3228,645,ACTAAP_2013_5_17,A,A,1,heuristic,A,p4_role
3229,645,ACTAAP_2013_5_17,A,A,1,heuristic,Answer: A,p5_fewshot
3230,646,Mercury_407125,C,C,1,json,"{
  ""answer"": ""C""
}",p1_format
3231,646,Mercury_407125,C,C,1,json,"{""answer"": ""C""}",p1_format_soft
3232,646,Mercury_407125,C,C,1,heuristic,C,p2_complexity
3233,646,Mercury_407125,C,C,1,heuristic,C,p4_role
3234,646,Mercury_407125,C,C,1,heuristic,C,p5_fewshot
3235,647,Mercury_404820,D,D,1,json,"{
  ""answer"": ""D""
}",p1_format
3236,647,Mercury_404820,D,D,1,json,"{""answer"": ""D""}",p1_format_soft
3237,647,Mercury_404820,D,D,1,heuristic,D,p2_complexity
3238,647,Mercury_404820,D,D,1,heuristic,D,p4_role
3239,647,Mercury_404820,D,D,1,heuristic,D,p5_fewshot
3240,648,Mercury_SC_416168,B,B,1,json,"{
  ""answer"": ""B""
}",p1_format
3241,648,Mercury_SC_416168,B,B,1,json,"{""answer"": ""B""}",p1_format_soft
3242,648,Mercury_SC_416168,B,B,1,heuristic,B,p2_complexity
3243,648,Mercury_SC_416168,B,B,1,heuristic,B,p4_role
3244,648,Mercury_SC_416168,B,B,1,heuristic,B,p5_fewshot
3245,649,TIMSS_1995_8_K18,A,A,1,json,"{
  ""answer"": ""A""
}",p1_format
3246,649,TIMSS_1995_8_K18,A,A,1,json,"{""answer"": ""A""}",p1_format_soft
3247,649,TIMSS_1995_8_K18,A,A,1,heuristic,A,p2_complexity
3248,649,TIMSS_1995_8_K18,A,A,1,heuristic,A,p4_role
3249,649,TIMSS_1995_8_K18,A,A,1,heuristic,Answer: A,p5_fewshot
3250,650,Mercury_SC_405130,A,A,1,json,"{
  ""answer"": ""A""
}",p1_format
3251,650,Mercury_SC_405130,A,A,1,json,"{""answer"": ""A""}",p1_format_soft
3252,650,Mercury_SC_405130,A,A,1,heuristic,A,p2_complexity
3253,650,Mercury_SC_405130,A,A,1,heuristic,A,p4_role
3254,650,Mercury_SC_405130,A,A,1,heuristic,A,p5_fewshot
3255,651,Mercury_SC_408631,C,C,1,json,"{
  ""answer"": ""C""
}",p1_format
3256,651,Mercury_SC_408631,C,C,1,json,"{""answer"": ""C""}",p1_format_soft
3257,651,Mercury_SC_408631,C,C,1,heuristic,C,p2_complexity
3258,651,Mercury_SC_408631,C,C,1,heuristic,C,p4_role
3259,651,Mercury_SC_408631,C,C,1,heuristic,Answer: C,p5_fewshot
3260,652,Mercury_SC_408763,C,C,1,json,"{
  ""answer"": ""C""
}",p1_format
3261,652,Mercury_SC_408763,C,C,1,json,"{""answer"": ""C""}",p1_format_soft
3262,652,Mercury_SC_408763,C,C,1,heuristic,C,p2_complexity
3263,652,Mercury_SC_408763,C,C,1,heuristic,C,p4_role
3264,652,Mercury_SC_408763,C,C,1,heuristic,Answer: C,p5_fewshot
3265,653,MCAS_8_2015_18,A,A,1,json,"{
  ""answer"": ""A""
}",p1_format
3266,653,MCAS_8_2015_18,A,A,1,json,"{""answer"": ""A""}",p1_format_soft
3267,653,MCAS_8_2015_18,A,A,1,heuristic,A,p2_complexity
3268,653,MCAS_8_2015_18,A,A,1,heuristic,A,p4_role
3269,653,MCAS_8_2015_18,A,A,1,heuristic,Answer: A,p5_fewshot
3270,654,Mercury_411729,B,B,1,json,"{
  ""answer"": ""B""
}",p1_format
3271,654,Mercury_411729,B,B,1,json,"{""answer"": ""B""}",p1_format_soft
3272,654,Mercury_411729,B,B,1,heuristic,B,p2_complexity
3273,654,Mercury_411729,B,B,1,heuristic,B,p4_role
3274,654,Mercury_411729,B,B,1,heuristic,Answer: B,p5_fewshot
3275,655,MDSA_2012_8_6,C,C,1,json,"{
  ""answer"": ""C""
}",p1_format
3276,655,MDSA_2012_8_6,C,C,1,json,"{""answer"": ""C""}",p1_format_soft
3277,655,MDSA_2012_8_6,C,C,1,heuristic,C,p2_complexity
3278,655,MDSA_2012_8_6,C,C,1,heuristic,C,p4_role
3279,655,MDSA_2012_8_6,C,C,1,heuristic,C,p5_fewshot
3280,656,MCAS_1999_8_5,B,B,1,json,"{
  ""answer"": ""B""
}",p1_format
3281,656,MCAS_1999_8_5,B,B,1,json,"{""answer"": ""B""}",p1_format_soft
3282,656,MCAS_1999_8_5,B,B,1,heuristic,B,p2_complexity
3283,656,MCAS_1999_8_5,B,B,1,heuristic,B,p4_role
3284,656,MCAS_1999_8_5,B,B,1,heuristic,B,p5_fewshot
3285,657,WASL_2004_8_17,D,A,0,json,"{""answer"": ""A""}",p1_format
3286,657,WASL_2004_8_17,D,D,1,json,"{""answer"": ""D""}",p1_format_soft
3287,657,WASL_2004_8_17,D,D,1,heuristic,D,p2_complexity
3288,657,WASL_2004_8_17,D,D,1,heuristic,D,p4_role
3289,657,WASL_2004_8_17,D,A,0,heuristic,A,p5_fewshot
3290,658,Mercury_414365,C,C,1,json,"{
  ""answer"": ""C""
}",p1_format
3291,658,Mercury_414365,C,C,1,json,"{""answer"": ""C""}",p1_format_soft
3292,658,Mercury_414365,C,C,1,heuristic,C,p2_complexity
3293,658,Mercury_414365,C,C,1,heuristic,C,p4_role
3294,658,Mercury_414365,C,C,1,heuristic,C,p5_fewshot
3295,659,Mercury_SC_415406,B,B,1,json,"{
  ""answer"": ""B""
}",p1_format
3296,659,Mercury_SC_415406,B,B,1,json,"{""answer"": ""B""}",p1_format_soft
3297,659,Mercury_SC_415406,B,B,1,heuristic,B,p2_complexity
3298,659,Mercury_SC_415406,B,B,1,heuristic,B,p4_role
3299,659,Mercury_SC_415406,B,B,1,heuristic,B,p5_fewshot
3300,660,MCAS_2000_8_29,B,B,1,json,"{
  ""answer"": ""B""
}",p1_format
3301,660,MCAS_2000_8_29,B,B,1,json,"{""answer"": ""B""}",p1_format_soft
3302,660,MCAS_2000_8_29,B,B,1,heuristic,B,p2_complexity
3303,660,MCAS_2000_8_29,B,B,1,heuristic,B,p4_role
3304,660,MCAS_2000_8_29,B,B,1,heuristic,B,p5_fewshot
3305,661,Mercury_416230,C,C,1,json,"{
  ""answer"": ""C""
}",p1_format
3306,661,Mercury_416230,C,C,1,json,"{""answer"": ""C""}",p1_format_soft
3307,661,Mercury_416230,C,C,1,heuristic,C,p2_complexity
3308,661,Mercury_416230,C,C,1,heuristic,C,p4_role
3309,661,Mercury_416230,C,C,1,heuristic,C,p5_fewshot
3310,662,Mercury_7001295,C,C,1,json,"{
  ""answer"": ""C""
}",p1_format
3311,662,Mercury_7001295,C,C,1,json,"{""answer"": ""C""}",p1_format_soft
3312,662,Mercury_7001295,C,C,1,heuristic,C,p2_complexity
3313,662,Mercury_7001295,C,C,1,heuristic,C,p4_role
3314,662,Mercury_7001295,C,C,1,heuristic,Answer: C,p5_fewshot
3315,663,MSA_2012_5_2,A,A,1,json,"{
  ""answer"": ""A""
}",p1_format
3316,663,MSA_2012_5_2,A,A,1,json,"{""answer"": ""A""}",p1_format_soft
3317,663,MSA_2012_5_2,A,A,1,heuristic,A,p2_complexity
3318,663,MSA_2012_5_2,A,A,1,heuristic,A,p4_role
3319,663,MSA_2012_5_2,A,A,1,heuristic,A,p5_fewshot
3320,664,MCAS_2005_8_7,C,C,1,json,"{
  ""answer"": ""C""
}",p1_format
3321,664,MCAS_2005_8_7,C,C,1,json,"{""answer"": ""C""}",p1_format_soft
3322,664,MCAS_2005_8_7,C,C,1,heuristic,C,p2_complexity
3323,664,MCAS_2005_8_7,C,C,1,heuristic,C,p4_role
3324,664,MCAS_2005_8_7,C,C,1,heuristic,C,p5_fewshot
3325,665,Mercury_7206553,D,D,1,json,"{
  ""answer"": ""D""
}",p1_format
3326,665,Mercury_7206553,D,D,1,json,"{""answer"": ""D""}",p1_format_soft
3327,665,Mercury_7206553,D,D,1,heuristic,D,p2_complexity
3328,665,Mercury_7206553,D,D,1,heuristic,D,p4_role
3329,665,Mercury_7206553,D,D,1,heuristic,D,p5_fewshot
3330,666,VASoL_2010_3_39,A,A,1,json,"{
  ""answer"": ""A""
}",p1_format
3331,666,VASoL_2010_3_39,A,A,1,json,"{""answer"": ""A""}",p1_format_soft
3332,666,VASoL_2010_3_39,A,A,1,heuristic,A,p2_complexity
3333,666,VASoL_2010_3_39,A,A,1,heuristic,A,p4_role
3334,666,VASoL_2010_3_39,A,A,1,heuristic,Answer: A,p5_fewshot
3335,667,Mercury_416380,A,A,1,json,"{
  ""answer"": ""A""
}",p1_format
3336,667,Mercury_416380,A,A,1,json,"{""answer"": ""A""}",p1_format_soft
3337,667,Mercury_416380,A,A,1,heuristic,A,p2_complexity
3338,667,Mercury_416380,A,A,1,heuristic,A,p4_role
3339,667,Mercury_416380,A,A,1,heuristic,A,p5_fewshot
3340,668,OHAT_2008_5_34,C,C,1,json,"{
  ""answer"": ""C""
}",p1_format
3341,668,OHAT_2008_5_34,C,C,1,json,"{""answer"": ""C""}",p1_format_soft
3342,668,OHAT_2008_5_34,C,C,1,heuristic,C,p2_complexity
3343,668,OHAT_2008_5_34,C,C,1,heuristic,C,p4_role
3344,668,OHAT_2008_5_34,C,C,1,heuristic,C,p5_fewshot
3345,669,Mercury_7268328,C,C,1,json,"{
  ""answer"": ""C""
}",p1_format
3346,669,Mercury_7268328,C,C,1,json,"{""answer"": ""C""}",p1_format_soft
3347,669,Mercury_7268328,C,C,1,heuristic,C,p2_complexity
3348,669,Mercury_7268328,C,C,1,heuristic,C,p4_role
3349,669,Mercury_7268328,C,C,1,heuristic,C,p5_fewshot
3350,670,NYSEDREGENTS_2008_8_36,C,C,1,json,"{
  ""answer"": ""C""
}",p1_format
3351,670,NYSEDREGENTS_2008_8_36,C,C,1,json,"{""answer"": ""C""}",p1_format_soft
3352,670,NYSEDREGENTS_2008_8_36,C,C,1,heuristic,C,p2_complexity
3353,670,NYSEDREGENTS_2008_8_36,C,C,1,heuristic,C,p4_role
3354,670,NYSEDREGENTS_2008_8_36,C,C,1,heuristic,C,p5_fewshot
3355,671,Mercury_SC_414156,C,C,1,json,"{
  ""answer"": ""C""
}",p1_format
3356,671,Mercury_SC_414156,C,C,1,json,"{""answer"": ""C""}",p1_format_soft
3357,671,Mercury_SC_414156,C,C,1,heuristic,C,p2_complexity
3358,671,Mercury_SC_414156,C,C,1,heuristic,C,p4_role
3359,671,Mercury_SC_414156,C,C,1,heuristic,C,p5_fewshot
3360,672,Mercury_7094133,D,D,1,json,"{
  ""answer"": ""D""
}",p1_format
3361,672,Mercury_7094133,D,D,1,json,"{""answer"": ""D""}",p1_format_soft
3362,672,Mercury_7094133,D,D,1,heuristic,D,p2_complexity
3363,672,Mercury_7094133,D,D,1,heuristic,D,p4_role
3364,672,Mercury_7094133,D,D,1,heuristic,D,p5_fewshot
3365,673,MEA_2013_5_15,C,C,1,json,"{""answer"": ""C""}",p1_format
3366,673,MEA_2013_5_15,C,C,1,json,"{""answer"": ""C""}",p1_format_soft
3367,673,MEA_2013_5_15,C,C,1,heuristic,C,p2_complexity
3368,673,MEA_2013_5_15,C,C,1,heuristic,C,p4_role
3369,673,MEA_2013_5_15,C,C,1,heuristic,C,p5_fewshot
3370,674,OHAT_2010_8_35,A,A,1,json,"{
  ""answer"": ""A""
}",p1_format
3371,674,OHAT_2010_8_35,A,A,1,json,"{""answer"": ""A""}",p1_format_soft
3372,674,OHAT_2010_8_35,A,A,1,heuristic,A,p2_complexity
3373,674,OHAT_2010_8_35,A,A,1,heuristic,A,p4_role
3374,674,OHAT_2010_8_35,A,A,1,heuristic,Answer: A,p5_fewshot
3375,675,Mercury_SC_416174,C,C,1,json,"{
  ""answer"": ""C""
}",p1_format
3376,675,Mercury_SC_416174,C,C,1,json,"{""answer"": ""C""}",p1_format_soft
3377,675,Mercury_SC_416174,C,C,1,heuristic,C,p2_complexity
3378,675,Mercury_SC_416174,C,C,1,heuristic,C,p4_role
3379,675,Mercury_SC_416174,C,C,1,heuristic,Answer: C,p5_fewshot
3380,676,TIMSS_1995_8_J6,B,B,1,json,"{
  ""answer"": ""B""
}",p1_format
3381,676,TIMSS_1995_8_J6,B,B,1,json,"{""answer"": ""B""}",p1_format_soft
3382,676,TIMSS_1995_8_J6,B,B,1,heuristic,B,p2_complexity
3383,676,TIMSS_1995_8_J6,B,B,1,heuristic,B,p4_role
3384,676,TIMSS_1995_8_J6,B,B,1,heuristic,B,p5_fewshot
3385,677,Mercury_SC_401587,A,A,1,json,"{
  ""answer"": ""A""
}",p1_format
3386,677,Mercury_SC_401587,A,A,1,json,"{""answer"": ""A""}",p1_format_soft
3387,677,Mercury_SC_401587,A,A,1,heuristic,A,p2_complexity
3388,677,Mercury_SC_401587,A,A,1,heuristic,A,p4_role
3389,677,Mercury_SC_401587,A,A,1,heuristic,A,p5_fewshot
3390,678,MDSA_2011_5_23,D,D,1,json,"{
  ""answer"": ""D""
}",p1_format
3391,678,MDSA_2011_5_23,D,D,1,json,"{""answer"": ""D""}",p1_format_soft
3392,678,MDSA_2011_5_23,D,D,1,heuristic,D,p2_complexity
3393,678,MDSA_2011_5_23,D,D,1,heuristic,D,p4_role
3394,678,MDSA_2011_5_23,D,D,1,heuristic,D,p5_fewshot
3395,679,AIMS_2008_8_11,C,C,1,json,"{
  ""answer"": ""C""
}",p1_format
3396,679,AIMS_2008_8_11,C,C,1,json,"{""answer"": ""C""}",p1_format_soft
3397,679,AIMS_2008_8_11,C,C,1,heuristic,C,p2_complexity
3398,679,AIMS_2008_8_11,C,C,1,heuristic,C,p4_role
3399,679,AIMS_2008_8_11,C,C,1,heuristic,Answer: C,p5_fewshot
3400,680,Mercury_7159215,D,D,1,json,"{
  ""answer"": ""D""
}",p1_format
3401,680,Mercury_7159215,D,D,1,json,"{""answer"": ""D""}",p1_format_soft
3402,680,Mercury_7159215,D,D,1,heuristic,D,p2_complexity
3403,680,Mercury_7159215,D,D,1,heuristic,D,p4_role
3404,680,Mercury_7159215,D,D,1,heuristic,D,p5_fewshot
3405,681,MCAS_2006_9_30,B,B,1,json,"{
  ""answer"": ""B""
}",p1_format
3406,681,MCAS_2006_9_30,B,B,1,json,"{""answer"": ""B""}",p1_format_soft
3407,681,MCAS_2006_9_30,B,B,1,heuristic,B,p2_complexity
3408,681,MCAS_2006_9_30,B,B,1,heuristic,B,p4_role
3409,681,MCAS_2006_9_30,B,B,1,heuristic,B,p5_fewshot
3410,682,MCAS_1999_4_27,A,A,1,json,"{
  ""answer"": ""A""
}",p1_format
3411,682,MCAS_1999_4_27,A,A,1,json,"{""answer"": ""A""}",p1_format_soft
3412,682,MCAS_1999_4_27,A,A,1,heuristic,A,p2_complexity
3413,682,MCAS_1999_4_27,A,A,1,heuristic,A,p4_role
3414,682,MCAS_1999_4_27,A,A,1,heuristic,Answer: A,p5_fewshot
3415,683,Mercury_7016538,C,C,1,json,"{
  ""answer"": ""C""
}",p1_format
3416,683,Mercury_7016538,C,C,1,json,"{""answer"": ""C""}",p1_format_soft
3417,683,Mercury_7016538,C,C,1,heuristic,C,p2_complexity
3418,683,Mercury_7016538,C,C,1,heuristic,C,p4_role
3419,683,Mercury_7016538,C,C,1,heuristic,Answer: C,p5_fewshot
3420,684,Mercury_SC_409266,A,A,1,json,"{
  ""answer"": ""A""
}",p1_format
3421,684,Mercury_SC_409266,A,A,1,json,"{""answer"": ""A""}",p1_format_soft
3422,684,Mercury_SC_409266,A,A,1,heuristic,A,p2_complexity
3423,684,Mercury_SC_409266,A,A,1,heuristic,A,p4_role
3424,684,Mercury_SC_409266,A,A,1,heuristic,A,p5_fewshot
3425,685,OHAT_2007_5_15,B,B,1,json,"{
  ""answer"": ""B""
}",p1_format
3426,685,OHAT_2007_5_15,B,B,1,json,"{""answer"": ""B""}",p1_format_soft
3427,685,OHAT_2007_5_15,B,B,1,heuristic,B,p2_complexity
3428,685,OHAT_2007_5_15,B,B,1,heuristic,B,p4_role
3429,685,OHAT_2007_5_15,B,B,1,heuristic,B,p5_fewshot
3430,686,Mercury_7230073,B,B,1,json,"{
  ""answer"": ""B""
}",p1_format
3431,686,Mercury_7230073,B,B,1,json,"{""answer"": ""B""}",p1_format_soft
3432,686,Mercury_7230073,B,B,1,heuristic,B,p2_complexity
3433,686,Mercury_7230073,B,B,1,heuristic,B,p4_role
3434,686,Mercury_7230073,B,B,1,heuristic,Answer: B,p5_fewshot
3435,687,Mercury_7245840,B,B,1,json,"{
  ""answer"": ""B""
}",p1_format
3436,687,Mercury_7245840,B,B,1,json,"{""answer"": ""B""}",p1_format_soft
3437,687,Mercury_7245840,B,B,1,heuristic,B,p2_complexity
3438,687,Mercury_7245840,B,B,1,heuristic,B,p4_role
3439,687,Mercury_7245840,B,B,1,heuristic,B,p5_fewshot
3440,688,Mercury_SC_401788,B,B,1,json,"{
  ""answer"": ""B""
}",p1_format
3441,688,Mercury_SC_401788,B,B,1,json,"{""answer"": ""B""}",p1_format_soft
3442,688,Mercury_SC_401788,B,B,1,heuristic,B,p2_complexity
3443,688,Mercury_SC_401788,B,B,1,heuristic,B,p4_role
3444,688,Mercury_SC_401788,B,B,1,heuristic,B,p5_fewshot
3445,689,ACTAAP_2014_7_5,D,D,1,json,"{
  ""answer"": ""D""
}",p1_format
3446,689,ACTAAP_2014_7_5,D,D,1,json,"{""answer"": ""D""}",p1_format_soft
3447,689,ACTAAP_2014_7_5,D,D,1,heuristic,D,p2_complexity
3448,689,ACTAAP_2014_7_5,D,D,1,heuristic,D,p4_role
3449,689,ACTAAP_2014_7_5,D,D,1,heuristic,D,p5_fewshot
3450,690,MCAS_2004_5_11,D,D,1,json,"{
  ""answer"": ""D""
}",p1_format
3451,690,MCAS_2004_5_11,D,D,1,json,"{""answer"": ""D""}",p1_format_soft
3452,690,MCAS_2004_5_11,D,D,1,heuristic,D,p2_complexity
3453,690,MCAS_2004_5_11,D,D,1,heuristic,D,p4_role
3454,690,MCAS_2004_5_11,D,D,1,heuristic,D,p5_fewshot
3455,691,NCEOGA_2013_8_7,A,A,1,json,"{
  ""answer"": ""A""
}",p1_format
3456,691,NCEOGA_2013_8_7,A,A,1,json,"{""answer"": ""A""}",p1_format_soft
3457,691,NCEOGA_2013_8_7,A,A,1,heuristic,A,p2_complexity
3458,691,NCEOGA_2013_8_7,A,A,1,heuristic,A,p4_role
3459,691,NCEOGA_2013_8_7,A,A,1,heuristic,A,p5_fewshot
3460,692,LEAP__7_10339,A,A,1,json,"{
  ""answer"": ""A""
}",p1_format
3461,692,LEAP__7_10339,A,A,1,json,"{""answer"": ""A""}",p1_format_soft
3462,692,LEAP__7_10339,A,A,1,heuristic,A,p2_complexity
3463,692,LEAP__7_10339,A,A,1,heuristic,A,p4_role
3464,692,LEAP__7_10339,A,A,1,heuristic,A,p5_fewshot
3465,693,Mercury_7018270,C,C,1,json,"{
  ""answer"": ""C""
}",p1_format
3466,693,Mercury_7018270,C,C,1,json,"{""answer"": ""C""}",p1_format_soft
3467,693,Mercury_7018270,C,C,1,heuristic,C,p2_complexity
3468,693,Mercury_7018270,C,C,1,heuristic,C,p4_role
3469,693,Mercury_7018270,C,C,1,heuristic,C,p5_fewshot
3470,694,Mercury_7034808,A,A,1,json,"{
  ""answer"": ""A""
}",p1_format
3471,694,Mercury_7034808,A,A,1,json,"{""answer"": ""A""}",p1_format_soft
3472,694,Mercury_7034808,A,A,1,heuristic,A,p2_complexity
3473,694,Mercury_7034808,A,A,1,heuristic,A,p4_role
3474,694,Mercury_7034808,A,A,1,heuristic,A,p5_fewshot
3475,695,Mercury_7216300,C,C,1,json,"{
  ""answer"": ""C""
}",p1_format
3476,695,Mercury_7216300,C,C,1,json,"{""answer"": ""C""}",p1_format_soft
3477,695,Mercury_7216300,C,C,1,heuristic,C,p2_complexity
3478,695,Mercury_7216300,C,C,1,heuristic,C,p4_role
3479,695,Mercury_7216300,C,C,1,heuristic,C,p5_fewshot
3480,696,Mercury_SC_400985,C,C,1,json,"{
  ""answer"": ""C""
}",p1_format
3481,696,Mercury_SC_400985,C,C,1,json,"{""answer"": ""C""}",p1_format_soft
3482,696,Mercury_SC_400985,C,C,1,heuristic,C,p2_complexity
3483,696,Mercury_SC_400985,C,C,1,heuristic,C,p4_role
3484,696,Mercury_SC_400985,C,C,1,heuristic,C,p5_fewshot
3485,697,Mercury_7188528,A,A,1,json,"{
  ""answer"": ""A""
}",p1_format
3486,697,Mercury_7188528,A,A,1,json,"{""answer"": ""A""}",p1_format_soft
3487,697,Mercury_7188528,A,A,1,heuristic,A,p2_complexity
3488,697,Mercury_7188528,A,A,1,heuristic,A,p4_role
3489,697,Mercury_7188528,A,A,1,heuristic,Answer: A,p5_fewshot
3490,698,TIMSS_1995_8_R2,B,B,1,json,"{
  ""answer"": ""B""
}",p1_format
3491,698,TIMSS_1995_8_R2,B,B,1,json,"{""answer"": ""B""}",p1_format_soft
3492,698,TIMSS_1995_8_R2,B,B,1,heuristic,B,p2_complexity
3493,698,TIMSS_1995_8_R2,B,B,1,heuristic,B,p4_role
3494,698,TIMSS_1995_8_R2,B,B,1,heuristic,B,p5_fewshot
3495,699,Mercury_SC_400032,C,C,1,json,"{
  ""answer"": ""C""
}",p1_format
3496,699,Mercury_SC_400032,C,C,1,json,"{""answer"": ""C""}",p1_format_soft
3497,699,Mercury_SC_400032,C,C,1,heuristic,C,p2_complexity
3498,699,Mercury_SC_400032,C,C,1,heuristic,C,p4_role
3499,699,Mercury_SC_400032,C,C,1,heuristic,C,p5_fewshot
3500,700,Mercury_7252245,D,D,1,json,"{
  ""answer"": ""D""
}",p1_format
3501,700,Mercury_7252245,D,D,1,json,"{""answer"": ""D""}",p1_format_soft
3502,700,Mercury_7252245,D,D,1,heuristic,D,p2_complexity
3503,700,Mercury_7252245,D,D,1,heuristic,D,p4_role
3504,700,Mercury_7252245,D,D,1,heuristic,D,p5_fewshot
3505,701,MCAS_2002_8_17,D,D,1,json,"{
  ""answer"": ""D""
}",p1_format
3506,701,MCAS_2002_8_17,D,D,1,json,"{""answer"": ""D""}",p1_format_soft
3507,701,MCAS_2002_8_17,D,D,1,heuristic,D,p2_complexity
3508,701,MCAS_2002_8_17,D,D,1,heuristic,D,p4_role
3509,701,MCAS_2002_8_17,D,D,1,heuristic,D,p5_fewshot
3510,702,MDSA_2007_8_30,C,C,1,json,"{
  ""answer"": ""C""
}",p1_format
3511,702,MDSA_2007_8_30,C,C,1,json,"{""answer"": ""C""}",p1_format_soft
3512,702,MDSA_2007_8_30,C,C,1,heuristic,C,p2_complexity
3513,702,MDSA_2007_8_30,C,C,1,heuristic,C,p4_role
3514,702,MDSA_2007_8_30,C,C,1,heuristic,Answer: C,p5_fewshot
3515,703,NCEOGA_2013_5_35,D,D,1,json,"{
  ""answer"": ""D""
}",p1_format
3516,703,NCEOGA_2013_5_35,D,D,1,json,"{""answer"": ""D""}",p1_format_soft
3517,703,NCEOGA_2013_5_35,D,D,1,heuristic,D,p2_complexity
3518,703,NCEOGA_2013_5_35,D,D,1,heuristic,D,p4_role
3519,703,NCEOGA_2013_5_35,D,D,1,heuristic,D,p5_fewshot
3520,704,Mercury_7082758,B,B,1,json,"{
  ""answer"": ""B""
}",p1_format
3521,704,Mercury_7082758,B,B,1,json,"{""answer"": ""B""}",p1_format_soft
3522,704,Mercury_7082758,B,B,1,heuristic,B,p2_complexity
3523,704,Mercury_7082758,B,B,1,heuristic,B,p4_role
3524,704,Mercury_7082758,B,B,1,heuristic,B,p5_fewshot
3525,705,Mercury_7094308,C,C,1,json,"{
  ""answer"": ""C""
}",p1_format
3526,705,Mercury_7094308,C,C,1,json,"{""answer"": ""C""}",p1_format_soft
3527,705,Mercury_7094308,C,C,1,heuristic,C,p2_complexity
3528,705,Mercury_7094308,C,C,1,heuristic,C,p4_role
3529,705,Mercury_7094308,C,C,1,heuristic,Answer: C,p5_fewshot
3530,706,Mercury_7136028,A,A,1,json,"{
  ""answer"": ""A""
}",p1_format
3531,706,Mercury_7136028,A,A,1,json,"{""answer"": ""A""}",p1_format_soft
3532,706,Mercury_7136028,A,A,1,heuristic,A,p2_complexity
3533,706,Mercury_7136028,A,A,1,heuristic,A,p4_role
3534,706,Mercury_7136028,A,A,1,heuristic,Answer: A,p5_fewshot
3535,707,Mercury_7159075,B,C,0,json,"{
  ""answer"": ""C""
}",p1_format
3536,707,Mercury_7159075,B,C,0,json,"{""answer"": ""C""}",p1_format_soft
3537,707,Mercury_7159075,B,C,0,heuristic,C,p2_complexity
3538,707,Mercury_7159075,B,C,0,heuristic,C,p4_role
3539,707,Mercury_7159075,B,C,0,heuristic,Answer: C,p5_fewshot
3540,708,MCAS_2015_5_19,B,B,1,json,"{
  ""answer"": ""B""
}",p1_format
3541,708,MCAS_2015_5_19,B,B,1,json,"{""answer"": ""B""}",p1_format_soft
3542,708,MCAS_2015_5_19,B,B,1,heuristic,B,p2_complexity
3543,708,MCAS_2015_5_19,B,B,1,heuristic,B,p4_role
3544,708,MCAS_2015_5_19,B,B,1,heuristic,Answer: B,p5_fewshot
3545,709,MSA_2012_5_12,A,A,1,json,"{
  ""answer"": ""A""
}",p1_format
3546,709,MSA_2012_5_12,A,A,1,json,"{""answer"": ""A""}",p1_format_soft
3547,709,MSA_2012_5_12,A,A,1,heuristic,A,p2_complexity
3548,709,MSA_2012_5_12,A,A,1,heuristic,A,p4_role
3549,709,MSA_2012_5_12,A,A,1,heuristic,A,p5_fewshot
3550,710,MCAS_2014_5_13,D,D,1,json,"{
  ""answer"": ""D""
}",p1_format
3551,710,MCAS_2014_5_13,D,D,1,json,"{""answer"": ""D""}",p1_format_soft
3552,710,MCAS_2014_5_13,D,D,1,heuristic,D,p2_complexity
3553,710,MCAS_2014_5_13,D,D,1,heuristic,D,p4_role
3554,710,MCAS_2014_5_13,D,D,1,heuristic,D,p5_fewshot
3555,711,Mercury_SC_400392,C,C,1,json,"{
  ""answer"": ""C""
}",p1_format
3556,711,Mercury_SC_400392,C,C,1,json,"{""answer"": ""C""}",p1_format_soft
3557,711,Mercury_SC_400392,C,C,1,heuristic,C,p2_complexity
3558,711,Mercury_SC_400392,C,C,1,heuristic,C,p4_role
3559,711,Mercury_SC_400392,C,C,1,heuristic,C,p5_fewshot
3560,712,Mercury_7159320,A,A,1,json,"{
  ""answer"": ""A""
}",p1_format
3561,712,Mercury_7159320,A,A,1,json,"{""answer"": ""A""}",p1_format_soft
3562,712,Mercury_7159320,A,A,1,heuristic,A,p2_complexity
3563,712,Mercury_7159320,A,A,1,heuristic,A,p4_role
3564,712,Mercury_7159320,A,A,1,heuristic,A,p5_fewshot
3565,713,Mercury_7218365,B,B,1,json,"{
  ""answer"": ""B""
}",p1_format
3566,713,Mercury_7218365,B,B,1,json,"{""answer"": ""B""}",p1_format_soft
3567,713,Mercury_7218365,B,B,1,heuristic,B,p2_complexity
3568,713,Mercury_7218365,B,B,1,heuristic,B,p4_role
3569,713,Mercury_7218365,B,B,1,heuristic,Answer: B,p5_fewshot
3570,714,MCAS_2004_9_10-v1,C,C,1,json,"{
  ""answer"": ""C""
}",p1_format
3571,714,MCAS_2004_9_10-v1,C,C,1,json,"{""answer"": ""C""}",p1_format_soft
3572,714,MCAS_2004_9_10-v1,C,C,1,heuristic,C,p2_complexity
3573,714,MCAS_2004_9_10-v1,C,C,1,heuristic,C,p4_role
3574,714,MCAS_2004_9_10-v1,C,C,1,heuristic,C,p5_fewshot
3575,715,AIMS_2009_4_12,D,D,1,json,"{
  ""answer"": ""D""
}",p1_format
3576,715,AIMS_2009_4_12,D,D,1,json,"{""answer"": ""D""}",p1_format_soft
3577,715,AIMS_2009_4_12,D,D,1,heuristic,D,p2_complexity
3578,715,AIMS_2009_4_12,D,D,1,heuristic,D,p4_role
3579,715,AIMS_2009_4_12,D,D,1,heuristic,D,p5_fewshot
3580,716,Mercury_SC_414274,B,B,1,json,"{
  ""answer"": ""B""
}",p1_format
3581,716,Mercury_SC_414274,B,B,1,json,"{""answer"": ""B""}",p1_format_soft
3582,716,Mercury_SC_414274,B,B,1,heuristic,B,p2_complexity
3583,716,Mercury_SC_414274,B,B,1,heuristic,B,p4_role
3584,716,Mercury_SC_414274,B,B,1,heuristic,B,p5_fewshot
3585,717,MCAS_2005_9_6,C,C,1,json,"{
  ""answer"": ""C""
}",p1_format
3586,717,MCAS_2005_9_6,C,C,1,json,"{""answer"": ""C""}",p1_format_soft
3587,717,MCAS_2005_9_6,C,C,1,heuristic,C,p2_complexity
3588,717,MCAS_2005_9_6,C,C,1,heuristic,C,p4_role
3589,717,MCAS_2005_9_6,C,C,1,heuristic,Answer: C,p5_fewshot
3590,718,MCAS_1998_4_23,A,A,1,json,"{
  ""answer"": ""A""
}",p1_format
3591,718,MCAS_1998_4_23,A,A,1,json,"{""answer"": ""A""}",p1_format_soft
3592,718,MCAS_1998_4_23,A,A,1,heuristic,A,p2_complexity
3593,718,MCAS_1998_4_23,A,A,1,heuristic,A,p4_role
3594,718,MCAS_1998_4_23,A,A,1,heuristic,Answer: A,p5_fewshot
3595,719,Mercury_7075023,D,D,1,json,"{
  ""answer"": ""D""
}",p1_format
3596,719,Mercury_7075023,D,D,1,json,"{""answer"": ""D""}",p1_format_soft
3597,719,Mercury_7075023,D,D,1,heuristic,D,p2_complexity
3598,719,Mercury_7075023,D,D,1,heuristic,D,p4_role
3599,719,Mercury_7075023,D,D,1,heuristic,D,p5_fewshot
3600,720,Mercury_SC_400182,B,B,1,json,"{
  ""answer"": ""B""
}",p1_format
3601,720,Mercury_SC_400182,B,B,1,json,"{""answer"": ""B""}",p1_format_soft
3602,720,Mercury_SC_400182,B,B,1,heuristic,B,p2_complexity
3603,720,Mercury_SC_400182,B,B,1,heuristic,B,p4_role
3604,720,Mercury_SC_400182,B,B,1,heuristic,B,p5_fewshot
3605,721,Mercury_SC_400133,B,B,1,json,"{
  ""answer"": ""B""
}",p1_format
3606,721,Mercury_SC_400133,B,B,1,json,"{""answer"": ""B""}",p1_format_soft
3607,721,Mercury_SC_400133,B,B,1,heuristic,B,p2_complexity
3608,721,Mercury_SC_400133,B,B,1,heuristic,B,p4_role
3609,721,Mercury_SC_400133,B,B,1,heuristic,Answer: B,p5_fewshot
3610,722,MSA_2013_5_11,D,D,1,json,"{
  ""answer"": ""D""
}",p1_format
3611,722,MSA_2013_5_11,D,D,1,json,"{""answer"": ""D""}",p1_format_soft
3612,722,MSA_2013_5_11,D,D,1,heuristic,D,p2_complexity
3613,722,MSA_2013_5_11,D,D,1,heuristic,D,p4_role
3614,722,MSA_2013_5_11,D,D,1,heuristic,D,p5_fewshot
3615,723,Mercury_SC_408706,B,B,1,json,"{
  ""answer"": ""B""
}",p1_format
3616,723,Mercury_SC_408706,B,B,1,json,"{""answer"": ""B""}",p1_format_soft
3617,723,Mercury_SC_408706,B,B,1,heuristic,B,p2_complexity
3618,723,Mercury_SC_408706,B,B,1,heuristic,B,p4_role
3619,723,Mercury_SC_408706,B,B,1,heuristic,B,p5_fewshot
3620,724,Mercury_7213325,D,D,1,json,"{
  ""answer"": ""D""
}",p1_format
3621,724,Mercury_7213325,D,D,1,json,"{""answer"": ""D""}",p1_format_soft
3622,724,Mercury_7213325,D,D,1,heuristic,D,p2_complexity
3623,724,Mercury_7213325,D,D,1,heuristic,D,p4_role
3624,724,Mercury_7213325,D,D,1,heuristic,Answer: D,p5_fewshot
3625,725,Mercury_SC_LBS10932,B,B,1,json,"{
  ""answer"": ""B""
}",p1_format
3626,725,Mercury_SC_LBS10932,B,B,1,json,"{""answer"": ""B""}",p1_format_soft
3627,725,Mercury_SC_LBS10932,B,B,1,heuristic,B,p2_complexity
3628,725,Mercury_SC_LBS10932,B,B,1,heuristic,B,p4_role
3629,725,Mercury_SC_LBS10932,B,B,1,heuristic,B,p5_fewshot
3630,726,Mercury_192220,D,D,1,json,"{
  ""answer"": ""D""
}",p1_format
3631,726,Mercury_192220,D,D,1,json,"{""answer"": ""D""}",p1_format_soft
3632,726,Mercury_192220,D,D,1,heuristic,D,p2_complexity
3633,726,Mercury_192220,D,D,1,heuristic,D,p4_role
3634,726,Mercury_192220,D,D,1,heuristic,Answer: D,p5_fewshot
3635,727,Mercury_SC_407247,C,C,1,json,"{
  ""answer"": ""C""
}",p1_format
3636,727,Mercury_SC_407247,C,C,1,json,"{""answer"": ""C""}",p1_format_soft
3637,727,Mercury_SC_407247,C,C,1,heuristic,C,p2_complexity
3638,727,Mercury_SC_407247,C,C,1,heuristic,C,p4_role
3639,727,Mercury_SC_407247,C,C,1,heuristic,C,p5_fewshot
3640,728,Mercury_7024798,D,D,1,json,"{
  ""answer"": ""D""
}",p1_format
3641,728,Mercury_7024798,D,D,1,json,"{""answer"": ""D""}",p1_format_soft
3642,728,Mercury_7024798,D,D,1,heuristic,D,p2_complexity
3643,728,Mercury_7024798,D,D,1,heuristic,D,p4_role
3644,728,Mercury_7024798,D,D,1,heuristic,D,p5_fewshot
3645,729,Mercury_7180810,C,C,1,json,"{
  ""answer"": ""C""
}",p1_format
3646,729,Mercury_7180810,C,C,1,json,"{""answer"": ""C""}",p1_format_soft
3647,729,Mercury_7180810,C,C,1,heuristic,C,p2_complexity
3648,729,Mercury_7180810,C,C,1,heuristic,C,p4_role
3649,729,Mercury_7180810,C,C,1,heuristic,C,p5_fewshot
3650,730,Mercury_412780,B,B,1,json,"{
  ""answer"": ""B""
}",p1_format
3651,730,Mercury_412780,B,B,1,json,"{""answer"": ""B""}",p1_format_soft
3652,730,Mercury_412780,B,B,1,heuristic,B,p2_complexity
3653,730,Mercury_412780,B,B,1,heuristic,B,p4_role
3654,730,Mercury_412780,B,B,1,heuristic,B,p5_fewshot
3655,731,LEAP_2011_8_10434,B,B,1,json,"{
  ""answer"": ""B""
}",p1_format
3656,731,LEAP_2011_8_10434,B,B,1,json,"{""answer"": ""B""}",p1_format_soft
3657,731,LEAP_2011_8_10434,B,B,1,heuristic,B,p2_complexity
3658,731,LEAP_2011_8_10434,B,B,1,heuristic,B,p4_role
3659,731,LEAP_2011_8_10434,B,B,1,heuristic,Answer: B,p5_fewshot
3660,732,Mercury_7200340,D,D,1,json,"{
  ""answer"": ""D""
}",p1_format
3661,732,Mercury_7200340,D,D,1,json,"{""answer"": ""D""}",p1_format_soft
3662,732,Mercury_7200340,D,D,1,heuristic,D,p2_complexity
3663,732,Mercury_7200340,D,D,1,heuristic,D,p4_role
3664,732,Mercury_7200340,D,D,1,heuristic,D,p5_fewshot
3665,733,Mercury_7056525,C,C,1,json,"{
  ""answer"": ""C""
}",p1_format
3666,733,Mercury_7056525,C,C,1,json,"{""answer"": ""C""}",p1_format_soft
3667,733,Mercury_7056525,C,C,1,heuristic,C,p2_complexity
3668,733,Mercury_7056525,C,C,1,heuristic,C,p4_role
3669,733,Mercury_7056525,C,C,1,heuristic,Answer: C,p5_fewshot
3670,734,Mercury_7085278,D,D,1,json,"{
  ""answer"": ""D""
}",p1_format
3671,734,Mercury_7085278,D,D,1,json,"{""answer"": ""D""}",p1_format_soft
3672,734,Mercury_7085278,D,D,1,heuristic,D,p2_complexity
3673,734,Mercury_7085278,D,D,1,heuristic,D,p4_role
3674,734,Mercury_7085278,D,D,1,heuristic,D,p5_fewshot
3675,735,AKDE&ED_2008_4_35,D,D,1,json,"{
  ""answer"": ""D""
}",p1_format
3676,735,AKDE&ED_2008_4_35,D,D,1,json,"{""answer"": ""D""}",p1_format_soft
3677,735,AKDE&ED_2008_4_35,D,D,1,heuristic,D,p2_complexity
3678,735,AKDE&ED_2008_4_35,D,D,1,heuristic,D,p4_role
3679,735,AKDE&ED_2008_4_35,D,D,1,heuristic,D,p5_fewshot
3680,736,MCAS_1999_8_16,D,D,1,json,"{
  ""answer"": ""D""
}",p1_format
3681,736,MCAS_1999_8_16,D,D,1,json,"{""answer"": ""D""}",p1_format_soft
3682,736,MCAS_1999_8_16,D,D,1,heuristic,D,p2_complexity
3683,736,MCAS_1999_8_16,D,D,1,heuristic,D,p4_role
3684,736,MCAS_1999_8_16,D,D,1,heuristic,D,p5_fewshot
3685,737,Mercury_SC_400063,D,D,1,json,"{""answer"": ""D""}",p1_format
3686,737,Mercury_SC_400063,D,A,0,json,"{""answer"": ""A""}",p1_format_soft
3687,737,Mercury_SC_400063,D,D,1,heuristic,D,p2_complexity
3688,737,Mercury_SC_400063,D,A,0,heuristic,A,p4_role
3689,737,Mercury_SC_400063,D,A,0,heuristic,Answer: A,p5_fewshot
3690,738,Mercury_SC_401666,D,D,1,json,"{
  ""answer"": ""D""
}",p1_format
3691,738,Mercury_SC_401666,D,D,1,json,"{""answer"": ""D""}",p1_format_soft
3692,738,Mercury_SC_401666,D,D,1,heuristic,D,p2_complexity
3693,738,Mercury_SC_401666,D,D,1,heuristic,D,p4_role
3694,738,Mercury_SC_401666,D,D,1,heuristic,Answer: D,p5_fewshot
3695,739,TIMSS_2011_8_pg31,C,C,1,json,"{
  ""answer"": ""C""
}",p1_format
3696,739,TIMSS_2011_8_pg31,C,C,1,json,"{""answer"": ""C""}",p1_format_soft
3697,739,TIMSS_2011_8_pg31,C,C,1,heuristic,C,p2_complexity
3698,739,TIMSS_2011_8_pg31,C,C,1,heuristic,C,p4_role
3699,739,TIMSS_2011_8_pg31,C,C,1,heuristic,C,p5_fewshot
3700,740,Mercury_412673,B,B,1,json,"{
  ""answer"": ""B""
}",p1_format
3701,740,Mercury_412673,B,B,1,json,"{""answer"": ""B""}",p1_format_soft
3702,740,Mercury_412673,B,B,1,heuristic,B,p2_complexity
3703,740,Mercury_412673,B,B,1,heuristic,B,p4_role
3704,740,Mercury_412673,B,B,1,heuristic,B,p5_fewshot
3705,741,Mercury_7130655,D,D,1,json,"{
  ""answer"": ""D""
}",p1_format
3706,741,Mercury_7130655,D,D,1,json,"{""answer"": ""D""}",p1_format_soft
3707,741,Mercury_7130655,D,D,1,heuristic,D,p2_complexity
3708,741,Mercury_7130655,D,D,1,heuristic,D,p4_role
3709,741,Mercury_7130655,D,D,1,heuristic,Answer: D,p5_fewshot
3710,742,MCAS_2004_5_7,B,B,1,json,"{
  ""answer"": ""B""
}",p1_format
3711,742,MCAS_2004_5_7,B,B,1,json,"{""answer"": ""B""}",p1_format_soft
3712,742,MCAS_2004_5_7,B,B,1,heuristic,B,p2_complexity
3713,742,MCAS_2004_5_7,B,B,1,heuristic,B,p4_role
3714,742,MCAS_2004_5_7,B,B,1,heuristic,B,p5_fewshot
3715,743,Mercury_7187373,D,D,1,json,"{
  ""answer"": ""D""
}",p1_format
3716,743,Mercury_7187373,D,D,1,json,"{""answer"": ""D""}",p1_format_soft
3717,743,Mercury_7187373,D,D,1,heuristic,D,p2_complexity
3718,743,Mercury_7187373,D,D,1,heuristic,D,p4_role
3719,743,Mercury_7187373,D,D,1,heuristic,D,p5_fewshot
3720,744,Mercury_SC_401361,C,A,0,json,"{
  ""answer"": ""A""
}",p1_format
3721,744,Mercury_SC_401361,C,A,0,json,"{""answer"": ""A""}",p1_format_soft
3722,744,Mercury_SC_401361,C,A,0,heuristic,A,p2_complexity
3723,744,Mercury_SC_401361,C,A,0,heuristic,A,p4_role
3724,744,Mercury_SC_401361,C,A,0,heuristic,A,p5_fewshot
3725,745,MCAS_2006_8_12,D,D,1,json,"{
  ""answer"": ""D""
}",p1_format
3726,745,MCAS_2006_8_12,D,D,1,json,"{""answer"": ""D""}",p1_format_soft
3727,745,MCAS_2006_8_12,D,D,1,heuristic,D,p2_complexity
3728,745,MCAS_2006_8_12,D,D,1,heuristic,D,p4_role
3729,745,MCAS_2006_8_12,D,D,1,heuristic,D,p5_fewshot
3730,746,Mercury_7233765,B,B,1,json,"{
  ""answer"": ""B""
}",p1_format
3731,746,Mercury_7233765,B,D,0,json,"{""answer"": ""D""}",p1_format_soft
3732,746,Mercury_7233765,B,D,0,heuristic,D,p2_complexity
3733,746,Mercury_7233765,B,D,0,heuristic,D,p4_role
3734,746,Mercury_7233765,B,D,0,heuristic,D,p5_fewshot
3735,747,Mercury_SC_407613,C,C,1,json,"{
  ""answer"": ""C""
}",p1_format
3736,747,Mercury_SC_407613,C,C,1,json,"{""answer"": ""C""}",p1_format_soft
3737,747,Mercury_SC_407613,C,C,1,heuristic,C,p2_complexity
3738,747,Mercury_SC_407613,C,C,1,heuristic,C,p4_role
3739,747,Mercury_SC_407613,C,C,1,heuristic,C,p5_fewshot
3740,748,MCAS_2005_5_24,A,A,1,json,"{
  ""answer"": ""A""
}",p1_format
3741,748,MCAS_2005_5_24,A,A,1,json,"{""answer"": ""A""}",p1_format_soft
3742,748,MCAS_2005_5_24,A,A,1,heuristic,A,p2_complexity
3743,748,MCAS_2005_5_24,A,A,1,heuristic,A,p4_role
3744,748,MCAS_2005_5_24,A,A,1,heuristic,Answer: A,p5_fewshot
3745,749,Mercury_405778,C,C,1,json,"{
  ""answer"": ""C""
}",p1_format
3746,749,Mercury_405778,C,C,1,json,"{""answer"": ""C""}",p1_format_soft
3747,749,Mercury_405778,C,C,1,heuristic,C,p2_complexity
3748,749,Mercury_405778,C,C,1,heuristic,C,p4_role
3749,749,Mercury_405778,C,C,1,heuristic,C,p5_fewshot
3750,750,Mercury_7263060,D,D,1,json,"{""answer"": ""D""}",p1_format
3751,750,Mercury_7263060,D,D,1,json,"{""answer"": ""D""}",p1_format_soft
3752,750,Mercury_7263060,D,D,1,heuristic,D,p2_complexity
3753,750,Mercury_7263060,D,D,1,heuristic,D,p4_role
3754,750,Mercury_7263060,D,D,1,heuristic,D,p5_fewshot
3755,751,Mercury_SC_401668,D,D,1,json,"{
  ""answer"": ""D""
}",p1_format
3756,751,Mercury_SC_401668,D,D,1,json,"{""answer"": ""D""}",p1_format_soft
3757,751,Mercury_SC_401668,D,D,1,heuristic,D,p2_complexity
3758,751,Mercury_SC_401668,D,D,1,heuristic,D,p4_role
3759,751,Mercury_SC_401668,D,D,1,heuristic,D,p5_fewshot
3760,752,Mercury_7230388,D,D,1,json,"{
  ""answer"": ""D""
}",p1_format
3761,752,Mercury_7230388,D,D,1,json,"{""answer"": ""D""}",p1_format_soft
3762,752,Mercury_7230388,D,D,1,heuristic,D,p2_complexity
3763,752,Mercury_7230388,D,D,1,heuristic,D,p4_role
3764,752,Mercury_7230388,D,D,1,heuristic,D,p5_fewshot
3765,753,Mercury_7041650,D,D,1,json,"{
  ""answer"": ""D""
}",p1_format
3766,753,Mercury_7041650,D,D,1,json,"{""answer"": ""D""}",p1_format_soft
3767,753,Mercury_7041650,D,D,1,heuristic,D,p2_complexity
3768,753,Mercury_7041650,D,D,1,heuristic,D,p4_role
3769,753,Mercury_7041650,D,D,1,heuristic,D,p5_fewshot
3770,754,Mercury_SC_409009,A,A,1,json,"{
  ""answer"": ""A""
}",p1_format
3771,754,Mercury_SC_409009,A,A,1,json,"{""answer"": ""A""}",p1_format_soft
3772,754,Mercury_SC_409009,A,A,1,heuristic,A,p2_complexity
3773,754,Mercury_SC_409009,A,A,1,heuristic,A,p4_role
3774,754,Mercury_SC_409009,A,A,1,heuristic,A,p5_fewshot
3775,755,Mercury_7223143,D,D,1,json,"{
  ""answer"": ""D""
}",p1_format
3776,755,Mercury_7223143,D,D,1,json,"{""answer"": ""D""}",p1_format_soft
3777,755,Mercury_7223143,D,D,1,heuristic,D,p2_complexity
3778,755,Mercury_7223143,D,D,1,heuristic,D,p4_role
3779,755,Mercury_7223143,D,D,1,heuristic,Answer: D,p5_fewshot
3780,756,ACTAAP_2007_7_3,D,D,1,json,"{
  ""answer"": ""D""
}",p1_format
3781,756,ACTAAP_2007_7_3,D,D,1,json,"{""answer"": ""D""}",p1_format_soft
3782,756,ACTAAP_2007_7_3,D,D,1,heuristic,D,p2_complexity
3783,756,ACTAAP_2007_7_3,D,D,1,heuristic,D,p4_role
3784,756,ACTAAP_2007_7_3,D,D,1,heuristic,D,p5_fewshot
3785,757,Mercury_7215670,C,C,1,json,"{
  ""answer"": ""C""
}",p1_format
3786,757,Mercury_7215670,C,C,1,json,"{""answer"": ""C""}",p1_format_soft
3787,757,Mercury_7215670,C,C,1,heuristic,C,p2_complexity
3788,757,Mercury_7215670,C,C,1,heuristic,C,p4_role
3789,757,Mercury_7215670,C,C,1,heuristic,C,p5_fewshot
3790,758,MEA_2010_8_15,A,A,1,json,"{
  ""answer"": ""A""
}",p1_format
3791,758,MEA_2010_8_15,A,A,1,json,"{""answer"": ""A""}",p1_format_soft
3792,758,MEA_2010_8_15,A,A,1,heuristic,A,p2_complexity
3793,758,MEA_2010_8_15,A,A,1,heuristic,A,p4_role
3794,758,MEA_2010_8_15,A,A,1,heuristic,Answer: A,p5_fewshot
3795,759,Mercury_7270515,B,B,1,json,"{
  ""answer"": ""B""
}",p1_format
3796,759,Mercury_7270515,B,B,1,json,"{""answer"": ""B""}",p1_format_soft
3797,759,Mercury_7270515,B,B,1,heuristic,B,p2_complexity
3798,759,Mercury_7270515,B,B,1,heuristic,B,p4_role
3799,759,Mercury_7270515,B,B,1,heuristic,B,p5_fewshot
3800,760,Mercury_7006160,C,C,1,json,"{
  ""answer"": ""C""
}",p1_format
3801,760,Mercury_7006160,C,C,1,json,"{""answer"": ""C""}",p1_format_soft
3802,760,Mercury_7006160,C,C,1,heuristic,C,p2_complexity
3803,760,Mercury_7006160,C,C,1,heuristic,C,p4_role
3804,760,Mercury_7006160,C,C,1,heuristic,Answer: C,p5_fewshot
3805,761,Mercury_SC_410630,C,C,1,json,"{
  ""answer"": ""C""
}",p1_format
3806,761,Mercury_SC_410630,C,C,1,json,"{""answer"": ""C""}",p1_format_soft
3807,761,Mercury_SC_410630,C,C,1,heuristic,C,p2_complexity
3808,761,Mercury_SC_410630,C,C,1,heuristic,C,p4_role
3809,761,Mercury_SC_410630,C,C,1,heuristic,C,p5_fewshot
3810,762,Mercury_7082320,A,A,1,json,"{
  ""answer"": ""A""
}",p1_format
3811,762,Mercury_7082320,A,A,1,json,"{""answer"": ""A""}",p1_format_soft
3812,762,Mercury_7082320,A,A,1,heuristic,A,p2_complexity
3813,762,Mercury_7082320,A,A,1,heuristic,A,p4_role
3814,762,Mercury_7082320,A,A,1,heuristic,A,p5_fewshot
3815,763,MEA_2013_8_1,A,A,1,json,"{
  ""answer"": ""A""
}",p1_format
3816,763,MEA_2013_8_1,A,A,1,json,"{""answer"": ""A""}",p1_format_soft
3817,763,MEA_2013_8_1,A,A,1,heuristic,A,p2_complexity
3818,763,MEA_2013_8_1,A,A,1,heuristic,A,p4_role
3819,763,MEA_2013_8_1,A,A,1,heuristic,Answer: A,p5_fewshot
3820,764,Mercury_7033845,B,B,1,json,"{
  ""answer"": ""B""
}",p1_format
3821,764,Mercury_7033845,B,B,1,json,"{""answer"": ""B""}",p1_format_soft
3822,764,Mercury_7033845,B,B,1,heuristic,B,p2_complexity
3823,764,Mercury_7033845,B,B,1,heuristic,B,p4_role
3824,764,Mercury_7033845,B,B,1,heuristic,B,p5_fewshot
3825,765,Mercury_7221620,A,A,1,json,"{
  ""answer"": ""A""
}",p1_format
3826,765,Mercury_7221620,A,A,1,json,"{""answer"": ""A""}",p1_format_soft
3827,765,Mercury_7221620,A,A,1,heuristic,A,p2_complexity
3828,765,Mercury_7221620,A,A,1,heuristic,A,p4_role
3829,765,Mercury_7221620,A,A,1,heuristic,A,p5_fewshot
3830,766,LEAP__7_10352,D,D,1,json,"{
  ""answer"": ""D""
}",p1_format
3831,766,LEAP__7_10352,D,D,1,json,"{""answer"": ""D""}",p1_format_soft
3832,766,LEAP__7_10352,D,D,1,heuristic,D,p2_complexity
3833,766,LEAP__7_10352,D,D,1,heuristic,D,p4_role
3834,766,LEAP__7_10352,D,D,1,heuristic,Answer: D,p5_fewshot
3835,767,Mercury_412605,C,C,1,json,"{
  ""answer"": ""C""
}",p1_format
3836,767,Mercury_412605,C,C,1,json,"{""answer"": ""C""}",p1_format_soft
3837,767,Mercury_412605,C,C,1,heuristic,C,p2_complexity
3838,767,Mercury_412605,C,C,1,heuristic,C,p4_role
3839,767,Mercury_412605,C,C,1,heuristic,Answer: C,p5_fewshot
3840,768,Mercury_416638,A,A,1,json,"{""answer"": ""A""}",p1_format
3841,768,Mercury_416638,A,A,1,json,"{""answer"": ""A""}",p1_format_soft
3842,768,Mercury_416638,A,D,0,heuristic,D,p2_complexity
3843,768,Mercury_416638,A,D,0,heuristic,D,p4_role
3844,768,Mercury_416638,A,,-1,empty,,p5_fewshot
3845,769,MCAS_2011_8_17694,A,A,1,json,"{
  ""answer"": ""A""
}",p1_format
3846,769,MCAS_2011_8_17694,A,A,1,json,"{""answer"": ""A""}",p1_format_soft
3847,769,MCAS_2011_8_17694,A,A,1,heuristic,A,p2_complexity
3848,769,MCAS_2011_8_17694,A,A,1,heuristic,A,p4_role
3849,769,MCAS_2011_8_17694,A,A,1,heuristic,Answer: A,p5_fewshot
3850,770,Mercury_SC_400012,D,D,1,json,"{
  ""answer"": ""D""
}",p1_format
3851,770,Mercury_SC_400012,D,D,1,json,"{""answer"": ""D""}",p1_format_soft
3852,770,Mercury_SC_400012,D,D,1,heuristic,D,p2_complexity
3853,770,Mercury_SC_400012,D,D,1,heuristic,D,p4_role
3854,770,Mercury_SC_400012,D,D,1,heuristic,D,p5_fewshot
3855,771,Mercury_SC_413458,B,B,1,json,"{
  ""answer"": ""B""
}",p1_format
3856,771,Mercury_SC_413458,B,B,1,json,"{""answer"": ""B""}",p1_format_soft
3857,771,Mercury_SC_413458,B,B,1,heuristic,B,p2_complexity
3858,771,Mercury_SC_413458,B,B,1,heuristic,B,p4_role
3859,771,Mercury_SC_413458,B,B,1,heuristic,B,p5_fewshot
3860,772,Mercury_7139545,C,C,1,json,"{
  ""answer"": ""C""
}",p1_format
3861,772,Mercury_7139545,C,C,1,json,"{""answer"": ""C""}",p1_format_soft
3862,772,Mercury_7139545,C,C,1,heuristic,C,p2_complexity
3863,772,Mercury_7139545,C,C,1,heuristic,C,p4_role
3864,772,Mercury_7139545,C,C,1,heuristic,Answer: C,p5_fewshot
3865,773,NYSEDREGENTS_2015_4_5,B,B,1,json,"{
  ""answer"": ""B""
}",p1_format
3866,773,NYSEDREGENTS_2015_4_5,B,B,1,json,"{""answer"": ""B""}",p1_format_soft
3867,773,NYSEDREGENTS_2015_4_5,B,B,1,heuristic,B,p2_complexity
3868,773,NYSEDREGENTS_2015_4_5,B,B,1,heuristic,B,p4_role
3869,773,NYSEDREGENTS_2015_4_5,B,B,1,heuristic,B,p5_fewshot
3870,774,TIMSS_2003_8_pg16,C,C,1,json,"{
  ""answer"": ""C""
}",p1_format
3871,774,TIMSS_2003_8_pg16,C,C,1,json,"{""answer"": ""C""}",p1_format_soft
3872,774,TIMSS_2003_8_pg16,C,C,1,heuristic,C,p2_complexity
3873,774,TIMSS_2003_8_pg16,C,C,1,heuristic,C,p4_role
3874,774,TIMSS_2003_8_pg16,C,C,1,heuristic,C,p5_fewshot
3875,775,Mercury_SC_415073,A,A,1,json,"{
  ""answer"": ""A""
}",p1_format
3876,775,Mercury_SC_415073,A,A,1,json,"{""answer"": ""A""}",p1_format_soft
3877,775,Mercury_SC_415073,A,A,1,heuristic,A,p2_complexity
3878,775,Mercury_SC_415073,A,A,1,heuristic,A,p4_role
3879,775,Mercury_SC_415073,A,A,1,heuristic,Answer: A,p5_fewshot
3880,776,Mercury_7012880,A,A,1,json,"{
  ""answer"": ""A""
}",p1_format
3881,776,Mercury_7012880,A,A,1,json,"{""answer"": ""A""}",p1_format_soft
3882,776,Mercury_7012880,A,A,1,heuristic,A,p2_complexity
3883,776,Mercury_7012880,A,A,1,heuristic,A,p4_role
3884,776,Mercury_7012880,A,A,1,heuristic,A,p5_fewshot
3885,777,Mercury_191625,D,D,1,json,"{
  ""answer"": ""D""
}",p1_format
3886,777,Mercury_191625,D,D,1,json,"{""answer"": ""D""}",p1_format_soft
3887,777,Mercury_191625,D,D,1,heuristic,D,p2_complexity
3888,777,Mercury_191625,D,D,1,heuristic,D,p4_role
3889,777,Mercury_191625,D,D,1,heuristic,D,p5_fewshot
3890,778,Mercury_SC_402985,B,B,1,json,"{
  ""answer"": ""B""
}",p1_format
3891,778,Mercury_SC_402985,B,B,1,json,"{""answer"": ""B""}",p1_format_soft
3892,778,Mercury_SC_402985,B,B,1,heuristic,B,p2_complexity
3893,778,Mercury_SC_402985,B,B,1,heuristic,B,p4_role
3894,778,Mercury_SC_402985,B,B,1,heuristic,B,p5_fewshot
3895,779,Mercury_7005425,A,A,1,json,"{
  ""answer"": ""A""
}",p1_format
3896,779,Mercury_7005425,A,A,1,json,"{""answer"": ""A""}",p1_format_soft
3897,779,Mercury_7005425,A,A,1,heuristic,A,p2_complexity
3898,779,Mercury_7005425,A,A,1,heuristic,A,p4_role
3899,779,Mercury_7005425,A,A,1,heuristic,A,p5_fewshot
3900,780,MDSA_2013_8_40,C,C,1,json,"{
  ""answer"": ""C""
}",p1_format
3901,780,MDSA_2013_8_40,C,C,1,json,"{""answer"": ""C""}",p1_format_soft
3902,780,MDSA_2013_8_40,C,C,1,heuristic,C,p2_complexity
3903,780,MDSA_2013_8_40,C,C,1,heuristic,C,p4_role
3904,780,MDSA_2013_8_40,C,C,1,heuristic,C,p5_fewshot
3905,781,Mercury_401684,B,B,1,json,"{
  ""answer"": ""B""
}",p1_format
3906,781,Mercury_401684,B,B,1,json,"{""answer"": ""B""}",p1_format_soft
3907,781,Mercury_401684,B,B,1,heuristic,B,p2_complexity
3908,781,Mercury_401684,B,B,1,heuristic,B,p4_role
3909,781,Mercury_401684,B,B,1,heuristic,Answer: B,p5_fewshot
3910,782,NCEOGA_2013_5_17,B,B,1,json,"{
  ""answer"": ""B""
}",p1_format
3911,782,NCEOGA_2013_5_17,B,B,1,json,"{""answer"": ""B""}",p1_format_soft
3912,782,NCEOGA_2013_5_17,B,B,1,heuristic,B,p2_complexity
3913,782,NCEOGA_2013_5_17,B,B,1,heuristic,B,p4_role
3914,782,NCEOGA_2013_5_17,B,B,1,heuristic,B,p5_fewshot
3915,783,Mercury_7116183,B,B,1,json,"{
  ""answer"": ""B""
}",p1_format
3916,783,Mercury_7116183,B,B,1,json,"{""answer"": ""B""}",p1_format_soft
3917,783,Mercury_7116183,B,B,1,heuristic,B,p2_complexity
3918,783,Mercury_7116183,B,B,1,heuristic,B,p4_role
3919,783,Mercury_7116183,B,B,1,heuristic,B,p5_fewshot
3920,784,Mercury_7106628,D,D,1,json,"{
  ""answer"": ""D""
}",p1_format
3921,784,Mercury_7106628,D,D,1,json,"{""answer"": ""D""}",p1_format_soft
3922,784,Mercury_7106628,D,D,1,heuristic,D,p2_complexity
3923,784,Mercury_7106628,D,D,1,heuristic,D,p4_role
3924,784,Mercury_7106628,D,D,1,heuristic,Answer: D,p5_fewshot
3925,785,Mercury_7203473,D,D,1,json,"{
  ""answer"": ""D""
}",p1_format
3926,785,Mercury_7203473,D,D,1,json,"{""answer"": ""D""}",p1_format_soft
3927,785,Mercury_7203473,D,D,1,heuristic,D,p2_complexity
3928,785,Mercury_7203473,D,D,1,heuristic,D,p4_role
3929,785,Mercury_7203473,D,D,1,heuristic,D,p5_fewshot
3930,786,Mercury_SC_416108,C,C,1,json,"{
  ""answer"": ""C""
}",p1_format
3931,786,Mercury_SC_416108,C,C,1,json,"{""answer"": ""C""}",p1_format_soft
3932,786,Mercury_SC_416108,C,C,1,heuristic,C,p2_complexity
3933,786,Mercury_SC_416108,C,C,1,heuristic,C,p4_role
3934,786,Mercury_SC_416108,C,C,1,heuristic,C,p5_fewshot
3935,787,LEAP_2007_8_10418,C,D,0,json,"{""answer"": ""D""}",p1_format
3936,787,LEAP_2007_8_10418,C,D,0,json,"{""answer"": ""D""}",p1_format_soft
3937,787,LEAP_2007_8_10418,C,D,0,heuristic,D,p2_complexity
3938,787,LEAP_2007_8_10418,C,C,1,heuristic,C,p4_role
3939,787,LEAP_2007_8_10418,C,D,0,heuristic,D,p5_fewshot
3940,788,Mercury_7111178,C,C,1,json,"{
  ""answer"": ""C""
}",p1_format
3941,788,Mercury_7111178,C,C,1,json,"{""answer"": ""C""}",p1_format_soft
3942,788,Mercury_7111178,C,C,1,heuristic,C,p2_complexity
3943,788,Mercury_7111178,C,C,1,heuristic,C,p4_role
3944,788,Mercury_7111178,C,C,1,heuristic,C,p5_fewshot
3945,789,Mercury_7203560,A,A,1,json,"{
  ""answer"": ""A""
}",p1_format
3946,789,Mercury_7203560,A,A,1,json,"{""answer"": ""A""}",p1_format_soft
3947,789,Mercury_7203560,A,A,1,heuristic,A,p2_complexity
3948,789,Mercury_7203560,A,A,1,heuristic,A,p4_role
3949,789,Mercury_7203560,A,A,1,heuristic,A,p5_fewshot
3950,790,ACTAAP_2013_7_2,A,A,1,json,"{
  ""answer"": ""A""
}",p1_format
3951,790,ACTAAP_2013_7_2,A,A,1,json,"{""answer"": ""A""}",p1_format_soft
3952,790,ACTAAP_2013_7_2,A,A,1,heuristic,A,p2_complexity
3953,790,ACTAAP_2013_7_2,A,A,1,heuristic,A,p4_role
3954,790,ACTAAP_2013_7_2,A,A,1,heuristic,A,p5_fewshot
3955,791,MCAS_2012_8_23640,D,D,1,json,"{
  ""answer"": ""D""
}",p1_format
3956,791,MCAS_2012_8_23640,D,D,1,json,"{""answer"": ""D""}",p1_format_soft
3957,791,MCAS_2012_8_23640,D,D,1,heuristic,D,p2_complexity
3958,791,MCAS_2012_8_23640,D,D,1,heuristic,D,p4_role
3959,791,MCAS_2012_8_23640,D,D,1,heuristic,D,p5_fewshot
3960,792,Mercury_404272,B,B,1,json,"{
  ""answer"": ""B""
}",p1_format
3961,792,Mercury_404272,B,B,1,json,"{""answer"": ""B""}",p1_format_soft
3962,792,Mercury_404272,B,B,1,heuristic,B,p2_complexity
3963,792,Mercury_404272,B,B,1,heuristic,B,p4_role
3964,792,Mercury_404272,B,B,1,heuristic,B,p5_fewshot
3965,793,MCAS_2009_8_17,B,B,1,json,"{
  ""answer"": ""B""
}",p1_format
3966,793,MCAS_2009_8_17,B,B,1,json,"{""answer"": ""B""}",p1_format_soft
3967,793,MCAS_2009_8_17,B,B,1,heuristic,B,p2_complexity
3968,793,MCAS_2009_8_17,B,B,1,heuristic,B,p4_role
3969,793,MCAS_2009_8_17,B,B,1,heuristic,Answer: B,p5_fewshot
3970,794,AIMS_2008_4_5,C,C,1,json,"{
  ""answer"": ""C""
}",p1_format
3971,794,AIMS_2008_4_5,C,C,1,json,"{""answer"": ""C""}",p1_format_soft
3972,794,AIMS_2008_4_5,C,C,1,heuristic,C,p2_complexity
3973,794,AIMS_2008_4_5,C,C,1,heuristic,C,p4_role
3974,794,AIMS_2008_4_5,C,C,1,heuristic,C,p5_fewshot
3975,795,Mercury_7236513,D,B,0,json,"{
  ""answer"": ""B""
}",p1_format
3976,795,Mercury_7236513,D,B,0,json,"{""answer"": ""B""}",p1_format_soft
3977,795,Mercury_7236513,D,D,1,heuristic,D,p2_complexity
3978,795,Mercury_7236513,D,B,0,heuristic,B,p4_role
3979,795,Mercury_7236513,D,B,0,heuristic,B,p5_fewshot
3980,796,Mercury_SC_LBS10027,B,B,1,json,"{
  ""answer"": ""B""
}",p1_format
3981,796,Mercury_SC_LBS10027,B,B,1,json,"{""answer"": ""B""}",p1_format_soft
3982,796,Mercury_SC_LBS10027,B,B,1,heuristic,B,p2_complexity
3983,796,Mercury_SC_LBS10027,B,B,1,heuristic,B,p4_role
3984,796,Mercury_SC_LBS10027,B,B,1,heuristic,Answer: B,p5_fewshot
3985,797,Mercury_189053,D,D,1,json,"{
  ""answer"": ""D""
}",p1_format
3986,797,Mercury_189053,D,D,1,json,"{""answer"": ""D""}",p1_format_soft
3987,797,Mercury_189053,D,D,1,heuristic,D,p2_complexity
3988,797,Mercury_189053,D,D,1,heuristic,D,p4_role
3989,797,Mercury_189053,D,D,1,heuristic,D,p5_fewshot
3990,798,Mercury_SC_414271,C,C,1,json,"{
  ""answer"": ""C""
}",p1_format
3991,798,Mercury_SC_414271,C,C,1,json,"{""answer"": ""C""}",p1_format_soft
3992,798,Mercury_SC_414271,C,C,1,heuristic,C,p2_complexity
3993,798,Mercury_SC_414271,C,C,1,heuristic,C,p4_role
3994,798,Mercury_SC_414271,C,C,1,heuristic,C,p5_fewshot
3995,799,Mercury_408922,C,C,1,json,"{
  ""answer"": ""C""
}",p1_format
3996,799,Mercury_408922,C,C,1,json,"{""answer"": ""C""}",p1_format_soft
3997,799,Mercury_408922,C,C,1,heuristic,C,p2_complexity
3998,799,Mercury_408922,C,C,1,heuristic,C,p4_role
3999,799,Mercury_408922,C,C,1,heuristic,Answer: C,p5_fewshot
4000,800,Mercury_7264093,C,C,1,json,"{
  ""answer"": ""C""
}",p1_format
4001,800,Mercury_7264093,C,C,1,json,"{""answer"": ""C""}",p1_format_soft
4002,800,Mercury_7264093,C,C,1,heuristic,C,p2_complexity
4003,800,Mercury_7264093,C,C,1,heuristic,C,p4_role
4004,800,Mercury_7264093,C,C,1,heuristic,C,p5_fewshot
4005,801,Mercury_SC_LBS11009,C,C,1,json,"{
  ""answer"": ""C""
}",p1_format
4006,801,Mercury_SC_LBS11009,C,C,1,json,"{""answer"": ""C""}",p1_format_soft
4007,801,Mercury_SC_LBS11009,C,C,1,heuristic,C,p2_complexity
4008,801,Mercury_SC_LBS11009,C,C,1,heuristic,C,p4_role
4009,801,Mercury_SC_LBS11009,C,C,1,heuristic,Answer: C,p5_fewshot
4010,802,Mercury_7191433,C,C,1,json,"{
  ""answer"": ""C""
}",p1_format
4011,802,Mercury_7191433,C,C,1,json,"{""answer"": ""C""}",p1_format_soft
4012,802,Mercury_7191433,C,C,1,heuristic,C,p2_complexity
4013,802,Mercury_7191433,C,C,1,heuristic,C,p4_role
4014,802,Mercury_7191433,C,C,1,heuristic,Answer: C,p5_fewshot
4015,803,MEAP_2005_5_14,D,D,1,json,"{""answer"": ""D""}",p1_format
4016,803,MEAP_2005_5_14,D,D,1,json,"{""answer"": ""D""}",p1_format_soft
4017,803,MEAP_2005_5_14,D,D,1,heuristic,D,p2_complexity
4018,803,MEAP_2005_5_14,D,D,1,heuristic,D,p4_role
4019,803,MEAP_2005_5_14,D,D,1,heuristic,D,p5_fewshot
4020,804,Mercury_416683,C,C,1,json,"{
  ""answer"": ""C""
}",p1_format
4021,804,Mercury_416683,C,C,1,json,"{""answer"": ""C""}",p1_format_soft
4022,804,Mercury_416683,C,C,1,heuristic,C,p2_complexity
4023,804,Mercury_416683,C,C,1,heuristic,C,p4_role
4024,804,Mercury_416683,C,C,1,heuristic,C,p5_fewshot
4025,805,Mercury_7040775,B,B,1,json,"{
  ""answer"": ""B""
}",p1_format
4026,805,Mercury_7040775,B,B,1,json,"{""answer"": ""B""}",p1_format_soft
4027,805,Mercury_7040775,B,B,1,heuristic,B,p2_complexity
4028,805,Mercury_7040775,B,B,1,heuristic,B,p4_role
4029,805,Mercury_7040775,B,B,1,heuristic,B,p5_fewshot
4030,806,Mercury_7222600,C,C,1,json,"{
  ""answer"": ""C""
}",p1_format
4031,806,Mercury_7222600,C,C,1,json,"{""answer"": ""C""}",p1_format_soft
4032,806,Mercury_7222600,C,C,1,heuristic,C,p2_complexity
4033,806,Mercury_7222600,C,C,1,heuristic,C,p4_role
4034,806,Mercury_7222600,C,C,1,heuristic,C,p5_fewshot
4035,807,MCAS_2001_5_3,D,D,1,json,"{
  ""answer"": ""D""
}",p1_format
4036,807,MCAS_2001_5_3,D,D,1,json,"{""answer"": ""D""}",p1_format_soft
4037,807,MCAS_2001_5_3,D,D,1,heuristic,D,p2_complexity
4038,807,MCAS_2001_5_3,D,D,1,heuristic,D,p4_role
4039,807,MCAS_2001_5_3,D,D,1,heuristic,D,p5_fewshot
4040,808,MCAS_2004_8_7,D,B,0,json,"{""answer"": ""B""}",p1_format
4041,808,MCAS_2004_8_7,D,B,0,json,"{""answer"": ""B""}",p1_format_soft
4042,808,MCAS_2004_8_7,D,B,0,heuristic,B,p2_complexity
4043,808,MCAS_2004_8_7,D,D,1,heuristic,D,p4_role
4044,808,MCAS_2004_8_7,D,B,0,heuristic,B,p5_fewshot
4045,809,Mercury_415268,D,D,1,json,"{
  ""answer"": ""D""
}",p1_format
4046,809,Mercury_415268,D,D,1,json,"{""answer"": ""D""}",p1_format_soft
4047,809,Mercury_415268,D,D,1,heuristic,D,p2_complexity
4048,809,Mercury_415268,D,D,1,heuristic,D,p4_role
4049,809,Mercury_415268,D,D,1,heuristic,D,p5_fewshot
4050,810,Mercury_7017710,C,C,1,json,"{
  ""answer"": ""C""
}",p1_format
4051,810,Mercury_7017710,C,C,1,json,"{""answer"": ""C""}",p1_format_soft
4052,810,Mercury_7017710,C,C,1,heuristic,C,p2_complexity
4053,810,Mercury_7017710,C,C,1,heuristic,C,p4_role
4054,810,Mercury_7017710,C,C,1,heuristic,C,p5_fewshot
4055,811,Mercury_7210123,A,A,1,json,"{
  ""answer"": ""A""
}",p1_format
4056,811,Mercury_7210123,A,A,1,json,"{""answer"": ""A""}",p1_format_soft
4057,811,Mercury_7210123,A,A,1,heuristic,A,p2_complexity
4058,811,Mercury_7210123,A,A,1,heuristic,A,p4_role
4059,811,Mercury_7210123,A,A,1,heuristic,A,p5_fewshot
4060,812,MCAS_2009_5_6519,C,C,1,json,"{
  ""answer"": ""C""
}",p1_format
4061,812,MCAS_2009_5_6519,C,C,1,json,"{""answer"": ""C""}",p1_format_soft
4062,812,MCAS_2009_5_6519,C,C,1,heuristic,C,p2_complexity
4063,812,MCAS_2009_5_6519,C,C,1,heuristic,C,p4_role
4064,812,MCAS_2009_5_6519,C,C,1,heuristic,Answer: C,p5_fewshot
4065,813,Mercury_401502,D,D,1,json,"{
  ""answer"": ""D""
}",p1_format
4066,813,Mercury_401502,D,D,1,json,"{""answer"": ""D""}",p1_format_soft
4067,813,Mercury_401502,D,D,1,heuristic,D,p2_complexity
4068,813,Mercury_401502,D,D,1,heuristic,D,p4_role
4069,813,Mercury_401502,D,D,1,heuristic,D,p5_fewshot
4070,814,Mercury_7109498,B,B,1,json,"{
  ""answer"": ""B""
}",p1_format
4071,814,Mercury_7109498,B,B,1,json,"{""answer"": ""B""}",p1_format_soft
4072,814,Mercury_7109498,B,B,1,heuristic,B,p2_complexity
4073,814,Mercury_7109498,B,B,1,heuristic,B,p4_role
4074,814,Mercury_7109498,B,B,1,heuristic,B,p5_fewshot
4075,815,VASoL_2008_5_10,A,A,1,json,"{
  ""answer"": ""A""
}",p1_format
4076,815,VASoL_2008_5_10,A,A,1,json,"{""answer"": ""A""}",p1_format_soft
4077,815,VASoL_2008_5_10,A,A,1,heuristic,A,p2_complexity
4078,815,VASoL_2008_5_10,A,A,1,heuristic,A,p4_role
4079,815,VASoL_2008_5_10,A,A,1,heuristic,Answer: A,p5_fewshot
4080,816,MCAS_2006_9_4,A,A,1,json,"{
  ""answer"": ""A""
}",p1_format
4081,816,MCAS_2006_9_4,A,A,1,json,"{""answer"": ""A""}",p1_format_soft
4082,816,MCAS_2006_9_4,A,A,1,heuristic,A,p2_complexity
4083,816,MCAS_2006_9_4,A,A,1,heuristic,A,p4_role
4084,816,MCAS_2006_9_4,A,A,1,heuristic,Answer: A,p5_fewshot
4085,817,Mercury_402341,D,D,1,json,"{
  ""answer"": ""D""
}",p1_format
4086,817,Mercury_402341,D,D,1,json,"{""answer"": ""D""}",p1_format_soft
4087,817,Mercury_402341,D,D,1,heuristic,D,p2_complexity
4088,817,Mercury_402341,D,D,1,heuristic,D,p4_role
4089,817,Mercury_402341,D,D,1,heuristic,D,p5_fewshot
4090,818,MCAS_2006_9_34,D,D,1,json,"{
  ""answer"": ""D""
}",p1_format
4091,818,MCAS_2006_9_34,D,D,1,json,"{""answer"": ""D""}",p1_format_soft
4092,818,MCAS_2006_9_34,D,D,1,heuristic,D,p2_complexity
4093,818,MCAS_2006_9_34,D,D,1,heuristic,D,p4_role
4094,818,MCAS_2006_9_34,D,D,1,heuristic,D,p5_fewshot
4095,819,Mercury_7267715,C,C,1,json,"{
  ""answer"": ""C""
}",p1_format
4096,819,Mercury_7267715,C,C,1,json,"{""answer"": ""C""}",p1_format_soft
4097,819,Mercury_7267715,C,C,1,heuristic,C,p2_complexity
4098,819,Mercury_7267715,C,C,1,heuristic,C,p4_role
4099,819,Mercury_7267715,C,C,1,heuristic,C,p5_fewshot
4100,820,Mercury_SC_413089,D,D,1,json,"{
  ""answer"": ""D""
}",p1_format
4101,820,Mercury_SC_413089,D,D,1,json,"{""answer"": ""D""}",p1_format_soft
4102,820,Mercury_SC_413089,D,D,1,heuristic,D,p2_complexity
4103,820,Mercury_SC_413089,D,D,1,heuristic,D,p4_role
4104,820,Mercury_SC_413089,D,D,1,heuristic,D,p5_fewshot
4105,821,Mercury_SC_401656,A,A,1,json,"{
  ""answer"": ""A""
}",p1_format
4106,821,Mercury_SC_401656,A,A,1,json,"{""answer"": ""A""}",p1_format_soft
4107,821,Mercury_SC_401656,A,A,1,heuristic,A,p2_complexity
4108,821,Mercury_SC_401656,A,A,1,heuristic,A,p4_role
4109,821,Mercury_SC_401656,A,A,1,heuristic,Answer: A,p5_fewshot
4110,822,Mercury_407019,D,D,1,json,"{
  ""answer"": ""D""
}",p1_format
4111,822,Mercury_407019,D,D,1,json,"{""answer"": ""D""}",p1_format_soft
4112,822,Mercury_407019,D,D,1,heuristic,D,p2_complexity
4113,822,Mercury_407019,D,D,1,heuristic,D,p4_role
4114,822,Mercury_407019,D,D,1,heuristic,Answer: D,p5_fewshot
4115,823,Mercury_417128,B,B,1,json,"{
  ""answer"": ""B""
}",p1_format
4116,823,Mercury_417128,B,B,1,json,"{""answer"": ""B""}",p1_format_soft
4117,823,Mercury_417128,B,B,1,heuristic,B,p2_complexity
4118,823,Mercury_417128,B,B,1,heuristic,B,p4_role
4119,823,Mercury_417128,B,C,0,heuristic,Answer: C,p5_fewshot
4120,824,Mercury_7081305,D,D,1,json,"{
  ""answer"": ""D""
}",p1_format
4121,824,Mercury_7081305,D,D,1,json,"{""answer"": ""D""}",p1_format_soft
4122,824,Mercury_7081305,D,D,1,heuristic,D,p2_complexity
4123,824,Mercury_7081305,D,D,1,heuristic,D,p4_role
4124,824,Mercury_7081305,D,D,1,heuristic,Answer: D,p5_fewshot
4125,825,NYSEDREGENTS_2015_8_3,B,B,1,json,"{
  ""answer"": ""B""
}",p1_format
4126,825,NYSEDREGENTS_2015_8_3,B,B,1,json,"{""answer"": ""B""}",p1_format_soft
4127,825,NYSEDREGENTS_2015_8_3,B,B,1,heuristic,B,p2_complexity
4128,825,NYSEDREGENTS_2015_8_3,B,B,1,heuristic,B,p4_role
4129,825,NYSEDREGENTS_2015_8_3,B,B,1,heuristic,B,p5_fewshot
4130,826,MEA_2016_8_15,A,A,1,json,"{""answer"": ""A""}",p1_format
4131,826,MEA_2016_8_15,A,A,1,json,"{""answer"": ""A""}",p1_format_soft
4132,826,MEA_2016_8_15,A,A,1,heuristic,A,p2_complexity
4133,826,MEA_2016_8_15,A,A,1,heuristic,A,p4_role
4134,826,MEA_2016_8_15,A,A,1,heuristic,A,p5_fewshot
4135,827,ACTAAP_2015_7_9,D,D,1,json,"{
  ""answer"": ""D""
}",p1_format
4136,827,ACTAAP_2015_7_9,D,D,1,json,"{""answer"": ""D""}",p1_format_soft
4137,827,ACTAAP_2015_7_9,D,D,1,heuristic,D,p2_complexity
4138,827,ACTAAP_2015_7_9,D,D,1,heuristic,D,p4_role
4139,827,ACTAAP_2015_7_9,D,D,1,heuristic,Answer: D,p5_fewshot
4140,828,Mercury_7216423,B,B,1,json,"{
  ""answer"": ""B""
}",p1_format
4141,828,Mercury_7216423,B,B,1,json,"{""answer"": ""B""}",p1_format_soft
4142,828,Mercury_7216423,B,B,1,heuristic,B,p2_complexity
4143,828,Mercury_7216423,B,B,1,heuristic,B,p4_role
4144,828,Mercury_7216423,B,B,1,heuristic,Answer: B,p5_fewshot
4145,829,Mercury_416633,A,A,1,json,"{
  ""answer"": ""A""
}",p1_format
4146,829,Mercury_416633,A,A,1,json,"{""answer"": ""A""}",p1_format_soft
4147,829,Mercury_416633,A,A,1,heuristic,A,p2_complexity
4148,829,Mercury_416633,A,A,1,heuristic,A,p4_role
4149,829,Mercury_416633,A,A,1,heuristic,A,p5_fewshot
4150,830,Mercury_7038518,D,D,1,json,"{
  ""answer"": ""D""
}",p1_format
4151,830,Mercury_7038518,D,D,1,json,"{""answer"": ""D""}",p1_format_soft
4152,830,Mercury_7038518,D,D,1,heuristic,D,p2_complexity
4153,830,Mercury_7038518,D,D,1,heuristic,D,p4_role
4154,830,Mercury_7038518,D,D,1,heuristic,D,p5_fewshot
4155,831,Mercury_7085225,B,B,1,json,"{
  ""answer"": ""B""
}",p1_format
4156,831,Mercury_7085225,B,B,1,json,"{""answer"": ""B""}",p1_format_soft
4157,831,Mercury_7085225,B,B,1,heuristic,B,p2_complexity
4158,831,Mercury_7085225,B,B,1,heuristic,B,p4_role
4159,831,Mercury_7085225,B,B,1,heuristic,Answer: B,p5_fewshot
4160,832,LEAP__4_10225,B,B,1,json,"{
  ""answer"": ""B""
}",p1_format
4161,832,LEAP__4_10225,B,B,1,json,"{""answer"": ""B""}",p1_format_soft
4162,832,LEAP__4_10225,B,B,1,heuristic,B,p2_complexity
4163,832,LEAP__4_10225,B,B,1,heuristic,B,p4_role
4164,832,LEAP__4_10225,B,B,1,heuristic,B,p5_fewshot
4165,833,Mercury_SC_401661,D,D,1,json,"{
  ""answer"": ""D""
}",p1_format
4166,833,Mercury_SC_401661,D,D,1,json,"{""answer"": ""D""}",p1_format_soft
4167,833,Mercury_SC_401661,D,D,1,heuristic,D,p2_complexity
4168,833,Mercury_SC_401661,D,D,1,heuristic,D,p4_role
4169,833,Mercury_SC_401661,D,D,1,heuristic,D,p5_fewshot
4170,834,TIMSS_1995_8_Q15,A,A,1,json,"{
  ""answer"": ""A""
}",p1_format
4171,834,TIMSS_1995_8_Q15,A,A,1,json,"{""answer"": ""A""}",p1_format_soft
4172,834,TIMSS_1995_8_Q15,A,A,1,heuristic,A,p2_complexity
4173,834,TIMSS_1995_8_Q15,A,A,1,heuristic,A,p4_role
4174,834,TIMSS_1995_8_Q15,A,A,1,heuristic,Answer: A,p5_fewshot
4175,835,MCAS_1999_4_23,A,A,1,json,"{
  ""answer"": ""A""
}",p1_format
4176,835,MCAS_1999_4_23,A,A,1,json,"{""answer"": ""A""}",p1_format_soft
4177,835,MCAS_1999_4_23,A,A,1,heuristic,A,p2_complexity
4178,835,MCAS_1999_4_23,A,A,1,heuristic,A,p4_role
4179,835,MCAS_1999_4_23,A,A,1,heuristic,A,p5_fewshot
4180,836,TIMSS_1995_8_J7,D,D,1,json,"{
  ""answer"": ""D""
}",p1_format
4181,836,TIMSS_1995_8_J7,D,D,1,json,"{""answer"": ""D""}",p1_format_soft
4182,836,TIMSS_1995_8_J7,D,D,1,heuristic,D,p2_complexity
4183,836,TIMSS_1995_8_J7,D,D,1,heuristic,D,p4_role
4184,836,TIMSS_1995_8_J7,D,D,1,heuristic,D,p5_fewshot
4185,837,Mercury_SC_LBS10018,A,A,1,json,"{
  ""answer"": ""A""
}",p1_format
4186,837,Mercury_SC_LBS10018,A,A,1,json,"{""answer"": ""A""}",p1_format_soft
4187,837,Mercury_SC_LBS10018,A,A,1,heuristic,A,p2_complexity
4188,837,Mercury_SC_LBS10018,A,A,1,heuristic,A,p4_role
4189,837,Mercury_SC_LBS10018,A,A,1,heuristic,Answer: A,p5_fewshot
4190,838,Mercury_SC_406855,D,D,1,json,"{
  ""answer"": ""D""
}",p1_format
4191,838,Mercury_SC_406855,D,D,1,json,"{""answer"": ""D""}",p1_format_soft
4192,838,Mercury_SC_406855,D,D,1,heuristic,D,p2_complexity
4193,838,Mercury_SC_406855,D,D,1,heuristic,D,p4_role
4194,838,Mercury_SC_406855,D,D,1,heuristic,D,p5_fewshot
4195,839,Mercury_SC_415457,D,D,1,json,"{
  ""answer"": ""D""
}",p1_format
4196,839,Mercury_SC_415457,D,D,1,json,"{""answer"": ""D""}",p1_format_soft
4197,839,Mercury_SC_415457,D,D,1,heuristic,D,p2_complexity
4198,839,Mercury_SC_415457,D,D,1,heuristic,D,p4_role
4199,839,Mercury_SC_415457,D,D,1,heuristic,D,p5_fewshot
4200,840,NYSEDREGENTS_2015_4_25,C,C,1,json,"{
  ""answer"": ""C""
}",p1_format
4201,840,NYSEDREGENTS_2015_4_25,C,C,1,json,"{""answer"": ""C""}",p1_format_soft
4202,840,NYSEDREGENTS_2015_4_25,C,C,1,heuristic,C,p2_complexity
4203,840,NYSEDREGENTS_2015_4_25,C,C,1,heuristic,C,p4_role
4204,840,NYSEDREGENTS_2015_4_25,C,C,1,heuristic,C,p5_fewshot
4205,841,Mercury_7058135,B,B,1,json,"{
  ""answer"": ""B""
}",p1_format
4206,841,Mercury_7058135,B,B,1,json,"{""answer"": ""B""}",p1_format_soft
4207,841,Mercury_7058135,B,B,1,heuristic,B,p2_complexity
4208,841,Mercury_7058135,B,B,1,heuristic,B,p4_role
4209,841,Mercury_7058135,B,B,1,heuristic,B,p5_fewshot
4210,842,MDSA_2008_4_19,B,,-1,empty,,p1_format
4211,842,MDSA_2008_4_19,B,,-1,empty,,p1_format_soft
4212,842,MDSA_2008_4_19,B,,-1,empty,,p2_complexity
4213,842,MDSA_2008_4_19,B,B,1,heuristic,B,p4_role
4214,842,MDSA_2008_4_19,B,B,1,heuristic,B,p5_fewshot
4215,843,AKDE&ED_2008_8_45,D,D,1,json,"{
  ""answer"": ""D""
}",p1_format
4216,843,AKDE&ED_2008_8_45,D,D,1,json,"{""answer"": ""D""}",p1_format_soft
4217,843,AKDE&ED_2008_8_45,D,D,1,heuristic,D,p2_complexity
4218,843,AKDE&ED_2008_8_45,D,D,1,heuristic,D,p4_role
4219,843,AKDE&ED_2008_8_45,D,D,1,heuristic,D,p5_fewshot
4220,844,Mercury_7131758,A,A,1,json,"{
  ""answer"": ""A""
}",p1_format
4221,844,Mercury_7131758,A,A,1,json,"{""answer"": ""A""}",p1_format_soft
4222,844,Mercury_7131758,A,A,1,heuristic,A,p2_complexity
4223,844,Mercury_7131758,A,A,1,heuristic,A,p4_role
4224,844,Mercury_7131758,A,A,1,heuristic,A,p5_fewshot
4225,845,NYSEDREGENTS_2013_8_10,B,B,1,json,"{
  ""answer"": ""B""
}",p1_format
4226,845,NYSEDREGENTS_2013_8_10,B,B,1,json,"{""answer"": ""B""}",p1_format_soft
4227,845,NYSEDREGENTS_2013_8_10,B,B,1,heuristic,B,p2_complexity
4228,845,NYSEDREGENTS_2013_8_10,B,B,1,heuristic,B,p4_role
4229,845,NYSEDREGENTS_2013_8_10,B,B,1,heuristic,Answer: B,p5_fewshot
4230,846,Mercury_SC_401783,D,D,1,json,"{
  ""answer"": ""D""
}",p1_format
4231,846,Mercury_SC_401783,D,D,1,json,"{""answer"": ""D""}",p1_format_soft
4232,846,Mercury_SC_401783,D,D,1,heuristic,D,p2_complexity
4233,846,Mercury_SC_401783,D,D,1,heuristic,D,p4_role
4234,846,Mercury_SC_401783,D,D,1,heuristic,D,p5_fewshot
4235,847,Mercury_7190120,B,B,1,json,"{
  ""answer"": ""B""
}",p1_format
4236,847,Mercury_7190120,B,B,1,json,"{""answer"": ""B""}",p1_format_soft
4237,847,Mercury_7190120,B,B,1,heuristic,B,p2_complexity
4238,847,Mercury_7190120,B,B,1,heuristic,B,p4_role
4239,847,Mercury_7190120,B,B,1,heuristic,B,p5_fewshot
4240,848,Mercury_409317,B,B,1,json,"{
  ""answer"": ""B""
}",p1_format
4241,848,Mercury_409317,B,B,1,json,"{""answer"": ""B""}",p1_format_soft
4242,848,Mercury_409317,B,B,1,heuristic,B,p2_complexity
4243,848,Mercury_409317,B,B,1,heuristic,B,p4_role
4244,848,Mercury_409317,B,B,1,heuristic,B,p5_fewshot
4245,849,Mercury_7268240,D,D,1,json,"{
  ""answer"": ""D""
}",p1_format
4246,849,Mercury_7268240,D,D,1,json,"{""answer"": ""D""}",p1_format_soft
4247,849,Mercury_7268240,D,D,1,heuristic,D,p2_complexity
4248,849,Mercury_7268240,D,D,1,heuristic,D,p4_role
4249,849,Mercury_7268240,D,D,1,heuristic,Answer: D,p5_fewshot
4250,850,Mercury_7228358,D,D,1,json,"{
  ""answer"": ""D""
}",p1_format
4251,850,Mercury_7228358,D,D,1,json,"{""answer"": ""D""}",p1_format_soft
4252,850,Mercury_7228358,D,D,1,heuristic,D,p2_complexity
4253,850,Mercury_7228358,D,D,1,heuristic,D,p4_role
4254,850,Mercury_7228358,D,D,1,heuristic,D,p5_fewshot
4255,851,MCAS_2004_5_33,C,C,1,json,"{
  ""answer"": ""C""
}",p1_format
4256,851,MCAS_2004_5_33,C,C,1,json,"{""answer"": ""C""}",p1_format_soft
4257,851,MCAS_2004_5_33,C,C,1,heuristic,C,p2_complexity
4258,851,MCAS_2004_5_33,C,C,1,heuristic,C,p4_role
4259,851,MCAS_2004_5_33,C,C,1,heuristic,Answer: C,p5_fewshot
4260,852,Mercury_7008855,B,B,1,json,"{
  ""answer"": ""B""
}",p1_format
4261,852,Mercury_7008855,B,B,1,json,"{""answer"": ""B""}",p1_format_soft
4262,852,Mercury_7008855,B,B,1,heuristic,B,p2_complexity
4263,852,Mercury_7008855,B,B,1,heuristic,B,p4_role
4264,852,Mercury_7008855,B,B,1,heuristic,B,p5_fewshot
4265,853,Mercury_7057085,B,A,0,json,"{
  ""answer"": ""A""
}",p1_format
4266,853,Mercury_7057085,B,A,0,json,"{""answer"": ""A""}",p1_format_soft
4267,853,Mercury_7057085,B,A,0,heuristic,A,p2_complexity
4268,853,Mercury_7057085,B,A,0,heuristic,A,p4_role
4269,853,Mercury_7057085,B,A,0,heuristic,Answer: A,p5_fewshot
4270,854,Mercury_7171728,B,B,1,json,"{
  ""answer"": ""B""
}",p1_format
4271,854,Mercury_7171728,B,B,1,json,"{""answer"": ""B""}",p1_format_soft
4272,854,Mercury_7171728,B,B,1,heuristic,B,p2_complexity
4273,854,Mercury_7171728,B,B,1,heuristic,B,p4_role
4274,854,Mercury_7171728,B,B,1,heuristic,Answer: B,p5_fewshot
4275,855,NAEP_2005_4_S14+3,C,C,1,json,"{
  ""answer"": ""C""
}",p1_format
4276,855,NAEP_2005_4_S14+3,C,C,1,json,"{""answer"": ""C""}",p1_format_soft
4277,855,NAEP_2005_4_S14+3,C,C,1,heuristic,C,p2_complexity
4278,855,NAEP_2005_4_S14+3,C,C,1,heuristic,C,p4_role
4279,855,NAEP_2005_4_S14+3,C,C,1,heuristic,C,p5_fewshot
4280,856,Mercury_7024395,A,A,1,json,"{
  ""answer"": ""A""
}",p1_format
4281,856,Mercury_7024395,A,A,1,json,"{""answer"": ""A""}",p1_format_soft
4282,856,Mercury_7024395,A,A,1,heuristic,A,p2_complexity
4283,856,Mercury_7024395,A,A,1,heuristic,A,p4_role
4284,856,Mercury_7024395,A,C,0,heuristic,Answer: C,p5_fewshot
4285,857,NYSEDREGENTS_2012_8_28,C,C,1,json,"{
  ""answer"": ""C""
}",p1_format
4286,857,NYSEDREGENTS_2012_8_28,C,C,1,json,"{""answer"": ""C""}",p1_format_soft
4287,857,NYSEDREGENTS_2012_8_28,C,C,1,heuristic,C,p2_complexity
4288,857,NYSEDREGENTS_2012_8_28,C,C,1,heuristic,C,p4_role
4289,857,NYSEDREGENTS_2012_8_28,C,C,1,heuristic,Answer: C,p5_fewshot
4290,858,Mercury_7090790,A,A,1,json,"{
  ""answer"": ""A""
}",p1_format
4291,858,Mercury_7090790,A,A,1,json,"{""answer"": ""A""}",p1_format_soft
4292,858,Mercury_7090790,A,A,1,heuristic,A,p2_complexity
4293,858,Mercury_7090790,A,A,1,heuristic,A,p4_role
4294,858,Mercury_7090790,A,A,1,heuristic,A,p5_fewshot
4295,859,TIMSS_2003_8_pg87,B,B,1,json,"{
  ""answer"": ""B""
}",p1_format
4296,859,TIMSS_2003_8_pg87,B,B,1,json,"{""answer"": ""B""}",p1_format_soft
4297,859,TIMSS_2003_8_pg87,B,B,1,heuristic,B,p2_complexity
4298,859,TIMSS_2003_8_pg87,B,B,1,heuristic,B,p4_role
4299,859,TIMSS_2003_8_pg87,B,B,1,heuristic,B,p5_fewshot
4300,860,Mercury_SC_407382,C,C,1,json,"{
  ""answer"": ""C""
}",p1_format
4301,860,Mercury_SC_407382,C,C,1,json,"{""answer"": ""C""}",p1_format_soft
4302,860,Mercury_SC_407382,C,C,1,heuristic,C,p2_complexity
4303,860,Mercury_SC_407382,C,C,1,heuristic,C,p4_role
4304,860,Mercury_SC_407382,C,C,1,heuristic,Answer: C,p5_fewshot
4305,861,MDSA_2010_4_20,B,B,1,json,"{
  ""answer"": ""B""
}",p1_format
4306,861,MDSA_2010_4_20,B,B,1,json,"{""answer"": ""B""}",p1_format_soft
4307,861,MDSA_2010_4_20,B,B,1,heuristic,B,p2_complexity
4308,861,MDSA_2010_4_20,B,B,1,heuristic,B,p4_role
4309,861,MDSA_2010_4_20,B,B,1,heuristic,Answer: B,p5_fewshot
4310,862,Mercury_SC_405019,D,D,1,json,"{
  ""answer"": ""D""
}",p1_format
4311,862,Mercury_SC_405019,D,D,1,json,"{""answer"": ""D""}",p1_format_soft
4312,862,Mercury_SC_405019,D,D,1,heuristic,D,p2_complexity
4313,862,Mercury_SC_405019,D,D,1,heuristic,D,p4_role
4314,862,Mercury_SC_405019,D,D,1,heuristic,D,p5_fewshot
4315,863,Mercury_7123078,D,D,1,json,"{
  ""answer"": ""D""
}",p1_format
4316,863,Mercury_7123078,D,D,1,json,"{""answer"": ""D""}",p1_format_soft
4317,863,Mercury_7123078,D,D,1,heuristic,D,p2_complexity
4318,863,Mercury_7123078,D,D,1,heuristic,D,p4_role
4319,863,Mercury_7123078,D,D,1,heuristic,D,p5_fewshot
4320,864,Mercury_400084,D,D,1,json,"{
  ""answer"": ""D""
}",p1_format
4321,864,Mercury_400084,D,D,1,json,"{""answer"": ""D""}",p1_format_soft
4322,864,Mercury_400084,D,D,1,heuristic,D,p2_complexity
4323,864,Mercury_400084,D,D,1,heuristic,D,p4_role
4324,864,Mercury_400084,D,D,1,heuristic,D,p5_fewshot
4325,865,Mercury_7139650,C,B,0,json,"{
  ""answer"": ""B""
}",p1_format
4326,865,Mercury_7139650,C,B,0,json,"{""answer"": ""B""}",p1_format_soft
4327,865,Mercury_7139650,C,B,0,heuristic,B,p2_complexity
4328,865,Mercury_7139650,C,B,0,heuristic,B,p4_role
4329,865,Mercury_7139650,C,B,0,heuristic,Answer: B,p5_fewshot
4330,866,Mercury_417150,B,B,1,json,"{
  ""answer"": ""B""
}",p1_format
4331,866,Mercury_417150,B,B,1,json,"{""answer"": ""B""}",p1_format_soft
4332,866,Mercury_417150,B,B,1,heuristic,B,p2_complexity
4333,866,Mercury_417150,B,B,1,heuristic,B,p4_role
4334,866,Mercury_417150,B,B,1,heuristic,Answer: B,p5_fewshot
4335,867,Mercury_SC_402256,C,C,1,json,"{
  ""answer"": ""C""
}",p1_format
4336,867,Mercury_SC_402256,C,C,1,json,"{""answer"": ""C""}",p1_format_soft
4337,867,Mercury_SC_402256,C,C,1,heuristic,C,p2_complexity
4338,867,Mercury_SC_402256,C,C,1,heuristic,C,p4_role
4339,867,Mercury_SC_402256,C,C,1,heuristic,C,p5_fewshot
4340,868,TIMSS_2007_8_pg53,A,A,1,json,"{
  ""answer"": ""A""
}",p1_format
4341,868,TIMSS_2007_8_pg53,A,A,1,json,"{""answer"": ""A""}",p1_format_soft
4342,868,TIMSS_2007_8_pg53,A,A,1,heuristic,A,p2_complexity
4343,868,TIMSS_2007_8_pg53,A,A,1,heuristic,A,p4_role
4344,868,TIMSS_2007_8_pg53,A,A,1,heuristic,Answer: A,p5_fewshot
4345,869,MCAS_2006_9_17-v1,D,D,1,json,"{
  ""answer"": ""D""
}",p1_format
4346,869,MCAS_2006_9_17-v1,D,D,1,json,"{""answer"": ""D""}",p1_format_soft
4347,869,MCAS_2006_9_17-v1,D,D,1,heuristic,D,p2_complexity
4348,869,MCAS_2006_9_17-v1,D,D,1,heuristic,D,p4_role
4349,869,MCAS_2006_9_17-v1,D,D,1,heuristic,D,p5_fewshot
4350,870,Mercury_401728,D,D,1,json,"{
  ""answer"": ""D""
}",p1_format
4351,870,Mercury_401728,D,D,1,json,"{""answer"": ""D""}",p1_format_soft
4352,870,Mercury_401728,D,D,1,heuristic,D,p2_complexity
4353,870,Mercury_401728,D,D,1,heuristic,D,p4_role
4354,870,Mercury_401728,D,D,1,heuristic,Answer: D,p5_fewshot
4355,871,Mercury_7192798,C,C,1,json,"{
  ""answer"": ""C""
}",p1_format
4356,871,Mercury_7192798,C,C,1,json,"{""answer"": ""C""}",p1_format_soft
4357,871,Mercury_7192798,C,C,1,heuristic,C,p2_complexity
4358,871,Mercury_7192798,C,C,1,heuristic,C,p4_role
4359,871,Mercury_7192798,C,C,1,heuristic,C,p5_fewshot
4360,872,Mercury_7221078,C,C,1,json,"{
  ""answer"": ""C""
}",p1_format
4361,872,Mercury_7221078,C,C,1,json,"{""answer"": ""C""}",p1_format_soft
4362,872,Mercury_7221078,C,C,1,heuristic,C,p2_complexity
4363,872,Mercury_7221078,C,C,1,heuristic,C,p4_role
4364,872,Mercury_7221078,C,C,1,heuristic,Answer: C,p5_fewshot
4365,873,Mercury_7004953,B,B,1,json,"{
  ""answer"": ""B""
}",p1_format
4366,873,Mercury_7004953,B,B,1,json,"{""answer"": ""B""}",p1_format_soft
4367,873,Mercury_7004953,B,B,1,heuristic,B,p2_complexity
4368,873,Mercury_7004953,B,B,1,heuristic,B,p4_role
4369,873,Mercury_7004953,B,B,1,heuristic,B,p5_fewshot
4370,874,TIMSS_2003_8_pg94,D,D,1,json,"{
  ""answer"": ""D""
}",p1_format
4371,874,TIMSS_2003_8_pg94,D,D,1,json,"{""answer"": ""D""}",p1_format_soft
4372,874,TIMSS_2003_8_pg94,D,D,1,heuristic,D,p2_complexity
4373,874,TIMSS_2003_8_pg94,D,D,1,heuristic,D,p4_role
4374,874,TIMSS_2003_8_pg94,D,D,1,heuristic,D,p5_fewshot
4375,875,Mercury_7095060,A,A,1,json,"{
  ""answer"": ""A""
}",p1_format
4376,875,Mercury_7095060,A,A,1,json,"{""answer"": ""A""}",p1_format_soft
4377,875,Mercury_7095060,A,A,1,heuristic,A,p2_complexity
4378,875,Mercury_7095060,A,A,1,heuristic,A,p4_role
4379,875,Mercury_7095060,A,A,1,heuristic,A,p5_fewshot
4380,876,Mercury_7123358,A,A,1,json,"{
  ""answer"": ""A""
}",p1_format
4381,876,Mercury_7123358,A,A,1,json,"{""answer"": ""A""}",p1_format_soft
4382,876,Mercury_7123358,A,A,1,heuristic,A,p2_complexity
4383,876,Mercury_7123358,A,A,1,heuristic,A,p4_role
4384,876,Mercury_7123358,A,A,1,heuristic,Answer: A,p5_fewshot
4385,877,Mercury_7069020,A,A,1,json,"{
  ""answer"": ""A""
}",p1_format
4386,877,Mercury_7069020,A,A,1,json,"{""answer"": ""A""}",p1_format_soft
4387,877,Mercury_7069020,A,A,1,heuristic,A,p2_complexity
4388,877,Mercury_7069020,A,A,1,heuristic,A,p4_role
4389,877,Mercury_7069020,A,A,1,heuristic,A,p5_fewshot
4390,878,TIMSS_2003_8_pg117,B,B,1,json,"{
  ""answer"": ""B""
}",p1_format
4391,878,TIMSS_2003_8_pg117,B,B,1,json,"{""answer"": ""B""}",p1_format_soft
4392,878,TIMSS_2003_8_pg117,B,B,1,heuristic,B,p2_complexity
4393,878,TIMSS_2003_8_pg117,B,B,1,heuristic,B,p4_role
4394,878,TIMSS_2003_8_pg117,B,B,1,heuristic,Answer: B,p5_fewshot
4395,879,VASoL_2008_3_32,B,B,1,json,"{
  ""answer"": ""B""
}",p1_format
4396,879,VASoL_2008_3_32,B,B,1,json,"{""answer"": ""B""}",p1_format_soft
4397,879,VASoL_2008_3_32,B,B,1,heuristic,B,p2_complexity
4398,879,VASoL_2008_3_32,B,B,1,heuristic,B,p4_role
4399,879,VASoL_2008_3_32,B,B,1,heuristic,Answer: B,p5_fewshot
4400,880,Mercury_SC_400142,A,A,1,json,"{
  ""answer"": ""A""
}",p1_format
4401,880,Mercury_SC_400142,A,A,1,json,"{""answer"": ""A""}",p1_format_soft
4402,880,Mercury_SC_400142,A,A,1,heuristic,A,p2_complexity
4403,880,Mercury_SC_400142,A,A,1,heuristic,A,p4_role
4404,880,Mercury_SC_400142,A,A,1,heuristic,A,p5_fewshot
4405,881,Mercury_7163818,D,D,1,json,"{
  ""answer"": ""D""
}",p1_format
4406,881,Mercury_7163818,D,D,1,json,"{""answer"": ""D""}",p1_format_soft
4407,881,Mercury_7163818,D,D,1,heuristic,D,p2_complexity
4408,881,Mercury_7163818,D,D,1,heuristic,D,p4_role
4409,881,Mercury_7163818,D,D,1,heuristic,D,p5_fewshot
4410,882,Mercury_402502,D,D,1,json,"{
  ""answer"": ""D""
}",p1_format
4411,882,Mercury_402502,D,D,1,json,"{""answer"": ""D""}",p1_format_soft
4412,882,Mercury_402502,D,D,1,heuristic,D,p2_complexity
4413,882,Mercury_402502,D,D,1,heuristic,D,p4_role
4414,882,Mercury_402502,D,D,1,heuristic,Answer: D,p5_fewshot
4415,883,Mercury_7130778,C,C,1,json,"{
  ""answer"": ""C""
}",p1_format
4416,883,Mercury_7130778,C,C,1,json,"{""answer"": ""C""}",p1_format_soft
4417,883,Mercury_7130778,C,C,1,heuristic,C,p2_complexity
4418,883,Mercury_7130778,C,C,1,heuristic,C,p4_role
4419,883,Mercury_7130778,C,C,1,heuristic,C,p5_fewshot
4420,884,MEA_2010_8_18,C,C,1,json,"{
  ""answer"": ""C""
}",p1_format
4421,884,MEA_2010_8_18,C,C,1,json,"{""answer"": ""C""}",p1_format_soft
4422,884,MEA_2010_8_18,C,C,1,heuristic,C,p2_complexity
4423,884,MEA_2010_8_18,C,C,1,heuristic,C,p4_role
4424,884,MEA_2010_8_18,C,C,1,heuristic,C,p5_fewshot
4425,885,Mercury_7211033,B,B,1,json,"{
  ""answer"": ""B""
}",p1_format
4426,885,Mercury_7211033,B,B,1,json,"{""answer"": ""B""}",p1_format_soft
4427,885,Mercury_7211033,B,B,1,heuristic,B,p2_complexity
4428,885,Mercury_7211033,B,B,1,heuristic,B,p4_role
4429,885,Mercury_7211033,B,B,1,heuristic,B,p5_fewshot
4430,886,NYSEDREGENTS_2008_8_17,A,A,1,json,"{
  ""answer"": ""A""
}",p1_format
4431,886,NYSEDREGENTS_2008_8_17,A,A,1,json,"{""answer"": ""A""}",p1_format_soft
4432,886,NYSEDREGENTS_2008_8_17,A,A,1,heuristic,A,p2_complexity
4433,886,NYSEDREGENTS_2008_8_17,A,A,1,heuristic,A,p4_role
4434,886,NYSEDREGENTS_2008_8_17,A,A,1,heuristic,A,p5_fewshot
4435,887,NAEP_2005_8_S11+1,C,C,1,json,"{
  ""answer"": ""C""
}",p1_format
4436,887,NAEP_2005_8_S11+1,C,C,1,json,"{""answer"": ""C""}",p1_format_soft
4437,887,NAEP_2005_8_S11+1,C,C,1,heuristic,C,p2_complexity
4438,887,NAEP_2005_8_S11+1,C,C,1,heuristic,C,p4_role
4439,887,NAEP_2005_8_S11+1,C,C,1,heuristic,C,p5_fewshot
4440,888,Mercury_412774,C,C,1,json,"{
  ""answer"": ""C""
}",p1_format
4441,888,Mercury_412774,C,C,1,json,"{""answer"": ""C""}",p1_format_soft
4442,888,Mercury_412774,C,C,1,heuristic,C,p2_complexity
4443,888,Mercury_412774,C,C,1,heuristic,C,p4_role
4444,888,Mercury_412774,C,C,1,heuristic,C,p5_fewshot
4445,889,MEA_2013_5_12,C,C,1,json,"{
  ""answer"": ""C""
}",p1_format
4446,889,MEA_2013_5_12,C,C,1,json,"{""answer"": ""C""}",p1_format_soft
4447,889,MEA_2013_5_12,C,C,1,heuristic,C,p2_complexity
4448,889,MEA_2013_5_12,C,C,1,heuristic,C,p4_role
4449,889,MEA_2013_5_12,C,C,1,heuristic,Answer: C,p5_fewshot
4450,890,Mercury_7098473,B,B,1,json,"{
  ""answer"": ""B""
}",p1_format
4451,890,Mercury_7098473,B,B,1,json,"{""answer"": ""B""}",p1_format_soft
4452,890,Mercury_7098473,B,B,1,heuristic,B,p2_complexity
4453,890,Mercury_7098473,B,B,1,heuristic,B,p4_role
4454,890,Mercury_7098473,B,B,1,heuristic,B,p5_fewshot
4455,891,Mercury_417593,A,A,1,json,"{
  ""answer"": ""A""
}",p1_format
4456,891,Mercury_417593,A,A,1,json,"{""answer"": ""A""}",p1_format_soft
4457,891,Mercury_417593,A,A,1,heuristic,A,p2_complexity
4458,891,Mercury_417593,A,A,1,heuristic,A,p4_role
4459,891,Mercury_417593,A,A,1,heuristic,A,p5_fewshot
4460,892,Mercury_7081743,B,B,1,json,"{
  ""answer"": ""B""
}",p1_format
4461,892,Mercury_7081743,B,B,1,json,"{""answer"": ""B""}",p1_format_soft
4462,892,Mercury_7081743,B,B,1,heuristic,B,p2_complexity
4463,892,Mercury_7081743,B,B,1,heuristic,B,p4_role
4464,892,Mercury_7081743,B,B,1,heuristic,Answer: B,p5_fewshot
4465,893,Mercury_7018410,C,C,1,json,"{
  ""answer"": ""C""
}",p1_format
4466,893,Mercury_7018410,C,C,1,json,"{""answer"": ""C""}",p1_format_soft
4467,893,Mercury_7018410,C,C,1,heuristic,C,p2_complexity
4468,893,Mercury_7018410,C,C,1,heuristic,C,p4_role
4469,893,Mercury_7018410,C,C,1,heuristic,C,p5_fewshot
4470,894,Mercury_402563,B,B,1,json,"{
  ""answer"": ""B""
}",p1_format
4471,894,Mercury_402563,B,B,1,json,"{""answer"": ""B""}",p1_format_soft
4472,894,Mercury_402563,B,B,1,heuristic,B,p2_complexity
4473,894,Mercury_402563,B,B,1,heuristic,B,p4_role
4474,894,Mercury_402563,B,B,1,heuristic,Answer: B,p5_fewshot
4475,895,Mercury_416407,C,C,1,heuristic,"{
  ""C""
  : ""C""
}",p1_format
4476,895,Mercury_416407,C,D,0,json,"{""answer"": ""D""}",p1_format_soft
4477,895,Mercury_416407,C,D,0,heuristic,D,p2_complexity
4478,895,Mercury_416407,C,C,1,heuristic,C,p4_role
4479,895,Mercury_416407,C,C,1,heuristic,Answer: C,p5_fewshot
4480,896,Mercury_SC_400400,A,A,1,json,"{
  ""answer"": ""A""
}",p1_format
4481,896,Mercury_SC_400400,A,A,1,json,"{""answer"": ""A""}",p1_format_soft
4482,896,Mercury_SC_400400,A,A,1,heuristic,A,p2_complexity
4483,896,Mercury_SC_400400,A,A,1,heuristic,A,p4_role
4484,896,Mercury_SC_400400,A,A,1,heuristic,Answer: A,p5_fewshot
4485,897,MCAS_2000_8_22,D,D,1,json,"{
  ""answer"": ""D""
}",p1_format
4486,897,MCAS_2000_8_22,D,D,1,json,"{""answer"": ""D""}",p1_format_soft
4487,897,MCAS_2000_8_22,D,D,1,heuristic,D,p2_complexity
4488,897,MCAS_2000_8_22,D,D,1,heuristic,D,p4_role
4489,897,MCAS_2000_8_22,D,D,1,heuristic,D,p5_fewshot
4490,898,MCAS_8_2014_8,A,A,1,json,"{
  ""answer"": ""A""
}",p1_format
4491,898,MCAS_8_2014_8,A,A,1,json,"{""answer"": ""A""}",p1_format_soft
4492,898,MCAS_8_2014_8,A,A,1,heuristic,A,p2_complexity
4493,898,MCAS_8_2014_8,A,A,1,heuristic,A,p4_role
4494,898,MCAS_8_2014_8,A,A,1,heuristic,Answer: A,p5_fewshot
4495,899,Mercury_7206430,A,A,1,json,"{""answer"": ""A""}",p1_format
4496,899,Mercury_7206430,A,A,1,json,"{""answer"": ""A""}",p1_format_soft
4497,899,Mercury_7206430,A,A,1,heuristic,A,p2_complexity
4498,899,Mercury_7206430,A,A,1,heuristic,A,p4_role
4499,899,Mercury_7206430,A,A,1,heuristic,A,p5_fewshot
4500,900,Mercury_7185343,D,D,1,json,"{
  ""answer"": ""D""
}",p1_format
4501,900,Mercury_7185343,D,D,1,json,"{""answer"": ""D""}",p1_format_soft
4502,900,Mercury_7185343,D,D,1,heuristic,D,p2_complexity
4503,900,Mercury_7185343,D,D,1,heuristic,D,p4_role
4504,900,Mercury_7185343,D,D,1,heuristic,D,p5_fewshot
4505,901,OHAT_2010_8_8,B,B,1,json,"{
  ""answer"": ""B""
}",p1_format
4506,901,OHAT_2010_8_8,B,B,1,json,"{""answer"": ""B""}",p1_format_soft
4507,901,OHAT_2010_8_8,B,B,1,heuristic,B,p2_complexity
4508,901,OHAT_2010_8_8,B,B,1,heuristic,B,p4_role
4509,901,OHAT_2010_8_8,B,B,1,heuristic,B,p5_fewshot
4510,902,Mercury_405462,B,B,1,json,"{
  ""answer"": ""B""
}",p1_format
4511,902,Mercury_405462,B,B,1,json,"{""answer"": ""B""}",p1_format_soft
4512,902,Mercury_405462,B,B,1,heuristic,B,p2_complexity
4513,902,Mercury_405462,B,B,1,heuristic,B,p4_role
4514,902,Mercury_405462,B,B,1,heuristic,Answer: B,p5_fewshot
4515,903,Mercury_SC_LBS10337,A,A,1,json,"{
  ""answer"": ""A""
}",p1_format
4516,903,Mercury_SC_LBS10337,A,A,1,json,"{""answer"": ""A""}",p1_format_soft
4517,903,Mercury_SC_LBS10337,A,A,1,heuristic,A,p2_complexity
4518,903,Mercury_SC_LBS10337,A,A,1,heuristic,A,p4_role
4519,903,Mercury_SC_LBS10337,A,A,1,heuristic,Answer: A,p5_fewshot
4520,904,Mercury_7142520,C,C,1,json,"{
  ""answer"": ""C""
}",p1_format
4521,904,Mercury_7142520,C,C,1,json,"{""answer"": ""C""}",p1_format_soft
4522,904,Mercury_7142520,C,C,1,heuristic,C,p2_complexity
4523,904,Mercury_7142520,C,C,1,heuristic,C,p4_role
4524,904,Mercury_7142520,C,C,1,heuristic,C,p5_fewshot
4525,905,Mercury_SC_405501,D,D,1,json,"{
  ""answer"": ""D""
}",p1_format
4526,905,Mercury_SC_405501,D,D,1,json,"{""answer"": ""D""}",p1_format_soft
4527,905,Mercury_SC_405501,D,D,1,heuristic,D,p2_complexity
4528,905,Mercury_SC_405501,D,D,1,heuristic,D,p4_role
4529,905,Mercury_SC_405501,D,D,1,heuristic,Answer: D,p5_fewshot
4530,906,Mercury_7009555,C,C,1,json,"{
  ""answer"": ""C""
}",p1_format
4531,906,Mercury_7009555,C,C,1,json,"{""answer"": ""C""}",p1_format_soft
4532,906,Mercury_7009555,C,C,1,heuristic,C,p2_complexity
4533,906,Mercury_7009555,C,C,1,heuristic,C,p4_role
4534,906,Mercury_7009555,C,C,1,heuristic,C,p5_fewshot
4535,907,Mercury_409085,A,A,1,json,"{
  ""answer"": ""A""
}",p1_format
4536,907,Mercury_409085,A,A,1,json,"{""answer"": ""A""}",p1_format_soft
4537,907,Mercury_409085,A,A,1,heuristic,A,p2_complexity
4538,907,Mercury_409085,A,A,1,heuristic,A,p4_role
4539,907,Mercury_409085,A,A,1,heuristic,Answer: A,p5_fewshot
4540,908,NYSEDREGENTS_2012_4_2,A,A,1,json,"{
  ""answer"": ""A""
}",p1_format
4541,908,NYSEDREGENTS_2012_4_2,A,A,1,json,"{""answer"": ""A""}",p1_format_soft
4542,908,NYSEDREGENTS_2012_4_2,A,A,1,heuristic,A,p2_complexity
4543,908,NYSEDREGENTS_2012_4_2,A,A,1,heuristic,A,p4_role
4544,908,NYSEDREGENTS_2012_4_2,A,A,1,heuristic,Answer: A,p5_fewshot
4545,909,Mercury_407539,D,D,1,json,"{
  ""answer"": ""D""
}",p1_format
4546,909,Mercury_407539,D,D,1,json,"{""answer"": ""D""}",p1_format_soft
4547,909,Mercury_407539,D,D,1,heuristic,D,p2_complexity
4548,909,Mercury_407539,D,D,1,heuristic,D,p4_role
4549,909,Mercury_407539,D,D,1,heuristic,D,p5_fewshot
4550,910,ACTAAP_2013_7_16,D,D,1,json,"{
  ""answer"": ""D""
}",p1_format
4551,910,ACTAAP_2013_7_16,D,D,1,json,"{""answer"": ""D""}",p1_format_soft
4552,910,ACTAAP_2013_7_16,D,D,1,heuristic,D,p2_complexity
4553,910,ACTAAP_2013_7_16,D,D,1,heuristic,D,p4_role
4554,910,ACTAAP_2013_7_16,D,D,1,heuristic,D,p5_fewshot
4555,911,AKDE&ED_2008_8_34,D,D,1,json,"{""answer"": ""D""}",p1_format
4556,911,AKDE&ED_2008_8_34,D,D,1,json,"{""answer"": ""D""}",p1_format_soft
4557,911,AKDE&ED_2008_8_34,D,D,1,heuristic,D,p2_complexity
4558,911,AKDE&ED_2008_8_34,D,D,1,heuristic,D,p4_role
4559,911,AKDE&ED_2008_8_34,D,D,1,heuristic,D,p5_fewshot
4560,912,MCAS_2004_8_3,A,A,1,json,"{
  ""answer"": ""A""
}",p1_format
4561,912,MCAS_2004_8_3,A,A,1,json,"{""answer"": ""A""}",p1_format_soft
4562,912,MCAS_2004_8_3,A,A,1,heuristic,A,p2_complexity
4563,912,MCAS_2004_8_3,A,A,1,heuristic,A,p4_role
4564,912,MCAS_2004_8_3,A,A,1,heuristic,A,p5_fewshot
4565,913,Mercury_415272,B,B,1,json,"{
  ""answer"": ""B""
}",p1_format
4566,913,Mercury_415272,B,B,1,json,"{""answer"": ""B""}",p1_format_soft
4567,913,Mercury_415272,B,B,1,heuristic,B,p2_complexity
4568,913,Mercury_415272,B,B,1,heuristic,B,p4_role
4569,913,Mercury_415272,B,B,1,heuristic,B,p5_fewshot
4570,914,Mercury_405387,B,B,1,json,"{
  ""answer"": ""B""
}",p1_format
4571,914,Mercury_405387,B,B,1,json,"{""answer"": ""B""}",p1_format_soft
4572,914,Mercury_405387,B,B,1,heuristic,B,p2_complexity
4573,914,Mercury_405387,B,B,1,heuristic,B,p4_role
4574,914,Mercury_405387,B,B,1,heuristic,Answer: B,p5_fewshot
4575,915,Mercury_7116323,D,D,1,json,"{
  ""answer"": ""D""
}",p1_format
4576,915,Mercury_7116323,D,D,1,json,"{""answer"": ""D""}",p1_format_soft
4577,915,Mercury_7116323,D,D,1,heuristic,D,p2_complexity
4578,915,Mercury_7116323,D,D,1,heuristic,D,p4_role
4579,915,Mercury_7116323,D,D,1,heuristic,D,p5_fewshot
4580,916,Mercury_7213430,B,B,1,json,"{
  ""answer"": ""B""
}",p1_format
4581,916,Mercury_7213430,B,B,1,json,"{""answer"": ""B""}",p1_format_soft
4582,916,Mercury_7213430,B,B,1,heuristic,B,p2_complexity
4583,916,Mercury_7213430,B,B,1,heuristic,B,p4_role
4584,916,Mercury_7213430,B,B,1,heuristic,Answer: B,p5_fewshot
4585,917,Mercury_7234360,A,A,1,json,"{
  ""answer"": ""A""
}",p1_format
4586,917,Mercury_7234360,A,A,1,json,"{""answer"": ""A""}",p1_format_soft
4587,917,Mercury_7234360,A,A,1,heuristic,A,p2_complexity
4588,917,Mercury_7234360,A,C,0,heuristic,C,p4_role
4589,917,Mercury_7234360,A,A,1,heuristic,A,p5_fewshot
4590,918,Mercury_405685,D,D,1,json,"{""answer"": ""D""}",p1_format
4591,918,Mercury_405685,D,A,0,json,"{""answer"": ""A""}",p1_format_soft
4592,918,Mercury_405685,D,A,0,heuristic,A,p2_complexity
4593,918,Mercury_405685,D,A,0,heuristic,A,p4_role
4594,918,Mercury_405685,D,D,1,heuristic,Answer: D,p5_fewshot
4595,919,Mercury_7236740,B,B,1,json,"{
  ""answer"": ""B""
}",p1_format
4596,919,Mercury_7236740,B,B,1,json,"{""answer"": ""B""}",p1_format_soft
4597,919,Mercury_7236740,B,B,1,heuristic,B,p2_complexity
4598,919,Mercury_7236740,B,B,1,heuristic,B,p4_role
4599,919,Mercury_7236740,B,B,1,heuristic,B,p5_fewshot
4600,920,Mercury_7116235,A,A,1,json,"{
  ""answer"": ""A""
}",p1_format
4601,920,Mercury_7116235,A,A,1,json,"{""answer"": ""A""}",p1_format_soft
4602,920,Mercury_7116235,A,A,1,heuristic,A,p2_complexity
4603,920,Mercury_7116235,A,A,1,heuristic,A,p4_role
4604,920,Mercury_7116235,A,A,1,heuristic,Answer: A,p5_fewshot
4605,921,Mercury_SC_405357,C,C,1,json,"{
  ""answer"": ""C""
}",p1_format
4606,921,Mercury_SC_405357,C,C,1,json,"{""answer"": ""C""}",p1_format_soft
4607,921,Mercury_SC_405357,C,C,1,heuristic,C,p2_complexity
4608,921,Mercury_SC_405357,C,C,1,heuristic,C,p4_role
4609,921,Mercury_SC_405357,C,C,1,heuristic,C,p5_fewshot
4610,922,Mercury_7042945,B,B,1,json,"{
  ""answer"": ""B""
}",p1_format
4611,922,Mercury_7042945,B,B,1,json,"{""answer"": ""B""}",p1_format_soft
4612,922,Mercury_7042945,B,B,1,heuristic,B,p2_complexity
4613,922,Mercury_7042945,B,B,1,heuristic,B,p4_role
4614,922,Mercury_7042945,B,B,1,heuristic,B,p5_fewshot
4615,923,Mercury_7106750,D,D,1,json,"{
  ""answer"": ""D""
}",p1_format
4616,923,Mercury_7106750,D,D,1,json,"{""answer"": ""D""}",p1_format_soft
4617,923,Mercury_7106750,D,D,1,heuristic,D,p2_complexity
4618,923,Mercury_7106750,D,D,1,heuristic,D,p4_role
4619,923,Mercury_7106750,D,D,1,heuristic,D,p5_fewshot
4620,924,MDSA_2009_4_34,B,B,1,json,"{
  ""answer"": ""B""
}",p1_format
4621,924,MDSA_2009_4_34,B,B,1,json,"{""answer"": ""B""}",p1_format_soft
4622,924,MDSA_2009_4_34,B,B,1,heuristic,B,p2_complexity
4623,924,MDSA_2009_4_34,B,B,1,heuristic,B,p4_role
4624,924,MDSA_2009_4_34,B,B,1,heuristic,B,p5_fewshot
4625,925,Mercury_7016310,C,C,1,json,"{
  ""answer"": ""C""
}",p1_format
4626,925,Mercury_7016310,C,C,1,json,"{""answer"": ""C""}",p1_format_soft
4627,925,Mercury_7016310,C,C,1,heuristic,C,p2_complexity
4628,925,Mercury_7016310,C,C,1,heuristic,C,p4_role
4629,925,Mercury_7016310,C,C,1,heuristic,Answer: C,p5_fewshot
4630,926,VASoL_2007_3_1,A,A,1,json,"{
  ""answer"": ""A""
}",p1_format
4631,926,VASoL_2007_3_1,A,A,1,json,"{""answer"": ""A""}",p1_format_soft
4632,926,VASoL_2007_3_1,A,A,1,heuristic,A,p2_complexity
4633,926,VASoL_2007_3_1,A,A,1,heuristic,A,p4_role
4634,926,VASoL_2007_3_1,A,A,1,heuristic,Answer: A,p5_fewshot
4635,927,Mercury_7030468,A,A,1,json,"{
  ""answer"": ""A""
}",p1_format
4636,927,Mercury_7030468,A,A,1,json,"{""answer"": ""A""}",p1_format_soft
4637,927,Mercury_7030468,A,A,1,heuristic,A,p2_complexity
4638,927,Mercury_7030468,A,A,1,heuristic,A,p4_role
4639,927,Mercury_7030468,A,A,1,heuristic,Answer: A,p5_fewshot
4640,928,Mercury_SC_402616,D,D,1,json,"{
  ""answer"": ""D""
}",p1_format
4641,928,Mercury_SC_402616,D,D,1,json,"{""answer"": ""D""}",p1_format_soft
4642,928,Mercury_SC_402616,D,D,1,heuristic,D,p2_complexity
4643,928,Mercury_SC_402616,D,D,1,heuristic,D,p4_role
4644,928,Mercury_SC_402616,D,D,1,heuristic,Answer: D,p5_fewshot
4645,929,Mercury_405464,A,A,1,json,"{
  ""answer"": ""A""
}",p1_format
4646,929,Mercury_405464,A,A,1,json,"{""answer"": ""A""}",p1_format_soft
4647,929,Mercury_405464,A,A,1,heuristic,A,p2_complexity
4648,929,Mercury_405464,A,A,1,heuristic,A,p4_role
4649,929,Mercury_405464,A,A,1,heuristic,Answer: A,p5_fewshot
4650,930,Mercury_7205608,B,B,1,json,"{
  ""answer"": ""B""
}",p1_format
4651,930,Mercury_7205608,B,B,1,json,"{""answer"": ""B""}",p1_format_soft
4652,930,Mercury_7205608,B,B,1,heuristic,B,p2_complexity
4653,930,Mercury_7205608,B,B,1,heuristic,B,p4_role
4654,930,Mercury_7205608,B,B,1,heuristic,Answer: B,p5_fewshot
4655,931,Mercury_7015208,B,C,0,json,"{
  ""answer"": ""C""
}",p1_format
4656,931,Mercury_7015208,B,C,0,json,"{""answer"": ""C""}",p1_format_soft
4657,931,Mercury_7015208,B,C,0,heuristic,C,p2_complexity
4658,931,Mercury_7015208,B,C,0,heuristic,C,p4_role
4659,931,Mercury_7015208,B,C,0,heuristic,C,p5_fewshot
4660,932,Mercury_SC_409666,D,D,1,json,"{
  ""answer"": ""D""
}",p1_format
4661,932,Mercury_SC_409666,D,D,1,json,"{""answer"": ""D""}",p1_format_soft
4662,932,Mercury_SC_409666,D,D,1,heuristic,D,p2_complexity
4663,932,Mercury_SC_409666,D,D,1,heuristic,D,p4_role
4664,932,Mercury_SC_409666,D,D,1,heuristic,D,p5_fewshot
4665,933,Mercury_7230353,B,B,1,json,"{
  ""answer"": ""B""
}",p1_format
4666,933,Mercury_7230353,B,B,1,json,"{""answer"": ""B""}",p1_format_soft
4667,933,Mercury_7230353,B,B,1,heuristic,B,p2_complexity
4668,933,Mercury_7230353,B,B,1,heuristic,B,p4_role
4669,933,Mercury_7230353,B,B,1,heuristic,B,p5_fewshot
4670,934,Mercury_7150343,B,B,1,json,"{
  ""answer"": ""B""
}",p1_format
4671,934,Mercury_7150343,B,B,1,json,"{""answer"": ""B""}",p1_format_soft
4672,934,Mercury_7150343,B,B,1,heuristic,B,p2_complexity
4673,934,Mercury_7150343,B,B,1,heuristic,B,p4_role
4674,934,Mercury_7150343,B,B,1,heuristic,Answer: B,p5_fewshot
4675,935,Mercury_7026723,D,D,1,json,"{
  ""answer"": ""D""
}",p1_format
4676,935,Mercury_7026723,D,D,1,json,"{""answer"": ""D""}",p1_format_soft
4677,935,Mercury_7026723,D,D,1,heuristic,D,p2_complexity
4678,935,Mercury_7026723,D,D,1,heuristic,D,p4_role
4679,935,Mercury_7026723,D,D,1,heuristic,D,p5_fewshot
4680,936,Mercury_7024273,C,C,1,json,"{
  ""answer"": ""C""
}",p1_format
4681,936,Mercury_7024273,C,C,1,json,"{""answer"": ""C""}",p1_format_soft
4682,936,Mercury_7024273,C,C,1,heuristic,C,p2_complexity
4683,936,Mercury_7024273,C,,-1,empty,,p4_role
4684,936,Mercury_7024273,C,C,1,heuristic,C,p5_fewshot
4685,937,AKDE&ED_2008_8_40,C,D,0,json,"{""answer"": ""D""}",p1_format
4686,937,AKDE&ED_2008_8_40,C,C,1,json,"{""answer"": ""C""}",p1_format_soft
4687,937,AKDE&ED_2008_8_40,C,C,1,heuristic,C,p2_complexity
4688,937,AKDE&ED_2008_8_40,C,D,0,heuristic,D,p4_role
4689,937,AKDE&ED_2008_8_40,C,C,1,heuristic,C,p5_fewshot
4690,938,Mercury_183033,B,D,0,json,"{""answer"": ""D""}",p1_format
4691,938,Mercury_183033,B,B,1,json,"{""answer"": ""B""}",p1_format_soft
4692,938,Mercury_183033,B,B,1,heuristic,B,p2_complexity
4693,938,Mercury_183033,B,D,0,heuristic,D,p4_role
4694,938,Mercury_183033,B,,-1,empty,,p5_fewshot
4695,939,Mercury_402364,D,D,1,json,"{
  ""answer"": ""D""
}",p1_format
4696,939,Mercury_402364,D,D,1,json,"{""answer"": ""D""}",p1_format_soft
4697,939,Mercury_402364,D,D,1,heuristic,D,p2_complexity
4698,939,Mercury_402364,D,D,1,heuristic,D,p4_role
4699,939,Mercury_402364,D,D,1,heuristic,D,p5_fewshot
4700,940,Mercury_7263183,B,B,1,json,"{
  ""answer"": ""B""
}",p1_format
4701,940,Mercury_7263183,B,B,1,json,"{""answer"": ""B""}",p1_format_soft
4702,940,Mercury_7263183,B,B,1,heuristic,B,p2_complexity
4703,940,Mercury_7263183,B,B,1,heuristic,B,p4_role
4704,940,Mercury_7263183,B,B,1,heuristic,Answer: B,p5_fewshot
4705,941,Mercury_7222530,B,B,1,json,"{
  ""answer"": ""B""
}",p1_format
4706,941,Mercury_7222530,B,B,1,json,"{""answer"": ""B""}",p1_format_soft
4707,941,Mercury_7222530,B,B,1,heuristic,B,p2_complexity
4708,941,Mercury_7222530,B,B,1,heuristic,B,p4_role
4709,941,Mercury_7222530,B,B,1,heuristic,B,p5_fewshot
4710,942,OHAT_2009_8_36,C,C,1,json,"{
  ""answer"": ""C""
}",p1_format
4711,942,OHAT_2009_8_36,C,C,1,json,"{""answer"": ""C""}",p1_format_soft
4712,942,OHAT_2009_8_36,C,C,1,heuristic,C,p2_complexity
4713,942,OHAT_2009_8_36,C,C,1,heuristic,C,p4_role
4714,942,OHAT_2009_8_36,C,C,1,heuristic,C,p5_fewshot
4715,943,Mercury_7141750,B,B,1,json,"{
  ""answer"": ""B""
}",p1_format
4716,943,Mercury_7141750,B,B,1,json,"{""answer"": ""B""}",p1_format_soft
4717,943,Mercury_7141750,B,B,1,heuristic,B,p2_complexity
4718,943,Mercury_7141750,B,B,1,heuristic,B,p4_role
4719,943,Mercury_7141750,B,B,1,heuristic,Answer: B,p5_fewshot
4720,944,TIMSS_2011_4_pg45,A,A,1,json,"{
  ""answer"": ""A""
}",p1_format
4721,944,TIMSS_2011_4_pg45,A,A,1,json,"{""answer"": ""A""}",p1_format_soft
4722,944,TIMSS_2011_4_pg45,A,A,1,heuristic,A,p2_complexity
4723,944,TIMSS_2011_4_pg45,A,A,1,heuristic,A,p4_role
4724,944,TIMSS_2011_4_pg45,A,A,1,heuristic,A,p5_fewshot
4725,945,MCAS_2014_5_5,A,A,1,json,"{
  ""answer"": ""A""
}",p1_format
4726,945,MCAS_2014_5_5,A,A,1,json,"{""answer"": ""A""}",p1_format_soft
4727,945,MCAS_2014_5_5,A,A,1,heuristic,A,p2_complexity
4728,945,MCAS_2014_5_5,A,A,1,heuristic,A,p4_role
4729,945,MCAS_2014_5_5,A,A,1,heuristic,Answer: A,p5_fewshot
4730,946,Mercury_SC_409241,C,C,1,json,"{
  ""answer"": ""C""
}",p1_format
4731,946,Mercury_SC_409241,C,C,1,json,"{""answer"": ""C""}",p1_format_soft
4732,946,Mercury_SC_409241,C,C,1,heuristic,C,p2_complexity
4733,946,Mercury_SC_409241,C,C,1,heuristic,C,p4_role
4734,946,Mercury_SC_409241,C,C,1,heuristic,C,p5_fewshot
4735,947,Mercury_SC_401147,C,C,1,json,"{
  ""answer"": ""C""
}",p1_format
4736,947,Mercury_SC_401147,C,C,1,json,"{""answer"": ""C""}",p1_format_soft
4737,947,Mercury_SC_401147,C,C,1,heuristic,C,p2_complexity
4738,947,Mercury_SC_401147,C,C,1,heuristic,C,p4_role
4739,947,Mercury_SC_401147,C,C,1,heuristic,Answer: C,p5_fewshot
4740,948,Mercury_SC_LBS10273,D,D,1,json,"{
  ""answer"": ""D""
}",p1_format
4741,948,Mercury_SC_LBS10273,D,D,1,json,"{""answer"": ""D""}",p1_format_soft
4742,948,Mercury_SC_LBS10273,D,D,1,heuristic,D,p2_complexity
4743,948,Mercury_SC_LBS10273,D,D,1,heuristic,D,p4_role
4744,948,Mercury_SC_LBS10273,D,D,1,heuristic,Answer: D,p5_fewshot
4745,949,Mercury_401523,A,A,1,json,"{
  ""answer"": ""A""
}",p1_format
4746,949,Mercury_401523,A,A,1,json,"{""answer"": ""A""}",p1_format_soft
4747,949,Mercury_401523,A,A,1,heuristic,A,p2_complexity
4748,949,Mercury_401523,A,A,1,heuristic,A,p4_role
4749,949,Mercury_401523,A,A,1,heuristic,Answer: A,p5_fewshot
4750,950,Mercury_401865,D,D,1,json,"{
  ""answer"": ""D""
}",p1_format
4751,950,Mercury_401865,D,D,1,json,"{""answer"": ""D""}",p1_format_soft
4752,950,Mercury_401865,D,D,1,heuristic,D,p2_complexity
4753,950,Mercury_401865,D,D,1,heuristic,D,p4_role
4754,950,Mercury_401865,D,D,1,heuristic,Answer: D,p5_fewshot
4755,951,MCAS_2013_8_29435,B,B,1,json,"{
  ""answer"": ""B""
}",p1_format
4756,951,MCAS_2013_8_29435,B,B,1,json,"{""answer"": ""B""}",p1_format_soft
4757,951,MCAS_2013_8_29435,B,B,1,heuristic,B,p2_complexity
4758,951,MCAS_2013_8_29435,B,B,1,heuristic,B,p4_role
4759,951,MCAS_2013_8_29435,B,B,1,heuristic,B,p5_fewshot
4760,952,Mercury_SC_406720,C,C,1,json,"{
  ""answer"": ""C""
}",p1_format
4761,952,Mercury_SC_406720,C,C,1,json,"{""answer"": ""C""}",p1_format_soft
4762,952,Mercury_SC_406720,C,C,1,heuristic,C,p2_complexity
4763,952,Mercury_SC_406720,C,C,1,heuristic,C,p4_role
4764,952,Mercury_SC_406720,C,C,1,heuristic,Answer: C,p5_fewshot
4765,953,NYSEDREGENTS_2013_8_34,A,A,1,json,"{
  ""answer"": ""A""
}",p1_format
4766,953,NYSEDREGENTS_2013_8_34,A,A,1,json,"{""answer"": ""A""}",p1_format_soft
4767,953,NYSEDREGENTS_2013_8_34,A,A,1,heuristic,A,p2_complexity
4768,953,NYSEDREGENTS_2013_8_34,A,A,1,heuristic,A,p4_role
4769,953,NYSEDREGENTS_2013_8_34,A,A,1,heuristic,Answer: A,p5_fewshot
4770,954,Mercury_7038833,C,C,1,json,"{
  ""answer"": ""C""
}",p1_format
4771,954,Mercury_7038833,C,C,1,json,"{""answer"": ""C""}",p1_format_soft
4772,954,Mercury_7038833,C,C,1,heuristic,C,p2_complexity
4773,954,Mercury_7038833,C,C,1,heuristic,C,p4_role
4774,954,Mercury_7038833,C,C,1,heuristic,Answer: C,p5_fewshot
4775,955,Mercury_175560,C,C,1,json,"{
  ""answer"": ""C""
}",p1_format
4776,955,Mercury_175560,C,C,1,json,"{""answer"": ""C""}",p1_format_soft
4777,955,Mercury_175560,C,C,1,heuristic,C,p2_complexity
4778,955,Mercury_175560,C,C,1,heuristic,C,p4_role
4779,955,Mercury_175560,C,C,1,heuristic,Answer: C,p5_fewshot
4780,956,Mercury_7005005,C,C,1,json,"{
  ""answer"": ""C""
}",p1_format
4781,956,Mercury_7005005,C,C,1,json,"{""answer"": ""C""}",p1_format_soft
4782,956,Mercury_7005005,C,C,1,heuristic,C,p2_complexity
4783,956,Mercury_7005005,C,C,1,heuristic,C,p4_role
4784,956,Mercury_7005005,C,C,1,heuristic,C,p5_fewshot
4785,957,Mercury_183890,D,D,1,json,"{
  ""answer"": ""D""
}",p1_format
4786,957,Mercury_183890,D,D,1,json,"{""answer"": ""D""}",p1_format_soft
4787,957,Mercury_183890,D,D,1,heuristic,D,p2_complexity
4788,957,Mercury_183890,D,D,1,heuristic,D,p4_role
4789,957,Mercury_183890,D,D,1,heuristic,D,p5_fewshot
4790,958,Mercury_7270358,D,D,1,json,"{
  ""answer"": ""D""
}",p1_format
4791,958,Mercury_7270358,D,D,1,json,"{""answer"": ""D""}",p1_format_soft
4792,958,Mercury_7270358,D,D,1,heuristic,D,p2_complexity
4793,958,Mercury_7270358,D,D,1,heuristic,D,p4_role
4794,958,Mercury_7270358,D,D,1,heuristic,D,p5_fewshot
4795,959,MCAS_2013_5_29411,C,C,1,json,"{
  ""answer"": ""C""
}",p1_format
4796,959,MCAS_2013_5_29411,C,C,1,json,"{""answer"": ""C""}",p1_format_soft
4797,959,MCAS_2013_5_29411,C,C,1,heuristic,C,p2_complexity
4798,959,MCAS_2013_5_29411,C,C,1,heuristic,C,p4_role
4799,959,MCAS_2013_5_29411,C,C,1,heuristic,C,p5_fewshot
4800,960,ACTAAP_2007_7_31,C,C,1,json,"{
  ""answer"": ""C""
}",p1_format
4801,960,ACTAAP_2007_7_31,C,C,1,json,"{""answer"": ""C""}",p1_format_soft
4802,960,ACTAAP_2007_7_31,C,C,1,heuristic,C,p2_complexity
4803,960,ACTAAP_2007_7_31,C,C,1,heuristic,C,p4_role
4804,960,ACTAAP_2007_7_31,C,C,1,heuristic,Answer: C,p5_fewshot
4805,961,Mercury_7082023,B,B,1,json,"{
  ""answer"": ""B""
}",p1_format
4806,961,Mercury_7082023,B,B,1,json,"{""answer"": ""B""}",p1_format_soft
4807,961,Mercury_7082023,B,B,1,heuristic,B,p2_complexity
4808,961,Mercury_7082023,B,B,1,heuristic,B,p4_role
4809,961,Mercury_7082023,B,B,1,heuristic,Answer: B,p5_fewshot
4810,962,MCAS_2003_8_21,B,D,0,json,"{
  ""answer"": ""D""
}",p1_format
4811,962,MCAS_2003_8_21,B,D,0,json,"{""answer"": ""D""}",p1_format_soft
4812,962,MCAS_2003_8_21,B,D,0,heuristic,D,p2_complexity
4813,962,MCAS_2003_8_21,B,D,0,heuristic,D,p4_role
4814,962,MCAS_2003_8_21,B,D,0,heuristic,D,p5_fewshot
4815,963,NYSEDREGENTS_2015_8_9,B,B,1,json,"{
  ""answer"": ""B""
}",p1_format
4816,963,NYSEDREGENTS_2015_8_9,B,B,1,json,"{""answer"": ""B""}",p1_format_soft
4817,963,NYSEDREGENTS_2015_8_9,B,B,1,heuristic,B,p2_complexity
4818,963,NYSEDREGENTS_2015_8_9,B,B,1,heuristic,B,p4_role
4819,963,NYSEDREGENTS_2015_8_9,B,B,1,heuristic,B,p5_fewshot
4820,964,Mercury_7064750,D,D,1,json,"{
  ""answer"": ""D""
}",p1_format
4821,964,Mercury_7064750,D,D,1,json,"{""answer"": ""D""}",p1_format_soft
4822,964,Mercury_7064750,D,D,1,heuristic,D,p2_complexity
4823,964,Mercury_7064750,D,D,1,heuristic,D,p4_role
4824,964,Mercury_7064750,D,D,1,heuristic,Answer: D,p5_fewshot
4825,965,TIMSS_2007_8_pg113,C,C,1,json,"{
  ""answer"": ""C""
}",p1_format
4826,965,TIMSS_2007_8_pg113,C,C,1,json,"{""answer"": ""C""}",p1_format_soft
4827,965,TIMSS_2007_8_pg113,C,C,1,heuristic,C,p2_complexity
4828,965,TIMSS_2007_8_pg113,C,C,1,heuristic,C,p4_role
4829,965,TIMSS_2007_8_pg113,C,C,1,heuristic,Answer: C,p5_fewshot
4830,966,Mercury_7173583,C,C,1,json,"{
  ""answer"": ""C""
}",p1_format
4831,966,Mercury_7173583,C,C,1,json,"{""answer"": ""C""}",p1_format_soft
4832,966,Mercury_7173583,C,C,1,heuristic,C,p2_complexity
4833,966,Mercury_7173583,C,C,1,heuristic,C,p4_role
4834,966,Mercury_7173583,C,C,1,heuristic,C,p5_fewshot
4835,967,Mercury_403930,C,C,1,json,"{
  ""answer"": ""C""
}",p1_format
4836,967,Mercury_403930,C,B,0,json,"{""answer"": ""B""}",p1_format_soft
4837,967,Mercury_403930,C,A,0,heuristic,A,p2_complexity
4838,967,Mercury_403930,C,B,0,heuristic,B,p4_role
4839,967,Mercury_403930,C,C,1,heuristic,C,p5_fewshot
4840,968,Mercury_417118,C,C,1,json,"{
  ""answer"": ""C""
}",p1_format
4841,968,Mercury_417118,C,C,1,json,"{""answer"": ""C""}",p1_format_soft
4842,968,Mercury_417118,C,C,1,heuristic,C,p2_complexity
4843,968,Mercury_417118,C,C,1,heuristic,C,p4_role
4844,968,Mercury_417118,C,C,1,heuristic,C,p5_fewshot
4845,969,Mercury_7143010,B,B,1,json,"{
  ""answer"": ""B""
}",p1_format
4846,969,Mercury_7143010,B,B,1,json,"{""answer"": ""B""}",p1_format_soft
4847,969,Mercury_7143010,B,B,1,heuristic,B,p2_complexity
4848,969,Mercury_7143010,B,B,1,heuristic,B,p4_role
4849,969,Mercury_7143010,B,B,1,heuristic,B,p5_fewshot
4850,970,Mercury_SC_401801,A,A,1,json,"{
  ""answer"": ""A""
}",p1_format
4851,970,Mercury_SC_401801,A,A,1,json,"{""answer"": ""A""}",p1_format_soft
4852,970,Mercury_SC_401801,A,A,1,heuristic,A,p2_complexity
4853,970,Mercury_SC_401801,A,A,1,heuristic,A,p4_role
4854,970,Mercury_SC_401801,A,A,1,heuristic,Answer: A,p5_fewshot
4855,971,Mercury_410334,B,B,1,json,"{
  ""answer"": ""B""
}",p1_format
4856,971,Mercury_410334,B,B,1,json,"{""answer"": ""B""}",p1_format_soft
4857,971,Mercury_410334,B,B,1,heuristic,B,p2_complexity
4858,971,Mercury_410334,B,B,1,heuristic,B,p4_role
4859,971,Mercury_410334,B,B,1,heuristic,B,p5_fewshot
4860,972,NAEP_2000_4_S12+3,B,B,1,json,"{
  ""answer"": ""B""
}",p1_format
4861,972,NAEP_2000_4_S12+3,B,B,1,json,"{""answer"": ""B""}",p1_format_soft
4862,972,NAEP_2000_4_S12+3,B,B,1,heuristic,B,p2_complexity
4863,972,NAEP_2000_4_S12+3,B,B,1,heuristic,B,p4_role
4864,972,NAEP_2000_4_S12+3,B,B,1,heuristic,B,p5_fewshot
4865,973,Mercury_7218015,D,D,1,json,"{
  ""answer"": ""D""
}",p1_format
4866,973,Mercury_7218015,D,D,1,json,"{""answer"": ""D""}",p1_format_soft
4867,973,Mercury_7218015,D,D,1,heuristic,D,p2_complexity
4868,973,Mercury_7218015,D,D,1,heuristic,D,p4_role
4869,973,Mercury_7218015,D,D,1,heuristic,D,p5_fewshot
4870,974,Mercury_7109603,A,A,1,json,"{
  ""answer"": ""A""
}",p1_format
4871,974,Mercury_7109603,A,A,1,json,"{""answer"": ""A""}",p1_format_soft
4872,974,Mercury_7109603,A,A,1,heuristic,A,p2_complexity
4873,974,Mercury_7109603,A,A,1,heuristic,A,p4_role
4874,974,Mercury_7109603,A,A,1,heuristic,Answer: A,p5_fewshot
4875,975,NYSEDREGENTS_2008_8_42,C,C,1,json,"{
  ""answer"": ""C""
}",p1_format
4876,975,NYSEDREGENTS_2008_8_42,C,C,1,json,"{""answer"": ""C""}",p1_format_soft
4877,975,NYSEDREGENTS_2008_8_42,C,C,1,heuristic,C,p2_complexity
4878,975,NYSEDREGENTS_2008_8_42,C,C,1,heuristic,C,p4_role
4879,975,NYSEDREGENTS_2008_8_42,C,C,1,heuristic,C,p5_fewshot
4880,976,NAEP_2000_8_S11+11,B,B,1,json,"{
  ""answer"": ""B""
}",p1_format
4881,976,NAEP_2000_8_S11+11,B,B,1,json,"{""answer"": ""B""}",p1_format_soft
4882,976,NAEP_2000_8_S11+11,B,B,1,heuristic,B,p2_complexity
4883,976,NAEP_2000_8_S11+11,B,B,1,heuristic,B,p4_role
4884,976,NAEP_2000_8_S11+11,B,B,1,heuristic,B,p5_fewshot
4885,977,Mercury_7271670,D,D,1,json,"{
  ""answer"": ""D""
}",p1_format
4886,977,Mercury_7271670,D,D,1,json,"{""answer"": ""D""}",p1_format_soft
4887,977,Mercury_7271670,D,D,1,heuristic,D,p2_complexity
4888,977,Mercury_7271670,D,D,1,heuristic,D,p4_role
4889,977,Mercury_7271670,D,D,1,heuristic,D,p5_fewshot
4890,978,ACTAAP_2009_5_8,B,B,1,json,"{
  ""answer"": ""B""
}",p1_format
4891,978,ACTAAP_2009_5_8,B,B,1,json,"{""answer"": ""B""}",p1_format_soft
4892,978,ACTAAP_2009_5_8,B,B,1,heuristic,B,p2_complexity
4893,978,ACTAAP_2009_5_8,B,B,1,heuristic,B,p4_role
4894,978,ACTAAP_2009_5_8,B,B,1,heuristic,B,p5_fewshot
4895,979,NYSEDREGENTS_2012_4_1,B,B,1,json,"{
  ""answer"": ""B""
}",p1_format
4896,979,NYSEDREGENTS_2012_4_1,B,B,1,json,"{""answer"": ""B""}",p1_format_soft
4897,979,NYSEDREGENTS_2012_4_1,B,B,1,heuristic,B,p2_complexity
4898,979,NYSEDREGENTS_2012_4_1,B,B,1,heuristic,B,p4_role
4899,979,NYSEDREGENTS_2012_4_1,B,B,1,heuristic,Answer: B,p5_fewshot
4900,980,Mercury_SC_409030,D,D,1,json,"{
  ""answer"": ""D""
}",p1_format
4901,980,Mercury_SC_409030,D,D,1,json,"{""answer"": ""D""}",p1_format_soft
4902,980,Mercury_SC_409030,D,D,1,heuristic,D,p2_complexity
4903,980,Mercury_SC_409030,D,D,1,heuristic,D,p4_role
4904,980,Mercury_SC_409030,D,D,1,heuristic,Answer: D,p5_fewshot
4905,981,MEA_2013_8_8,D,D,1,json,"{
  ""answer"": ""D""
}",p1_format
4906,981,MEA_2013_8_8,D,D,1,json,"{""answer"": ""D""}",p1_format_soft
4907,981,MEA_2013_8_8,D,D,1,heuristic,D,p2_complexity
4908,981,MEA_2013_8_8,D,D,1,heuristic,D,p4_role
4909,981,MEA_2013_8_8,D,D,1,heuristic,D,p5_fewshot
4910,982,Mercury_7140333,D,D,1,json,"{
  ""answer"": ""D""
}",p1_format
4911,982,Mercury_7140333,D,D,1,json,"{""answer"": ""D""}",p1_format_soft
4912,982,Mercury_7140333,D,D,1,heuristic,D,p2_complexity
4913,982,Mercury_7140333,D,D,1,heuristic,D,p4_role
4914,982,Mercury_7140333,D,D,1,heuristic,D,p5_fewshot
4915,983,Mercury_SC_LBS10664,C,C,1,json,"{
  ""answer"": ""C""
}",p1_format
4916,983,Mercury_SC_LBS10664,C,C,1,json,"{""answer"": ""C""}",p1_format_soft
4917,983,Mercury_SC_LBS10664,C,C,1,heuristic,C,p2_complexity
4918,983,Mercury_SC_LBS10664,C,C,1,heuristic,C,p4_role
4919,983,Mercury_SC_LBS10664,C,C,1,heuristic,Answer: C,p5_fewshot
4920,984,Mercury_7171430,B,B,1,json,"{
  ""answer"": ""B""
}",p1_format
4921,984,Mercury_7171430,B,B,1,json,"{""answer"": ""B""}",p1_format_soft
4922,984,Mercury_7171430,B,B,1,heuristic,B,p2_complexity
4923,984,Mercury_7171430,B,B,1,heuristic,B,p4_role
4924,984,Mercury_7171430,B,B,1,heuristic,Answer: B,p5_fewshot
4925,985,Mercury_SC_407572,D,D,1,json,"{
  ""answer"": ""D""
}",p1_format
4926,985,Mercury_SC_407572,D,D,1,json,"{""answer"": ""D""}",p1_format_soft
4927,985,Mercury_SC_407572,D,D,1,heuristic,D,p2_complexity
4928,985,Mercury_SC_407572,D,D,1,heuristic,D,p4_role
4929,985,Mercury_SC_407572,D,D,1,heuristic,D,p5_fewshot
4930,986,VASoL_2009_3_2,D,D,1,json,"{
  ""answer"": ""D""
}",p1_format
4931,986,VASoL_2009_3_2,D,D,1,json,"{""answer"": ""D""}",p1_format_soft
4932,986,VASoL_2009_3_2,D,D,1,heuristic,D,p2_complexity
4933,986,VASoL_2009_3_2,D,D,1,heuristic,D,p4_role
4934,986,VASoL_2009_3_2,D,D,1,heuristic,D,p5_fewshot
4935,987,Mercury_SC_407383,D,D,1,json,"{
  ""answer"": ""D""
}",p1_format
4936,987,Mercury_SC_407383,D,D,1,json,"{""answer"": ""D""}",p1_format_soft
4937,987,Mercury_SC_407383,D,D,1,heuristic,D,p2_complexity
4938,987,Mercury_SC_407383,D,D,1,heuristic,D,p4_role
4939,987,Mercury_SC_407383,D,D,1,heuristic,D,p5_fewshot
4940,988,Mercury_7218400,B,B,1,json,"{
  ""answer"": ""B""
}",p1_format
4941,988,Mercury_7218400,B,B,1,json,"{""answer"": ""B""}",p1_format_soft
4942,988,Mercury_7218400,B,B,1,heuristic,B,p2_complexity
4943,988,Mercury_7218400,B,B,1,heuristic,B,p4_role
4944,988,Mercury_7218400,B,B,1,heuristic,Answer: B,p5_fewshot
4945,989,Mercury_184818,D,D,1,json,"{
  ""answer"": ""D""
}",p1_format
4946,989,Mercury_184818,D,D,1,json,"{""answer"": ""D""}",p1_format_soft
4947,989,Mercury_184818,D,D,1,heuristic,D,p2_complexity
4948,989,Mercury_184818,D,D,1,heuristic,D,p4_role
4949,989,Mercury_184818,D,D,1,heuristic,D,p5_fewshot
4950,990,Mercury_SC_405931,D,D,1,json,"{
  ""answer"": ""D""
}",p1_format
4951,990,Mercury_SC_405931,D,D,1,json,"{""answer"": ""D""}",p1_format_soft
4952,990,Mercury_SC_405931,D,D,1,heuristic,D,p2_complexity
4953,990,Mercury_SC_405931,D,D,1,heuristic,D,p4_role
4954,990,Mercury_SC_405931,D,D,1,heuristic,Answer: D,p5_fewshot
4955,991,Mercury_SC_416177,C,C,1,json,"{
  ""answer"": ""C""
}",p1_format
4956,991,Mercury_SC_416177,C,C,1,json,"{""answer"": ""C""}",p1_format_soft
4957,991,Mercury_SC_416177,C,C,1,heuristic,C,p2_complexity
4958,991,Mercury_SC_416177,C,C,1,heuristic,C,p4_role
4959,991,Mercury_SC_416177,C,C,1,heuristic,C,p5_fewshot
4960,992,Mercury_SC_406625,B,B,1,json,"{
  ""answer"": ""B""
}",p1_format
4961,992,Mercury_SC_406625,B,B,1,json,"{""answer"": ""B""}",p1_format_soft
4962,992,Mercury_SC_406625,B,B,1,heuristic,B,p2_complexity
4963,992,Mercury_SC_406625,B,B,1,heuristic,B,p4_role
4964,992,Mercury_SC_406625,B,B,1,heuristic,B,p5_fewshot
4965,993,MCAS_2014_8_16,D,D,1,json,"{
  ""answer"": ""D""
}",p1_format
4966,993,MCAS_2014_8_16,D,D,1,json,"{""answer"": ""D""}",p1_format_soft
4967,993,MCAS_2014_8_16,D,D,1,heuristic,D,p2_complexity
4968,993,MCAS_2014_8_16,D,C,0,heuristic,C,p4_role
4969,993,MCAS_2014_8_16,D,C,0,heuristic,C,p5_fewshot
4970,994,Mercury_7138460,C,C,1,json,"{
  ""answer"": ""C""
}",p1_format
4971,994,Mercury_7138460,C,C,1,json,"{""answer"": ""C""}",p1_format_soft
4972,994,Mercury_7138460,C,C,1,heuristic,C,p2_complexity
4973,994,Mercury_7138460,C,C,1,heuristic,C,p4_role
4974,994,Mercury_7138460,C,C,1,heuristic,Answer: C,p5_fewshot
4975,995,Mercury_7129640,B,B,1,json,"{""answer"": ""B""}",p1_format
4976,995,Mercury_7129640,B,B,1,json,"{""answer"": ""B""}",p1_format_soft
4977,995,Mercury_7129640,B,B,1,heuristic,B,p2_complexity
4978,995,Mercury_7129640,B,B,1,heuristic,B,p4_role
4979,995,Mercury_7129640,B,B,1,heuristic,B,p5_fewshot
4980,996,Mercury_7024290,B,B,1,json,"{
  ""answer"": ""B""
}",p1_format
4981,996,Mercury_7024290,B,B,1,json,"{""answer"": ""B""}",p1_format_soft
4982,996,Mercury_7024290,B,B,1,heuristic,B,p2_complexity
4983,996,Mercury_7024290,B,B,1,heuristic,B,p4_role
4984,996,Mercury_7024290,B,B,1,heuristic,Answer: B,p5_fewshot
4985,997,NYSEDREGENTS_2008_4_28,C,C,1,json,"{
  ""answer"": ""C""
}",p1_format
4986,997,NYSEDREGENTS_2008_4_28,C,C,1,json,"{""answer"": ""C""}",p1_format_soft
4987,997,NYSEDREGENTS_2008_4_28,C,C,1,heuristic,C,p2_complexity
4988,997,NYSEDREGENTS_2008_4_28,C,C,1,heuristic,C,p4_role
4989,997,NYSEDREGENTS_2008_4_28,C,C,1,heuristic,Answer: C,p5_fewshot
4990,998,Mercury_SC_414339,C,C,1,json,"{
  ""answer"": ""C""
}",p1_format
4991,998,Mercury_SC_414339,C,C,1,json,"{""answer"": ""C""}",p1_format_soft
4992,998,Mercury_SC_414339,C,C,1,heuristic,C,p2_complexity
4993,998,Mercury_SC_414339,C,C,1,heuristic,C,p4_role
4994,998,Mercury_SC_414339,C,C,1,heuristic,C,p5_fewshot
4995,999,LEAP_2000_8_2,A,A,1,json,"{
  ""answer"": ""A""
}",p1_format
4996,999,LEAP_2000_8_2,A,A,1,json,"{""answer"": ""A""}",p1_format_soft
4997,999,LEAP_2000_8_2,A,A,1,heuristic,A,p2_complexity
4998,999,LEAP_2000_8_2,A,A,1,heuristic,A,p4_role
4999,999,LEAP_2000_8_2,A,A,1,heuristic,A,p5_fewshot
5000,1000,Mercury_7172270,A,A,1,json,"{
  ""answer"": ""A""
}",p1_format
5001,1000,Mercury_7172270,A,A,1,json,"{""answer"": ""A""}",p1_format_soft
5002,1000,Mercury_7172270,A,A,1,heuristic,A,p2_complexity
5003,1000,Mercury_7172270,A,A,1,heuristic,A,p4_role
5004,1000,Mercury_7172270,A,A,1,heuristic,A,p5_fewshot
5005,1001,Mercury_184205,C,C,1,json,"{
  ""answer"": ""C""
}",p1_format
5006,1001,Mercury_184205,C,C,1,json,"{""answer"": ""C""}",p1_format_soft
5007,1001,Mercury_184205,C,C,1,heuristic,C,p2_complexity
5008,1001,Mercury_184205,C,C,1,heuristic,C,p4_role
5009,1001,Mercury_184205,C,C,1,heuristic,Answer: C,p5_fewshot
5010,1002,Mercury_SC_400683,A,A,1,json,"{
  ""answer"": ""A""
}",p1_format
5011,1002,Mercury_SC_400683,A,A,1,json,"{""answer"": ""A""}",p1_format_soft
5012,1002,Mercury_SC_400683,A,A,1,heuristic,A,p2_complexity
5013,1002,Mercury_SC_400683,A,A,1,heuristic,A,p4_role
5014,1002,Mercury_SC_400683,A,A,1,heuristic,A,p5_fewshot
5015,1003,Mercury_7182210,B,B,1,json,"{
  ""answer"": ""B""
}",p1_format
5016,1003,Mercury_7182210,B,B,1,json,"{""answer"": ""B""}",p1_format_soft
5017,1003,Mercury_7182210,B,B,1,heuristic,B,p2_complexity
5018,1003,Mercury_7182210,B,B,1,heuristic,B,p4_role
5019,1003,Mercury_7182210,B,B,1,heuristic,B,p5_fewshot
5020,1004,Mercury_7238945,C,C,1,json,"{
  ""answer"": ""C""
}",p1_format
5021,1004,Mercury_7238945,C,C,1,json,"{""answer"": ""C""}",p1_format_soft
5022,1004,Mercury_7238945,C,C,1,heuristic,C,p2_complexity
5023,1004,Mercury_7238945,C,C,1,heuristic,C,p4_role
5024,1004,Mercury_7238945,C,C,1,heuristic,C,p5_fewshot
5025,1005,Mercury_SC_408748,D,D,1,json,"{
  ""answer"": ""D""
}",p1_format
5026,1005,Mercury_SC_408748,D,D,1,json,"{""answer"": ""D""}",p1_format_soft
5027,1005,Mercury_SC_408748,D,D,1,heuristic,D,p2_complexity
5028,1005,Mercury_SC_408748,D,D,1,heuristic,D,p4_role
5029,1005,Mercury_SC_408748,D,D,1,heuristic,D,p5_fewshot
5030,1006,MEA_2016_5_4,D,D,1,json,"{
  ""answer"": ""D""
}",p1_format
5031,1006,MEA_2016_5_4,D,D,1,json,"{""answer"": ""D""}",p1_format_soft
5032,1006,MEA_2016_5_4,D,D,1,heuristic,D,p2_complexity
5033,1006,MEA_2016_5_4,D,D,1,heuristic,D,p4_role
5034,1006,MEA_2016_5_4,D,D,1,heuristic,D,p5_fewshot
5035,1007,Mercury_7271513,D,D,1,json,"{
  ""answer"": ""D""
}",p1_format
5036,1007,Mercury_7271513,D,D,1,json,"{""answer"": ""D""}",p1_format_soft
5037,1007,Mercury_7271513,D,D,1,heuristic,D,p2_complexity
5038,1007,Mercury_7271513,D,D,1,heuristic,D,p4_role
5039,1007,Mercury_7271513,D,D,1,heuristic,Answer: D,p5_fewshot
5040,1008,Mercury_7189000,A,A,1,json,"{
  ""answer"": ""A""
}",p1_format
5041,1008,Mercury_7189000,A,A,1,json,"{""answer"": ""A""}",p1_format_soft
5042,1008,Mercury_7189000,A,A,1,heuristic,A,p2_complexity
5043,1008,Mercury_7189000,A,A,1,heuristic,A,p4_role
5044,1008,Mercury_7189000,A,A,1,heuristic,A,p5_fewshot
5045,1009,Mercury_SC_401585,A,A,1,json,"{
  ""answer"": ""A""
}",p1_format
5046,1009,Mercury_SC_401585,A,A,1,json,"{""answer"": ""A""}",p1_format_soft
5047,1009,Mercury_SC_401585,A,A,1,heuristic,A,p2_complexity
5048,1009,Mercury_SC_401585,A,A,1,heuristic,A,p4_role
5049,1009,Mercury_SC_401585,A,A,1,heuristic,A,p5_fewshot
5050,1010,Mercury_188528,D,D,1,json,"{
  ""answer"": ""D""
}",p1_format
5051,1010,Mercury_188528,D,D,1,json,"{""answer"": ""D""}",p1_format_soft
5052,1010,Mercury_188528,D,D,1,heuristic,D,p2_complexity
5053,1010,Mercury_188528,D,D,1,heuristic,D,p4_role
5054,1010,Mercury_188528,D,D,1,heuristic,D,p5_fewshot
5055,1011,Mercury_SC_415719,A,A,1,json,"{
  ""answer"": ""A""
}",p1_format
5056,1011,Mercury_SC_415719,A,A,1,json,"{""answer"": ""A""}",p1_format_soft
5057,1011,Mercury_SC_415719,A,A,1,heuristic,A,p2_complexity
5058,1011,Mercury_SC_415719,A,A,1,heuristic,A,p4_role
5059,1011,Mercury_SC_415719,A,A,1,heuristic,Answer: A,p5_fewshot
5060,1012,Mercury_SC_407072,A,A,1,json,"{
  ""answer"": ""A""
}",p1_format
5061,1012,Mercury_SC_407072,A,A,1,json,"{""answer"": ""A""}",p1_format_soft
5062,1012,Mercury_SC_407072,A,A,1,heuristic,A,p2_complexity
5063,1012,Mercury_SC_407072,A,A,1,heuristic,A,p4_role
5064,1012,Mercury_SC_407072,A,A,1,heuristic,A,p5_fewshot
5065,1013,Mercury_7091823,A,A,1,json,"{
  ""answer"": ""A""
}",p1_format
5066,1013,Mercury_7091823,A,A,1,json,"{""answer"": ""A""}",p1_format_soft
5067,1013,Mercury_7091823,A,A,1,heuristic,A,p2_complexity
5068,1013,Mercury_7091823,A,A,1,heuristic,A,p4_role
5069,1013,Mercury_7091823,A,A,1,heuristic,Answer: A,p5_fewshot
5070,1014,Mercury_7040985,B,B,1,json,"{
  ""answer"": ""B""
}",p1_format
5071,1014,Mercury_7040985,B,B,1,json,"{""answer"": ""B""}",p1_format_soft
5072,1014,Mercury_7040985,B,B,1,heuristic,B,p2_complexity
5073,1014,Mercury_7040985,B,B,1,heuristic,B,p4_role
5074,1014,Mercury_7040985,B,B,1,heuristic,B,p5_fewshot
5075,1015,Mercury_SC_409383,D,D,1,json,"{
  ""answer"": ""D""
}",p1_format
5076,1015,Mercury_SC_409383,D,D,1,json,"{""answer"": ""D""}",p1_format_soft
5077,1015,Mercury_SC_409383,D,D,1,heuristic,D,p2_complexity
5078,1015,Mercury_SC_409383,D,D,1,heuristic,D,p4_role
5079,1015,Mercury_SC_409383,D,D,1,heuristic,D,p5_fewshot
5080,1016,Mercury_SC_407080,D,D,1,json,"{
  ""answer"": ""D""
}",p1_format
5081,1016,Mercury_SC_407080,D,D,1,json,"{""answer"": ""D""}",p1_format_soft
5082,1016,Mercury_SC_407080,D,D,1,heuristic,D,p2_complexity
5083,1016,Mercury_SC_407080,D,D,1,heuristic,D,p4_role
5084,1016,Mercury_SC_407080,D,D,1,heuristic,D,p5_fewshot
5085,1017,MCAS_2000_4_34,A,A,1,json,"{
  ""answer"": ""A""
}",p1_format
5086,1017,MCAS_2000_4_34,A,A,1,json,"{""answer"": ""A""}",p1_format_soft
5087,1017,MCAS_2000_4_34,A,A,1,heuristic,A,p2_complexity
5088,1017,MCAS_2000_4_34,A,A,1,heuristic,A,p4_role
5089,1017,MCAS_2000_4_34,A,A,1,heuristic,Answer: A,p5_fewshot
5090,1018,Mercury_7032498,D,D,1,json,"{
  ""answer"": ""D""
}",p1_format
5091,1018,Mercury_7032498,D,D,1,json,"{""answer"": ""D""}",p1_format_soft
5092,1018,Mercury_7032498,D,D,1,heuristic,D,p2_complexity
5093,1018,Mercury_7032498,D,D,1,heuristic,D,p4_role
5094,1018,Mercury_7032498,D,D,1,heuristic,D,p5_fewshot
5095,1019,TAKS_2009_5_30,A,A,1,json,"{
  ""answer"": ""A""
}",p1_format
5096,1019,TAKS_2009_5_30,A,A,1,json,"{""answer"": ""A""}",p1_format_soft
5097,1019,TAKS_2009_5_30,A,A,1,heuristic,A,p2_complexity
5098,1019,TAKS_2009_5_30,A,A,1,heuristic,A,p4_role
5099,1019,TAKS_2009_5_30,A,A,1,heuristic,A,p5_fewshot
5100,1020,Mercury_SC_415761,C,C,1,json,"{
  ""answer"": ""C""
}",p1_format
5101,1020,Mercury_SC_415761,C,C,1,json,"{""answer"": ""C""}",p1_format_soft
5102,1020,Mercury_SC_415761,C,C,1,heuristic,C,p2_complexity
5103,1020,Mercury_SC_415761,C,C,1,heuristic,C,p4_role
5104,1020,Mercury_SC_415761,C,C,1,heuristic,Answer: C,p5_fewshot
5105,1021,ACTAAP_2008_5_10,D,D,1,json,"{
  ""answer"": ""D""
}",p1_format
5106,1021,ACTAAP_2008_5_10,D,D,1,json,"{""answer"": ""D""}",p1_format_soft
5107,1021,ACTAAP_2008_5_10,D,D,1,heuristic,D,p2_complexity
5108,1021,ACTAAP_2008_5_10,D,D,1,heuristic,D,p4_role
5109,1021,ACTAAP_2008_5_10,D,D,1,heuristic,D,p5_fewshot
5110,1022,Mercury_416671,D,D,1,json,"{
  ""answer"": ""D""
}",p1_format
5111,1022,Mercury_416671,D,D,1,json,"{""answer"": ""D""}",p1_format_soft
5112,1022,Mercury_416671,D,D,1,heuristic,D,p2_complexity
5113,1022,Mercury_416671,D,D,1,heuristic,D,p4_role
5114,1022,Mercury_416671,D,D,1,heuristic,D,p5_fewshot
5115,1023,Mercury_400803,D,D,1,json,"{
  ""answer"": ""D""
}",p1_format
5116,1023,Mercury_400803,D,D,1,json,"{""answer"": ""D""}",p1_format_soft
5117,1023,Mercury_400803,D,D,1,heuristic,D,p2_complexity
5118,1023,Mercury_400803,D,D,1,heuristic,D,p4_role
5119,1023,Mercury_400803,D,D,1,heuristic,D,p5_fewshot
5120,1024,Mercury_7005880,C,C,1,json,"{
  ""answer"": ""C""
}",p1_format
5121,1024,Mercury_7005880,C,C,1,json,"{""answer"": ""C""}",p1_format_soft
5122,1024,Mercury_7005880,C,C,1,heuristic,C,p2_complexity
5123,1024,Mercury_7005880,C,C,1,heuristic,C,p4_role
5124,1024,Mercury_7005880,C,C,1,heuristic,C,p5_fewshot
5125,1025,Mercury_7210508,C,C,1,json,"{
  ""answer"": ""C""
}",p1_format
5126,1025,Mercury_7210508,C,C,1,json,"{""answer"": ""C""}",p1_format_soft
5127,1025,Mercury_7210508,C,C,1,heuristic,C,p2_complexity
5128,1025,Mercury_7210508,C,C,1,heuristic,C,p4_role
5129,1025,Mercury_7210508,C,C,1,heuristic,C,p5_fewshot
5130,1026,NYSEDREGENTS_2013_4_1,C,C,1,json,"{
  ""answer"": ""C""
}",p1_format
5131,1026,NYSEDREGENTS_2013_4_1,C,C,1,json,"{""answer"": ""C""}",p1_format_soft
5132,1026,NYSEDREGENTS_2013_4_1,C,C,1,heuristic,C,p2_complexity
5133,1026,NYSEDREGENTS_2013_4_1,C,C,1,heuristic,C,p4_role
5134,1026,NYSEDREGENTS_2013_4_1,C,C,1,heuristic,C,p5_fewshot
5135,1027,NYSEDREGENTS_2008_4_12,C,C,1,json,"{
  ""answer"": ""C""
}",p1_format
5136,1027,NYSEDREGENTS_2008_4_12,C,C,1,json,"{""answer"": ""C""}",p1_format_soft
5137,1027,NYSEDREGENTS_2008_4_12,C,C,1,heuristic,C,p2_complexity
5138,1027,NYSEDREGENTS_2008_4_12,C,C,1,heuristic,C,p4_role
5139,1027,NYSEDREGENTS_2008_4_12,C,C,1,heuristic,Answer: C,p5_fewshot
5140,1028,Mercury_400091,B,B,1,json,"{
  ""answer"": ""B""
}",p1_format
5141,1028,Mercury_400091,B,B,1,json,"{""answer"": ""B""}",p1_format_soft
5142,1028,Mercury_400091,B,B,1,heuristic,B,p2_complexity
5143,1028,Mercury_400091,B,B,1,heuristic,B,p4_role
5144,1028,Mercury_400091,B,B,1,heuristic,B,p5_fewshot
5145,1029,Mercury_SC_402257,D,D,1,json,"{
  ""answer"": ""D""
}",p1_format
5146,1029,Mercury_SC_402257,D,D,1,json,"{""answer"": ""D""}",p1_format_soft
5147,1029,Mercury_SC_402257,D,D,1,heuristic,D,p2_complexity
5148,1029,Mercury_SC_402257,D,D,1,heuristic,D,p4_role
5149,1029,Mercury_SC_402257,D,D,1,heuristic,D,p5_fewshot
5150,1030,Mercury_7227815,D,B,0,json,"{""answer"": ""B""}",p1_format
5151,1030,Mercury_7227815,D,D,1,json,"{""answer"": ""D""}",p1_format_soft
5152,1030,Mercury_7227815,D,B,0,heuristic,B,p2_complexity
5153,1030,Mercury_7227815,D,D,1,heuristic,D,p4_role
5154,1030,Mercury_7227815,D,B,0,heuristic,Answer: B,p5_fewshot
5155,1031,ACTAAP_2010_7_3,A,A,1,json,"{
  ""answer"": ""A""
}",p1_format
5156,1031,ACTAAP_2010_7_3,A,A,1,json,"{""answer"": ""A""}",p1_format_soft
5157,1031,ACTAAP_2010_7_3,A,A,1,heuristic,A,p2_complexity
5158,1031,ACTAAP_2010_7_3,A,A,1,heuristic,A,p4_role
5159,1031,ACTAAP_2010_7_3,A,A,1,heuristic,A,p5_fewshot
5160,1032,Mercury_SC_410905,D,D,1,json,"{
  ""answer"": ""D""
}",p1_format
5161,1032,Mercury_SC_410905,D,D,1,json,"{""answer"": ""D""}",p1_format_soft
5162,1032,Mercury_SC_410905,D,D,1,heuristic,D,p2_complexity
5163,1032,Mercury_SC_410905,D,D,1,heuristic,D,p4_role
5164,1032,Mercury_SC_410905,D,D,1,heuristic,Answer: D,p5_fewshot
5165,1033,OHAT_2010_5_18,D,D,1,json,"{
  ""answer"": ""D""
}",p1_format
5166,1033,OHAT_2010_5_18,D,D,1,json,"{""answer"": ""D""}",p1_format_soft
5167,1033,OHAT_2010_5_18,D,D,1,heuristic,D,p2_complexity
5168,1033,OHAT_2010_5_18,D,D,1,heuristic,D,p4_role
5169,1033,OHAT_2010_5_18,D,D,1,heuristic,D,p5_fewshot
5170,1034,NAEP_2000_8_S11+10,A,A,1,json,"{
  ""answer"": ""A""
}",p1_format
5171,1034,NAEP_2000_8_S11+10,A,A,1,json,"{""answer"": ""A""}",p1_format_soft
5172,1034,NAEP_2000_8_S11+10,A,A,1,heuristic,A,p2_complexity
5173,1034,NAEP_2000_8_S11+10,A,A,1,heuristic,A,p4_role
5174,1034,NAEP_2000_8_S11+10,A,A,1,heuristic,A,p5_fewshot
5175,1035,MCAS_2003_8_29,B,B,1,json,"{
  ""answer"": ""B""
}",p1_format
5176,1035,MCAS_2003_8_29,B,B,1,json,"{""answer"": ""B""}",p1_format_soft
5177,1035,MCAS_2003_8_29,B,B,1,heuristic,B,p2_complexity
5178,1035,MCAS_2003_8_29,B,B,1,heuristic,B,p4_role
5179,1035,MCAS_2003_8_29,B,B,1,heuristic,B,p5_fewshot
5180,1036,Mercury_401433,D,D,1,json,"{
  ""answer"": ""D""
}",p1_format
5181,1036,Mercury_401433,D,D,1,json,"{""answer"": ""D""}",p1_format_soft
5182,1036,Mercury_401433,D,D,1,heuristic,D,p2_complexity
5183,1036,Mercury_401433,D,D,1,heuristic,D,p4_role
5184,1036,Mercury_401433,D,D,1,heuristic,D,p5_fewshot
5185,1037,TIMSS_1995_8_N4,B,B,1,json,"{
  ""answer"": ""B""
}",p1_format
5186,1037,TIMSS_1995_8_N4,B,B,1,json,"{""answer"": ""B""}",p1_format_soft
5187,1037,TIMSS_1995_8_N4,B,B,1,heuristic,B,p2_complexity
5188,1037,TIMSS_1995_8_N4,B,B,1,heuristic,B,p4_role
5189,1037,TIMSS_1995_8_N4,B,B,1,heuristic,B,p5_fewshot
5190,1038,Mercury_SC_405885,C,C,1,json,"{
  ""answer"": ""C""
}",p1_format
5191,1038,Mercury_SC_405885,C,C,1,json,"{""answer"": ""C""}",p1_format_soft
5192,1038,Mercury_SC_405885,C,C,1,heuristic,C,p2_complexity
5193,1038,Mercury_SC_405885,C,C,1,heuristic,C,p4_role
5194,1038,Mercury_SC_405885,C,C,1,heuristic,Answer: C,p5_fewshot
5195,1039,Mercury_7263638,B,B,1,json,"{
  ""answer"": ""B""
}",p1_format
5196,1039,Mercury_7263638,B,B,1,json,"{""answer"": ""B""}",p1_format_soft
5197,1039,Mercury_7263638,B,B,1,heuristic,B,p2_complexity
5198,1039,Mercury_7263638,B,B,1,heuristic,B,p4_role
5199,1039,Mercury_7263638,B,B,1,heuristic,B,p5_fewshot
5200,1040,Mercury_401428,B,B,1,json,"{
  ""answer"": ""B""
}",p1_format
5201,1040,Mercury_401428,B,B,1,json,"{""answer"": ""B""}",p1_format_soft
5202,1040,Mercury_401428,B,B,1,heuristic,B,p2_complexity
5203,1040,Mercury_401428,B,B,1,heuristic,B,p4_role
5204,1040,Mercury_401428,B,B,1,heuristic,Answer: B,p5_fewshot
5205,1041,Mercury_SC_402121,B,B,1,json,"{
  ""answer"": ""B""
}",p1_format
5206,1041,Mercury_SC_402121,B,B,1,json,"{""answer"": ""B""}",p1_format_soft
5207,1041,Mercury_SC_402121,B,B,1,heuristic,B,p2_complexity
5208,1041,Mercury_SC_402121,B,B,1,heuristic,B,p4_role
5209,1041,Mercury_SC_402121,B,B,1,heuristic,Answer: B,p5_fewshot
5210,1042,NYSEDREGENTS_2015_4_7,A,A,1,json,"{
  ""answer"": ""A""
}",p1_format
5211,1042,NYSEDREGENTS_2015_4_7,A,A,1,json,"{""answer"": ""A""}",p1_format_soft
5212,1042,NYSEDREGENTS_2015_4_7,A,A,1,heuristic,A,p2_complexity
5213,1042,NYSEDREGENTS_2015_4_7,A,A,1,heuristic,A,p4_role
5214,1042,NYSEDREGENTS_2015_4_7,A,A,1,heuristic,A,p5_fewshot
5215,1043,MCAS_2012_5_23614,C,C,1,json,"{
  ""answer"": ""C""
}",p1_format
5216,1043,MCAS_2012_5_23614,C,C,1,json,"{""answer"": ""C""}",p1_format_soft
5217,1043,MCAS_2012_5_23614,C,C,1,heuristic,C,p2_complexity
5218,1043,MCAS_2012_5_23614,C,C,1,heuristic,C,p4_role
5219,1043,MCAS_2012_5_23614,C,C,1,heuristic,C,p5_fewshot
5220,1044,Mercury_407262,A,A,1,json,"{
  ""answer"": ""A""
}",p1_format
5221,1044,Mercury_407262,A,A,1,json,"{""answer"": ""A""}",p1_format_soft
5222,1044,Mercury_407262,A,A,1,heuristic,A,p2_complexity
5223,1044,Mercury_407262,A,A,1,heuristic,A,p4_role
5224,1044,Mercury_407262,A,A,1,heuristic,Answer: A,p5_fewshot
5225,1045,MCAS_2014_8_6,B,B,1,json,"{
  ""answer"": ""B""
}",p1_format
5226,1045,MCAS_2014_8_6,B,B,1,json,"{""answer"": ""B""}",p1_format_soft
5227,1045,MCAS_2014_8_6,B,B,1,heuristic,B,p2_complexity
5228,1045,MCAS_2014_8_6,B,B,1,heuristic,B,p4_role
5229,1045,MCAS_2014_8_6,B,B,1,heuristic,B,p5_fewshot
5230,1046,Mercury_7032515,D,D,1,json,"{
  ""answer"": ""D""
}",p1_format
5231,1046,Mercury_7032515,D,D,1,json,"{""answer"": ""D""}",p1_format_soft
5232,1046,Mercury_7032515,D,D,1,heuristic,D,p2_complexity
5233,1046,Mercury_7032515,D,D,1,heuristic,D,p4_role
5234,1046,Mercury_7032515,D,D,1,heuristic,D,p5_fewshot
5235,1047,Mercury_7270165,C,C,1,json,"{
  ""answer"": ""C""
}",p1_format
5236,1047,Mercury_7270165,C,C,1,json,"{""answer"": ""C""}",p1_format_soft
5237,1047,Mercury_7270165,C,C,1,heuristic,C,p2_complexity
5238,1047,Mercury_7270165,C,C,1,heuristic,C,p4_role
5239,1047,Mercury_7270165,C,C,1,heuristic,C,p5_fewshot
5240,1048,Mercury_7017045,B,B,1,json,"{
  ""answer"": ""B""
}",p1_format
5241,1048,Mercury_7017045,B,B,1,json,"{""answer"": ""B""}",p1_format_soft
5242,1048,Mercury_7017045,B,B,1,heuristic,B,p2_complexity
5243,1048,Mercury_7017045,B,B,1,heuristic,B,p4_role
5244,1048,Mercury_7017045,B,B,1,heuristic,B,p5_fewshot
5245,1049,Mercury_SC_400386,A,A,1,json,"{
  ""answer"": ""A""
}",p1_format
5246,1049,Mercury_SC_400386,A,A,1,json,"{""answer"": ""A""}",p1_format_soft
5247,1049,Mercury_SC_400386,A,A,1,heuristic,A,p2_complexity
5248,1049,Mercury_SC_400386,A,A,1,heuristic,A,p4_role
5249,1049,Mercury_SC_400386,A,A,1,heuristic,Answer: A,p5_fewshot
5250,1050,Mercury_400750,D,D,1,json,"{
  ""answer"": ""D""
}",p1_format
5251,1050,Mercury_400750,D,D,1,json,"{""answer"": ""D""}",p1_format_soft
5252,1050,Mercury_400750,D,D,1,heuristic,D,p2_complexity
5253,1050,Mercury_400750,D,D,1,heuristic,D,p4_role
5254,1050,Mercury_400750,D,D,1,heuristic,D,p5_fewshot
5255,1051,MCAS_2006_9_28-v1,C,C,1,json,"{
  ""answer"": ""C""
}",p1_format
5256,1051,MCAS_2006_9_28-v1,C,C,1,json,"{""answer"": ""C""}",p1_format_soft
5257,1051,MCAS_2006_9_28-v1,C,C,1,heuristic,C,p2_complexity
5258,1051,MCAS_2006_9_28-v1,C,C,1,heuristic,C,p4_role
5259,1051,MCAS_2006_9_28-v1,C,C,1,heuristic,C,p5_fewshot
5260,1052,Mercury_416376,D,D,1,json,"{
  ""answer"": ""D""
}",p1_format
5261,1052,Mercury_416376,D,D,1,json,"{""answer"": ""D""}",p1_format_soft
5262,1052,Mercury_416376,D,D,1,heuristic,D,p2_complexity
5263,1052,Mercury_416376,D,D,1,heuristic,D,p4_role
5264,1052,Mercury_416376,D,D,1,heuristic,D,p5_fewshot
5265,1053,Mercury_7086520,A,A,1,json,"{
  ""answer"": ""A""
}",p1_format
5266,1053,Mercury_7086520,A,A,1,json,"{""answer"": ""A""}",p1_format_soft
5267,1053,Mercury_7086520,A,A,1,heuristic,A,p2_complexity
5268,1053,Mercury_7086520,A,A,1,heuristic,A,p4_role
5269,1053,Mercury_7086520,A,A,1,heuristic,Answer: A,p5_fewshot
5270,1054,Mercury_7014333,A,A,1,json,"{
  ""answer"": ""A""
}",p1_format
5271,1054,Mercury_7014333,A,A,1,json,"{""answer"": ""A""}",p1_format_soft
5272,1054,Mercury_7014333,A,A,1,heuristic,A,p2_complexity
5273,1054,Mercury_7014333,A,A,1,heuristic,A,p4_role
5274,1054,Mercury_7014333,A,A,1,heuristic,A,p5_fewshot
5275,1055,Mercury_SC_406623,A,A,1,json,"{
  ""answer"": ""A""
}",p1_format
5276,1055,Mercury_SC_406623,A,A,1,json,"{""answer"": ""A""}",p1_format_soft
5277,1055,Mercury_SC_406623,A,A,1,heuristic,A,p2_complexity
5278,1055,Mercury_SC_406623,A,A,1,heuristic,A,p4_role
5279,1055,Mercury_SC_406623,A,A,1,heuristic,A,p5_fewshot
5280,1056,Mercury_7042648,A,A,1,json,"{
  ""answer"": ""A""
}",p1_format
5281,1056,Mercury_7042648,A,A,1,json,"{""answer"": ""A""}",p1_format_soft
5282,1056,Mercury_7042648,A,A,1,heuristic,A,p2_complexity
5283,1056,Mercury_7042648,A,A,1,heuristic,A,p4_role
5284,1056,Mercury_7042648,A,A,1,heuristic,A,p5_fewshot
5285,1057,MCAS_2004_8_23,B,B,1,json,"{
  ""answer"": ""B""
}",p1_format
5286,1057,MCAS_2004_8_23,B,B,1,json,"{""answer"": ""B""}",p1_format_soft
5287,1057,MCAS_2004_8_23,B,B,1,heuristic,B,p2_complexity
5288,1057,MCAS_2004_8_23,B,B,1,heuristic,B,p4_role
5289,1057,MCAS_2004_8_23,B,B,1,heuristic,B,p5_fewshot
5290,1058,MCAS_2013_8_29425,A,A,1,json,"{
  ""answer"": ""A""
}",p1_format
5291,1058,MCAS_2013_8_29425,A,A,1,json,"{""answer"": ""A""}",p1_format_soft
5292,1058,MCAS_2013_8_29425,A,A,1,heuristic,A,p2_complexity
5293,1058,MCAS_2013_8_29425,A,A,1,heuristic,A,p4_role
5294,1058,MCAS_2013_8_29425,A,A,1,heuristic,Answer: A,p5_fewshot
5295,1059,MEAP_2005_5_15,B,B,1,json,"{
  ""answer"": ""B""
}",p1_format
5296,1059,MEAP_2005_5_15,B,B,1,json,"{""answer"": ""B""}",p1_format_soft
5297,1059,MEAP_2005_5_15,B,B,1,heuristic,B,p2_complexity
5298,1059,MEAP_2005_5_15,B,B,1,heuristic,B,p4_role
5299,1059,MEAP_2005_5_15,B,B,1,heuristic,B,p5_fewshot
5300,1060,Mercury_7016258,B,B,1,json,"{
  ""answer"": ""B""
}",p1_format
5301,1060,Mercury_7016258,B,B,1,json,"{""answer"": ""B""}",p1_format_soft
5302,1060,Mercury_7016258,B,B,1,heuristic,B,p2_complexity
5303,1060,Mercury_7016258,B,B,1,heuristic,B,p4_role
5304,1060,Mercury_7016258,B,B,1,heuristic,B,p5_fewshot
5305,1061,NCEOGA_2013_8_5,A,A,1,json,"{
  ""answer"": ""A""
}",p1_format
5306,1061,NCEOGA_2013_8_5,A,A,1,json,"{""answer"": ""A""}",p1_format_soft
5307,1061,NCEOGA_2013_8_5,A,A,1,heuristic,A,p2_complexity
5308,1061,NCEOGA_2013_8_5,A,A,1,heuristic,A,p4_role
5309,1061,NCEOGA_2013_8_5,A,A,1,heuristic,Answer: A,p5_fewshot
5310,1062,Mercury_7015540,B,B,1,json,"{
  ""answer"": ""B""
}",p1_format
5311,1062,Mercury_7015540,B,B,1,json,"{""answer"": ""B""}",p1_format_soft
5312,1062,Mercury_7015540,B,B,1,heuristic,B,p2_complexity
5313,1062,Mercury_7015540,B,B,1,heuristic,B,p4_role
5314,1062,Mercury_7015540,B,B,1,heuristic,B,p5_fewshot
5315,1063,Mercury_SC_414001,D,D,1,json,"{
  ""answer"": ""D""
}",p1_format
5316,1063,Mercury_SC_414001,D,D,1,json,"{""answer"": ""D""}",p1_format_soft
5317,1063,Mercury_SC_414001,D,D,1,heuristic,D,p2_complexity
5318,1063,Mercury_SC_414001,D,D,1,heuristic,D,p4_role
5319,1063,Mercury_SC_414001,D,D,1,heuristic,D,p5_fewshot
5320,1064,Mercury_7017973,D,D,1,json,"{
  ""answer"": ""D""
}",p1_format
5321,1064,Mercury_7017973,D,D,1,json,"{""answer"": ""D""}",p1_format_soft
5322,1064,Mercury_7017973,D,D,1,heuristic,D,p2_complexity
5323,1064,Mercury_7017973,D,D,1,heuristic,D,p4_role
5324,1064,Mercury_7017973,D,D,1,heuristic,D,p5_fewshot
5325,1065,Mercury_407097,C,C,1,json,"{""answer"": ""C""}",p1_format
5326,1065,Mercury_407097,C,C,1,json,"{""answer"": ""C""}",p1_format_soft
5327,1065,Mercury_407097,C,C,1,heuristic,C,p2_complexity
5328,1065,Mercury_407097,C,A,0,heuristic,A,p4_role
5329,1065,Mercury_407097,C,C,1,heuristic,C,p5_fewshot
5330,1066,Mercury_SC_406794,C,C,1,json,"{
  ""answer"": ""C""
}",p1_format
5331,1066,Mercury_SC_406794,C,C,1,json,"{""answer"": ""C""}",p1_format_soft
5332,1066,Mercury_SC_406794,C,C,1,heuristic,C,p2_complexity
5333,1066,Mercury_SC_406794,C,C,1,heuristic,C,p4_role
5334,1066,Mercury_SC_406794,C,C,1,heuristic,C,p5_fewshot
5335,1067,Mercury_7227710,D,D,1,json,"{
  ""answer"": ""D""
}",p1_format
5336,1067,Mercury_7227710,D,D,1,json,"{""answer"": ""D""}",p1_format_soft
5337,1067,Mercury_7227710,D,D,1,heuristic,D,p2_complexity
5338,1067,Mercury_7227710,D,D,1,heuristic,D,p4_role
5339,1067,Mercury_7227710,D,D,1,heuristic,D,p5_fewshot
5340,1068,Mercury_SC_406710,C,C,1,json,"{
  ""answer"": ""C""
}",p1_format
5341,1068,Mercury_SC_406710,C,C,1,json,"{""answer"": ""C""}",p1_format_soft
5342,1068,Mercury_SC_406710,C,C,1,heuristic,C,p2_complexity
5343,1068,Mercury_SC_406710,C,C,1,heuristic,C,p4_role
5344,1068,Mercury_SC_406710,C,C,1,heuristic,C,p5_fewshot
5345,1069,Mercury_401926,D,D,1,json,"{
  ""answer"": ""D""
}",p1_format
5346,1069,Mercury_401926,D,D,1,json,"{""answer"": ""D""}",p1_format_soft
5347,1069,Mercury_401926,D,D,1,heuristic,D,p2_complexity
5348,1069,Mercury_401926,D,D,1,heuristic,D,p4_role
5349,1069,Mercury_401926,D,D,1,heuristic,D,p5_fewshot
5350,1070,MCAS_2014_5_15,D,D,1,json,"{
  ""answer"": ""D""
}",p1_format
5351,1070,MCAS_2014_5_15,D,D,1,json,"{""answer"": ""D""}",p1_format_soft
5352,1070,MCAS_2014_5_15,D,D,1,heuristic,D,p2_complexity
5353,1070,MCAS_2014_5_15,D,D,1,heuristic,D,p4_role
5354,1070,MCAS_2014_5_15,D,D,1,heuristic,D,p5_fewshot
5355,1071,Mercury_LBS10151,A,A,1,json,"{
  ""answer"": ""A""
}",p1_format
5356,1071,Mercury_LBS10151,A,A,1,json,"{""answer"": ""A""}",p1_format_soft
5357,1071,Mercury_LBS10151,A,A,1,heuristic,A,p2_complexity
5358,1071,Mercury_LBS10151,A,A,1,heuristic,A,p4_role
5359,1071,Mercury_LBS10151,A,A,1,heuristic,A,p5_fewshot
5360,1072,ACTAAP_2013_5_8,B,B,1,json,"{
  ""answer"": ""B""
}",p1_format
5361,1072,ACTAAP_2013_5_8,B,B,1,json,"{""answer"": ""B""}",p1_format_soft
5362,1072,ACTAAP_2013_5_8,B,B,1,heuristic,B,p2_complexity
5363,1072,ACTAAP_2013_5_8,B,B,1,heuristic,B,p4_role
5364,1072,ACTAAP_2013_5_8,B,B,1,heuristic,B,p5_fewshot
5365,1073,Mercury_SC_407592,A,A,1,json,"{
  ""answer"": ""A""
}",p1_format
5366,1073,Mercury_SC_407592,A,A,1,json,"{""answer"": ""A""}",p1_format_soft
5367,1073,Mercury_SC_407592,A,A,1,heuristic,A,p2_complexity
5368,1073,Mercury_SC_407592,A,A,1,heuristic,A,p4_role
5369,1073,Mercury_SC_407592,A,A,1,heuristic,Answer: A,p5_fewshot
5370,1074,TIMSS_1995_8_L6,D,D,1,json,"{
  ""answer"": ""D""
}",p1_format
5371,1074,TIMSS_1995_8_L6,D,D,1,json,"{""answer"": ""D""}",p1_format_soft
5372,1074,TIMSS_1995_8_L6,D,D,1,heuristic,D,p2_complexity
5373,1074,TIMSS_1995_8_L6,D,D,1,heuristic,D,p4_role
5374,1074,TIMSS_1995_8_L6,D,D,1,heuristic,D,p5_fewshot
5375,1075,Mercury_7233398,C,C,1,json,"{
  ""answer"": ""C""
}",p1_format
5376,1075,Mercury_7233398,C,C,1,json,"{""answer"": ""C""}",p1_format_soft
5377,1075,Mercury_7233398,C,C,1,heuristic,C,p2_complexity
5378,1075,Mercury_7233398,C,C,1,heuristic,C,p4_role
5379,1075,Mercury_7233398,C,C,1,heuristic,C,p5_fewshot
5380,1076,Mercury_407664,D,D,1,json,"{
  ""answer"": ""D""
}",p1_format
5381,1076,Mercury_407664,D,D,1,json,"{""answer"": ""D""}",p1_format_soft
5382,1076,Mercury_407664,D,D,1,heuristic,D,p2_complexity
5383,1076,Mercury_407664,D,D,1,heuristic,D,p4_role
5384,1076,Mercury_407664,D,D,1,heuristic,D,p5_fewshot
5385,1077,Mercury_SC_408657,D,D,1,json,"{
  ""answer"": ""D""
}",p1_format
5386,1077,Mercury_SC_408657,D,D,1,json,"{""answer"": ""D""}",p1_format_soft
5387,1077,Mercury_SC_408657,D,D,1,heuristic,D,p2_complexity
5388,1077,Mercury_SC_408657,D,D,1,heuristic,D,p4_role
5389,1077,Mercury_SC_408657,D,D,1,heuristic,D,p5_fewshot
5390,1078,Mercury_7142800,B,B,1,json,"{""answer"": ""B""}",p1_format
5391,1078,Mercury_7142800,B,B,1,json,"{""answer"": ""B""}",p1_format_soft
5392,1078,Mercury_7142800,B,B,1,heuristic,B,p2_complexity
5393,1078,Mercury_7142800,B,B,1,heuristic,B,p4_role
5394,1078,Mercury_7142800,B,B,1,heuristic,Answer: B,p5_fewshot
5395,1079,Mercury_SC_410837,B,B,1,json,"{
  ""answer"": ""B""
}",p1_format
5396,1079,Mercury_SC_410837,B,B,1,json,"{""answer"": ""B""}",p1_format_soft
5397,1079,Mercury_SC_410837,B,B,1,heuristic,B,p2_complexity
5398,1079,Mercury_SC_410837,B,B,1,heuristic,B,p4_role
5399,1079,Mercury_SC_410837,B,B,1,heuristic,B,p5_fewshot
5400,1080,Mercury_7154315,A,A,1,json,"{
  ""answer"": ""A""
}",p1_format
5401,1080,Mercury_7154315,A,A,1,json,"{""answer"": ""A""}",p1_format_soft
5402,1080,Mercury_7154315,A,A,1,heuristic,A,p2_complexity
5403,1080,Mercury_7154315,A,A,1,heuristic,A,p4_role
5404,1080,Mercury_7154315,A,A,1,heuristic,Answer: A,p5_fewshot
5405,1081,Mercury_7239628,D,D,1,json,"{
  ""answer"": ""D""
}",p1_format
5406,1081,Mercury_7239628,D,D,1,json,"{""answer"": ""D""}",p1_format_soft
5407,1081,Mercury_7239628,D,D,1,heuristic,D,p2_complexity
5408,1081,Mercury_7239628,D,D,1,heuristic,D,p4_role
5409,1081,Mercury_7239628,D,D,1,heuristic,Answer: D,p5_fewshot
5410,1082,Mercury_401241,A,A,1,json,"{
  ""answer"": ""A""
}",p1_format
5411,1082,Mercury_401241,A,A,1,json,"{""answer"": ""A""}",p1_format_soft
5412,1082,Mercury_401241,A,A,1,heuristic,A,p2_complexity
5413,1082,Mercury_401241,A,A,1,heuristic,A,p4_role
5414,1082,Mercury_401241,A,A,1,heuristic,A,p5_fewshot
5415,1083,Mercury_SC_408251,A,A,1,json,"{
  ""answer"": ""A""
}",p1_format
5416,1083,Mercury_SC_408251,A,A,1,json,"{""answer"": ""A""}",p1_format_soft
5417,1083,Mercury_SC_408251,A,A,1,heuristic,A,p2_complexity
5418,1083,Mercury_SC_408251,A,A,1,heuristic,A,p4_role
5419,1083,Mercury_SC_408251,A,A,1,heuristic,Answer: A,p5_fewshot
5420,1084,Mercury_7175893,D,D,1,json,"{
  ""answer"": ""D""
}",p1_format
5421,1084,Mercury_7175893,D,D,1,json,"{""answer"": ""D""}",p1_format_soft
5422,1084,Mercury_7175893,D,D,1,heuristic,D,p2_complexity
5423,1084,Mercury_7175893,D,D,1,heuristic,D,p4_role
5424,1084,Mercury_7175893,D,D,1,heuristic,D,p5_fewshot
5425,1085,Mercury_7202843,A,A,1,json,"{
  ""answer"": ""A""
}",p1_format
5426,1085,Mercury_7202843,A,A,1,json,"{""answer"": ""A""}",p1_format_soft
5427,1085,Mercury_7202843,A,A,1,heuristic,A,p2_complexity
5428,1085,Mercury_7202843,A,A,1,heuristic,A,p4_role
5429,1085,Mercury_7202843,A,A,1,heuristic,Answer: A,p5_fewshot
5430,1086,Mercury_7159023,C,C,1,json,"{
  ""answer"": ""C""
}",p1_format
5431,1086,Mercury_7159023,C,C,1,json,"{""answer"": ""C""}",p1_format_soft
5432,1086,Mercury_7159023,C,C,1,heuristic,C,p2_complexity
5433,1086,Mercury_7159023,C,C,1,heuristic,C,p4_role
5434,1086,Mercury_7159023,C,C,1,heuristic,C,p5_fewshot
5435,1087,MDSA_2008_8_3,D,D,1,json,"{
  ""answer"": ""D""
}",p1_format
5436,1087,MDSA_2008_8_3,D,D,1,json,"{""answer"": ""D""}",p1_format_soft
5437,1087,MDSA_2008_8_3,D,D,1,heuristic,D,p2_complexity
5438,1087,MDSA_2008_8_3,D,D,1,heuristic,D,p4_role
5439,1087,MDSA_2008_8_3,D,D,1,heuristic,D,p5_fewshot
5440,1088,Mercury_7218348,A,A,1,json,"{
  ""answer"": ""A""
}",p1_format
5441,1088,Mercury_7218348,A,A,1,json,"{""answer"": ""A""}",p1_format_soft
5442,1088,Mercury_7218348,A,A,1,heuristic,A,p2_complexity
5443,1088,Mercury_7218348,A,A,1,heuristic,A,p4_role
5444,1088,Mercury_7218348,A,A,1,heuristic,A,p5_fewshot
5445,1089,Mercury_SC_406458,D,D,1,json,"{
  ""answer"": ""D""
}",p1_format
5446,1089,Mercury_SC_406458,D,D,1,json,"{""answer"": ""D""}",p1_format_soft
5447,1089,Mercury_SC_406458,D,D,1,heuristic,D,p2_complexity
5448,1089,Mercury_SC_406458,D,D,1,heuristic,D,p4_role
5449,1089,Mercury_SC_406458,D,D,1,heuristic,D,p5_fewshot
5450,1090,LEAP_2007_4_10280,A,A,1,json,"{
  ""answer"": ""A""
}",p1_format
5451,1090,LEAP_2007_4_10280,A,A,1,json,"{""answer"": ""A""}",p1_format_soft
5452,1090,LEAP_2007_4_10280,A,A,1,heuristic,A,p2_complexity
5453,1090,LEAP_2007_4_10280,A,A,1,heuristic,A,p4_role
5454,1090,LEAP_2007_4_10280,A,A,1,heuristic,A,p5_fewshot
5455,1091,Mercury_7216965,C,C,1,json,"{
  ""answer"": ""C""
}",p1_format
5456,1091,Mercury_7216965,C,C,1,json,"{""answer"": ""C""}",p1_format_soft
5457,1091,Mercury_7216965,C,C,1,heuristic,C,p2_complexity
5458,1091,Mercury_7216965,C,C,1,heuristic,C,p4_role
5459,1091,Mercury_7216965,C,C,1,heuristic,Answer: C,p5_fewshot
5460,1092,NYSEDREGENTS_2010_8_42,B,B,1,json,"{
  ""answer"": ""B""
}",p1_format
5461,1092,NYSEDREGENTS_2010_8_42,B,B,1,json,"{""answer"": ""B""}",p1_format_soft
5462,1092,NYSEDREGENTS_2010_8_42,B,B,1,heuristic,B,p2_complexity
5463,1092,NYSEDREGENTS_2010_8_42,B,B,1,heuristic,B,p4_role
5464,1092,NYSEDREGENTS_2010_8_42,B,B,1,heuristic,Answer: B,p5_fewshot
5465,1093,LEAP__7_10351,C,C,1,json,"{
  ""answer"": ""C""
}",p1_format
5466,1093,LEAP__7_10351,C,C,1,json,"{""answer"": ""C""}",p1_format_soft
5467,1093,LEAP__7_10351,C,C,1,heuristic,C,p2_complexity
5468,1093,LEAP__7_10351,C,C,1,heuristic,C,p4_role
5469,1093,LEAP__7_10351,C,C,1,heuristic,C,p5_fewshot
5470,1094,Mercury_SC_400590,D,D,1,json,"{
  ""answer"": ""D""
}",p1_format
5471,1094,Mercury_SC_400590,D,D,1,json,"{""answer"": ""D""}",p1_format_soft
5472,1094,Mercury_SC_400590,D,D,1,heuristic,D,p2_complexity
5473,1094,Mercury_SC_400590,D,D,1,heuristic,D,p4_role
5474,1094,Mercury_SC_400590,D,D,1,heuristic,D,p5_fewshot
5475,1095,Mercury_7086608,B,B,1,json,"{
  ""answer"": ""B""
}",p1_format
5476,1095,Mercury_7086608,B,B,1,json,"{""answer"": ""B""}",p1_format_soft
5477,1095,Mercury_7086608,B,B,1,heuristic,B,p2_complexity
5478,1095,Mercury_7086608,B,B,1,heuristic,B,p4_role
5479,1095,Mercury_7086608,B,B,1,heuristic,B,p5_fewshot
5480,1096,Mercury_7187863,D,D,1,json,"{
  ""answer"": ""D""
}",p1_format
5481,1096,Mercury_7187863,D,D,1,json,"{""answer"": ""D""}",p1_format_soft
5482,1096,Mercury_7187863,D,D,1,heuristic,D,p2_complexity
5483,1096,Mercury_7187863,D,D,1,heuristic,D,p4_role
5484,1096,Mercury_7187863,D,D,1,heuristic,D,p5_fewshot
5485,1097,Mercury_7120873,C,C,1,json,"{
  ""answer"": ""C""
}",p1_format
5486,1097,Mercury_7120873,C,C,1,json,"{""answer"": ""C""}",p1_format_soft
5487,1097,Mercury_7120873,C,C,1,heuristic,C,p2_complexity
5488,1097,Mercury_7120873,C,C,1,heuristic,C,p4_role
5489,1097,Mercury_7120873,C,C,1,heuristic,C,p5_fewshot
5490,1098,Mercury_184730,B,B,1,json,"{""answer"": ""B""}",p1_format
5491,1098,Mercury_184730,B,B,1,json,"{""answer"": ""B""}",p1_format_soft
5492,1098,Mercury_184730,B,B,1,heuristic,B,p2_complexity
5493,1098,Mercury_184730,B,B,1,heuristic,B,p4_role
5494,1098,Mercury_184730,B,B,1,heuristic,B,p5_fewshot
5495,1099,Mercury_SC_401265,D,D,1,json,"{
  ""answer"": ""D""
}",p1_format
5496,1099,Mercury_SC_401265,D,D,1,json,"{""answer"": ""D""}",p1_format_soft
5497,1099,Mercury_SC_401265,D,D,1,heuristic,D,p2_complexity
5498,1099,Mercury_SC_401265,D,D,1,heuristic,D,p4_role
5499,1099,Mercury_SC_401265,D,D,1,heuristic,D,p5_fewshot
5500,1100,OHAT_2009_8_34,D,D,1,json,"{
  ""answer"": ""D""
}",p1_format
5501,1100,OHAT_2009_8_34,D,D,1,json,"{""answer"": ""D""}",p1_format_soft
5502,1100,OHAT_2009_8_34,D,D,1,heuristic,D,p2_complexity
5503,1100,OHAT_2009_8_34,D,D,1,heuristic,D,p4_role
5504,1100,OHAT_2009_8_34,D,D,1,heuristic,Answer: D,p5_fewshot
5505,1101,Mercury_406639,B,B,1,json,"{
  ""answer"": ""B""
}",p1_format
5506,1101,Mercury_406639,B,B,1,json,"{""answer"": ""B""}",p1_format_soft
5507,1101,Mercury_406639,B,B,1,heuristic,B,p2_complexity
5508,1101,Mercury_406639,B,B,1,heuristic,B,p4_role
5509,1101,Mercury_406639,B,B,1,heuristic,Answer: B,p5_fewshot
5510,1102,Mercury_7008610,D,D,1,json,"{
  ""answer"": ""D""
}",p1_format
5511,1102,Mercury_7008610,D,D,1,json,"{""answer"": ""D""}",p1_format_soft
5512,1102,Mercury_7008610,D,D,1,heuristic,D,p2_complexity
5513,1102,Mercury_7008610,D,D,1,heuristic,D,p4_role
5514,1102,Mercury_7008610,D,D,1,heuristic,Answer: D,p5_fewshot
5515,1103,MCAS_2009_8_12,A,A,1,json,"{
  ""answer"": ""A""
}",p1_format
5516,1103,MCAS_2009_8_12,A,A,1,json,"{""answer"": ""A""}",p1_format_soft
5517,1103,MCAS_2009_8_12,A,A,1,heuristic,A,p2_complexity
5518,1103,MCAS_2009_8_12,A,A,1,heuristic,A,p4_role
5519,1103,MCAS_2009_8_12,A,A,1,heuristic,A,p5_fewshot
5520,1104,MCAS_2005_8_12,C,C,1,json,"{
  ""answer"": ""C""
}",p1_format
5521,1104,MCAS_2005_8_12,C,C,1,json,"{""answer"": ""C""}",p1_format_soft
5522,1104,MCAS_2005_8_12,C,C,1,heuristic,C,p2_complexity
5523,1104,MCAS_2005_8_12,C,C,1,heuristic,C,p4_role
5524,1104,MCAS_2005_8_12,C,C,1,heuristic,C,p5_fewshot
5525,1105,ACTAAP_2008_7_4,B,B,1,json,"{
  ""answer"": ""B""
}",p1_format
5526,1105,ACTAAP_2008_7_4,B,B,1,json,"{""answer"": ""B""}",p1_format_soft
5527,1105,ACTAAP_2008_7_4,B,B,1,heuristic,B,p2_complexity
5528,1105,ACTAAP_2008_7_4,B,B,1,heuristic,B,p4_role
5529,1105,ACTAAP_2008_7_4,B,B,1,heuristic,Answer: B,p5_fewshot
5530,1106,NYSEDREGENTS_2008_4_3,D,D,1,json,"{
  ""answer"": ""D""
}",p1_format
5531,1106,NYSEDREGENTS_2008_4_3,D,D,1,json,"{""answer"": ""D""}",p1_format_soft
5532,1106,NYSEDREGENTS_2008_4_3,D,D,1,heuristic,D,p2_complexity
5533,1106,NYSEDREGENTS_2008_4_3,D,D,1,heuristic,D,p4_role
5534,1106,NYSEDREGENTS_2008_4_3,D,D,1,heuristic,Answer: D,p5_fewshot
5535,1107,Mercury_SC_416181,B,B,1,json,"{
  ""answer"": ""B""
}",p1_format
5536,1107,Mercury_SC_416181,B,B,1,json,"{""answer"": ""B""}",p1_format_soft
5537,1107,Mercury_SC_416181,B,B,1,heuristic,B,p2_complexity
5538,1107,Mercury_SC_416181,B,B,1,heuristic,B,p4_role
5539,1107,Mercury_SC_416181,B,B,1,heuristic,B,p5_fewshot
5540,1108,NYSEDREGENTS_2010_4_30,B,B,1,json,"{
  ""answer"": ""B""
}",p1_format
5541,1108,NYSEDREGENTS_2010_4_30,B,B,1,json,"{""answer"": ""B""}",p1_format_soft
5542,1108,NYSEDREGENTS_2010_4_30,B,B,1,heuristic,B,p2_complexity
5543,1108,NYSEDREGENTS_2010_4_30,B,B,1,heuristic,B,p4_role
5544,1108,NYSEDREGENTS_2010_4_30,B,B,1,heuristic,B,p5_fewshot
5545,1109,Mercury_7025060,D,D,1,json,"{
  ""answer"": ""D""
}",p1_format
5546,1109,Mercury_7025060,D,D,1,json,"{""answer"": ""D""}",p1_format_soft
5547,1109,Mercury_7025060,D,C,0,heuristic,C,p2_complexity
5548,1109,Mercury_7025060,D,D,1,heuristic,D,p4_role
5549,1109,Mercury_7025060,D,D,1,heuristic,D,p5_fewshot
5550,1110,Mercury_SC_402103,D,D,1,json,"{
  ""answer"": ""D""
}",p1_format
5551,1110,Mercury_SC_402103,D,D,1,json,"{""answer"": ""D""}",p1_format_soft
5552,1110,Mercury_SC_402103,D,D,1,heuristic,D,p2_complexity
5553,1110,Mercury_SC_402103,D,D,1,heuristic,D,p4_role
5554,1110,Mercury_SC_402103,D,D,1,heuristic,D,p5_fewshot
5555,1111,VASoL_2009_5_37,C,C,1,json,"{
  ""answer"": ""C""
}",p1_format
5556,1111,VASoL_2009_5_37,C,C,1,json,"{""answer"": ""C""}",p1_format_soft
5557,1111,VASoL_2009_5_37,C,C,1,heuristic,C,p2_complexity
5558,1111,VASoL_2009_5_37,C,C,1,heuristic,C,p4_role
5559,1111,VASoL_2009_5_37,C,C,1,heuristic,C,p5_fewshot
5560,1112,Mercury_SC_402981,D,D,1,json,"{""answer"": ""D""}",p1_format
5561,1112,Mercury_SC_402981,D,D,1,json,"{""answer"": ""D""}",p1_format_soft
5562,1112,Mercury_SC_402981,D,D,1,heuristic,D,p2_complexity
5563,1112,Mercury_SC_402981,D,D,1,heuristic,D,p4_role
5564,1112,Mercury_SC_402981,D,D,1,heuristic,D,p5_fewshot
5565,1113,NYSEDREGENTS_2008_8_5,B,B,1,json,"{
  ""answer"": ""B""
}",p1_format
5566,1113,NYSEDREGENTS_2008_8_5,B,B,1,json,"{""answer"": ""B""}",p1_format_soft
5567,1113,NYSEDREGENTS_2008_8_5,B,B,1,heuristic,B,p2_complexity
5568,1113,NYSEDREGENTS_2008_8_5,B,B,1,heuristic,B,p4_role
5569,1113,NYSEDREGENTS_2008_8_5,B,B,1,heuristic,B,p5_fewshot
5570,1114,MCAS_1998_4_13,B,B,1,json,"{
  ""answer"": ""B""
}",p1_format
5571,1114,MCAS_1998_4_13,B,B,1,json,"{""answer"": ""B""}",p1_format_soft
5572,1114,MCAS_1998_4_13,B,B,1,heuristic,B,p2_complexity
5573,1114,MCAS_1998_4_13,B,B,1,heuristic,B,p4_role
5574,1114,MCAS_1998_4_13,B,B,1,heuristic,Answer: B,p5_fewshot
5575,1115,MDSA_2008_8_20,C,C,1,json,"{
  ""answer"": ""C""
}",p1_format
5576,1115,MDSA_2008_8_20,C,C,1,json,"{""answer"": ""C""}",p1_format_soft
5577,1115,MDSA_2008_8_20,C,C,1,heuristic,C,p2_complexity
5578,1115,MDSA_2008_8_20,C,C,1,heuristic,C,p4_role
5579,1115,MDSA_2008_8_20,C,C,1,heuristic,C,p5_fewshot
5580,1116,Mercury_SC_400134,D,D,1,json,"{
  ""answer"": ""D""
}",p1_format
5581,1116,Mercury_SC_400134,D,D,1,json,"{""answer"": ""D""}",p1_format_soft
5582,1116,Mercury_SC_400134,D,B,0,heuristic,B,p2_complexity
5583,1116,Mercury_SC_400134,D,B,0,heuristic,B,p4_role
5584,1116,Mercury_SC_400134,D,B,0,heuristic,B,p5_fewshot
5585,1117,Mercury_SC_LBS10265,C,C,1,json,"{
  ""answer"": ""C""
}",p1_format
5586,1117,Mercury_SC_LBS10265,C,C,1,json,"{""answer"": ""C""}",p1_format_soft
5587,1117,Mercury_SC_LBS10265,C,C,1,heuristic,C,p2_complexity
5588,1117,Mercury_SC_LBS10265,C,C,1,heuristic,C,p4_role
5589,1117,Mercury_SC_LBS10265,C,C,1,heuristic,C,p5_fewshot
5590,1118,Mercury_7188580,A,A,1,json,"{
  ""answer"": ""A""
}",p1_format
5591,1118,Mercury_7188580,A,A,1,json,"{""answer"": ""A""}",p1_format_soft
5592,1118,Mercury_7188580,A,A,1,heuristic,A,p2_complexity
5593,1118,Mercury_7188580,A,A,1,heuristic,A,p4_role
5594,1118,Mercury_7188580,A,A,1,heuristic,A,p5_fewshot
5595,1119,Mercury_402348,A,A,1,json,"{
  ""answer"": ""A""
}",p1_format
5596,1119,Mercury_402348,A,A,1,json,"{""answer"": ""A""}",p1_format_soft
5597,1119,Mercury_402348,A,A,1,heuristic,A,p2_complexity
5598,1119,Mercury_402348,A,A,1,heuristic,A,p4_role
5599,1119,Mercury_402348,A,A,1,heuristic,Answer: A,p5_fewshot
5600,1120,Mercury_7030555,C,C,1,json,"{
  ""answer"": ""C""
}",p1_format
5601,1120,Mercury_7030555,C,C,1,json,"{""answer"": ""C""}",p1_format_soft
5602,1120,Mercury_7030555,C,C,1,heuristic,C,p2_complexity
5603,1120,Mercury_7030555,C,C,1,heuristic,C,p4_role
5604,1120,Mercury_7030555,C,C,1,heuristic,C,p5_fewshot
5605,1121,Mercury_SC_415453,A,A,1,json,"{
  ""answer"": ""A""
}",p1_format
5606,1121,Mercury_SC_415453,A,A,1,json,"{""answer"": ""A""}",p1_format_soft
5607,1121,Mercury_SC_415453,A,A,1,heuristic,A,p2_complexity
5608,1121,Mercury_SC_415453,A,A,1,heuristic,A,p4_role
5609,1121,Mercury_SC_415453,A,A,1,heuristic,Answer: A,p5_fewshot
5610,1122,Mercury_7074848,A,A,1,json,"{
  ""answer"": ""A""
}",p1_format
5611,1122,Mercury_7074848,A,A,1,json,"{""answer"": ""A""}",p1_format_soft
5612,1122,Mercury_7074848,A,A,1,heuristic,A,p2_complexity
5613,1122,Mercury_7074848,A,A,1,heuristic,A,p4_role
5614,1122,Mercury_7074848,A,A,1,heuristic,A,p5_fewshot
5615,1123,Mercury_SC_400582,A,A,1,json,"{
  ""answer"": ""A""
}",p1_format
5616,1123,Mercury_SC_400582,A,A,1,json,"{""answer"": ""A""}",p1_format_soft
5617,1123,Mercury_SC_400582,A,A,1,heuristic,A,p2_complexity
5618,1123,Mercury_SC_400582,A,A,1,heuristic,A,p4_role
5619,1123,Mercury_SC_400582,A,A,1,heuristic,A,p5_fewshot
5620,1124,Mercury_SC_401168,C,C,1,json,"{
  ""answer"": ""C""
}",p1_format
5621,1124,Mercury_SC_401168,C,C,1,json,"{""answer"": ""C""}",p1_format_soft
5622,1124,Mercury_SC_401168,C,C,1,heuristic,C,p2_complexity
5623,1124,Mercury_SC_401168,C,C,1,heuristic,C,p4_role
5624,1124,Mercury_SC_401168,C,C,1,heuristic,C,p5_fewshot
5625,1125,Mercury_180828,C,C,1,json,"{
  ""answer"": ""C""
}",p1_format
5626,1125,Mercury_180828,C,C,1,json,"{""answer"": ""C""}",p1_format_soft
5627,1125,Mercury_180828,C,C,1,heuristic,C,p2_complexity
5628,1125,Mercury_180828,C,C,1,heuristic,C,p4_role
5629,1125,Mercury_180828,C,C,1,heuristic,C,p5_fewshot
5630,1126,FCAT_2008_5_1,A,A,1,json,"{
  ""answer"": ""A""
}",p1_format
5631,1126,FCAT_2008_5_1,A,A,1,json,"{""answer"": ""A""}",p1_format_soft
5632,1126,FCAT_2008_5_1,A,A,1,heuristic,A,p2_complexity
5633,1126,FCAT_2008_5_1,A,A,1,heuristic,A,p4_role
5634,1126,FCAT_2008_5_1,A,A,1,heuristic,Answer: A,p5_fewshot
5635,1127,TAKS_2009_5_25,C,C,1,json,"{
  ""answer"": ""C""
}",p1_format
5636,1127,TAKS_2009_5_25,C,C,1,json,"{""answer"": ""C""}",p1_format_soft
5637,1127,TAKS_2009_5_25,C,C,1,heuristic,C,p2_complexity
5638,1127,TAKS_2009_5_25,C,C,1,heuristic,C,p4_role
5639,1127,TAKS_2009_5_25,C,C,1,heuristic,C,p5_fewshot
5640,1128,Mercury_SC_LBS10392,A,A,1,json,"{
  ""answer"": ""A""
}",p1_format
5641,1128,Mercury_SC_LBS10392,A,A,1,json,"{""answer"": ""A""}",p1_format_soft
5642,1128,Mercury_SC_LBS10392,A,A,1,heuristic,A,p2_complexity
5643,1128,Mercury_SC_LBS10392,A,A,1,heuristic,A,p4_role
5644,1128,Mercury_SC_LBS10392,A,A,1,heuristic,A,p5_fewshot
5645,1129,Mercury_7212905,B,B,1,json,"{
  ""answer"": ""B""
}",p1_format
5646,1129,Mercury_7212905,B,B,1,json,"{""answer"": ""B""}",p1_format_soft
5647,1129,Mercury_7212905,B,B,1,heuristic,B,p2_complexity
5648,1129,Mercury_7212905,B,B,1,heuristic,B,p4_role
5649,1129,Mercury_7212905,B,B,1,heuristic,Answer: B,p5_fewshot
5650,1130,Mercury_7212888,A,A,1,json,"{
  ""answer"": ""A""
}",p1_format
5651,1130,Mercury_7212888,A,A,1,json,"{""answer"": ""A""}",p1_format_soft
5652,1130,Mercury_7212888,A,A,1,heuristic,A,p2_complexity
5653,1130,Mercury_7212888,A,A,1,heuristic,A,p4_role
5654,1130,Mercury_7212888,A,A,1,heuristic,A,p5_fewshot
5655,1131,MDSA_2007_8_42,D,D,1,json,"{
  ""answer"": ""D""
}",p1_format
5656,1131,MDSA_2007_8_42,D,D,1,json,"{""answer"": ""D""}",p1_format_soft
5657,1131,MDSA_2007_8_42,D,D,1,heuristic,D,p2_complexity
5658,1131,MDSA_2007_8_42,D,D,1,heuristic,D,p4_role
5659,1131,MDSA_2007_8_42,D,D,1,heuristic,D,p5_fewshot
5660,1132,Mercury_SC_415534,B,B,1,json,"{
  ""answer"": ""B""
}",p1_format
5661,1132,Mercury_SC_415534,B,B,1,json,"{""answer"": ""B""}",p1_format_soft
5662,1132,Mercury_SC_415534,B,B,1,heuristic,B,p2_complexity
5663,1132,Mercury_SC_415534,B,B,1,heuristic,B,p4_role
5664,1132,Mercury_SC_415534,B,B,1,heuristic,Answer: B,p5_fewshot
5665,1133,Mercury_7213413,D,D,1,json,"{
  ""answer"": ""D""
}",p1_format
5666,1133,Mercury_7213413,D,D,1,json,"{""answer"": ""D""}",p1_format_soft
5667,1133,Mercury_7213413,D,D,1,heuristic,D,p2_complexity
5668,1133,Mercury_7213413,D,D,1,heuristic,D,p4_role
5669,1133,Mercury_7213413,D,D,1,heuristic,D,p5_fewshot
5670,1134,Mercury_7068635,C,C,1,json,"{
  ""answer"": ""C""
}",p1_format
5671,1134,Mercury_7068635,C,C,1,json,"{""answer"": ""C""}",p1_format_soft
5672,1134,Mercury_7068635,C,C,1,heuristic,C,p2_complexity
5673,1134,Mercury_7068635,C,C,1,heuristic,C,p4_role
5674,1134,Mercury_7068635,C,C,1,heuristic,Answer: C,p5_fewshot
5675,1135,Mercury_417137,C,C,1,json,"{
  ""answer"": ""C""
}",p1_format
5676,1135,Mercury_417137,C,C,1,json,"{""answer"": ""C""}",p1_format_soft
5677,1135,Mercury_417137,C,C,1,heuristic,C,p2_complexity
5678,1135,Mercury_417137,C,C,1,heuristic,C,p4_role
5679,1135,Mercury_417137,C,C,1,heuristic,C,p5_fewshot
5680,1136,Mercury_7268258,C,B,0,json,"{""answer"": ""B""}",p1_format
5681,1136,Mercury_7268258,C,C,1,json,"{""answer"": ""C""}",p1_format_soft
5682,1136,Mercury_7268258,C,B,0,heuristic,B,p2_complexity
5683,1136,Mercury_7268258,C,C,1,heuristic,C,p4_role
5684,1136,Mercury_7268258,C,C,1,heuristic,C,p5_fewshot
5685,1137,NAEP_2005_4_S13+14,C,C,1,json,"{
  ""answer"": ""C""
}",p1_format
5686,1137,NAEP_2005_4_S13+14,C,C,1,json,"{""answer"": ""C""}",p1_format_soft
5687,1137,NAEP_2005_4_S13+14,C,C,1,heuristic,C,p2_complexity
5688,1137,NAEP_2005_4_S13+14,C,C,1,heuristic,C,p4_role
5689,1137,NAEP_2005_4_S13+14,C,C,1,heuristic,C,p5_fewshot
5690,1138,Mercury_SC_406089,D,D,1,json,"{
  ""answer"": ""D""
}",p1_format
5691,1138,Mercury_SC_406089,D,D,1,json,"{""answer"": ""D""}",p1_format_soft
5692,1138,Mercury_SC_406089,D,D,1,heuristic,D,p2_complexity
5693,1138,Mercury_SC_406089,D,D,1,heuristic,D,p4_role
5694,1138,Mercury_SC_406089,D,D,1,heuristic,Answer: D,p5_fewshot
5695,1139,Mercury_SC_400700,C,C,1,json,"{
  ""answer"": ""C""
}",p1_format
5696,1139,Mercury_SC_400700,C,C,1,json,"{""answer"": ""C""}",p1_format_soft
5697,1139,Mercury_SC_400700,C,C,1,heuristic,C,p2_complexity
5698,1139,Mercury_SC_400700,C,C,1,heuristic,C,p4_role
5699,1139,Mercury_SC_400700,C,C,1,heuristic,C,p5_fewshot
5700,1140,Mercury_7223493,A,A,1,json,"{
  ""answer"": ""A""
}",p1_format
5701,1140,Mercury_7223493,A,A,1,json,"{""answer"": ""A""}",p1_format_soft
5702,1140,Mercury_7223493,A,A,1,heuristic,A,p2_complexity
5703,1140,Mercury_7223493,A,A,1,heuristic,A,p4_role
5704,1140,Mercury_7223493,A,A,1,heuristic,A,p5_fewshot
5705,1141,Mercury_SC_405928,D,D,1,json,"{
  ""answer"": ""D""
}",p1_format
5706,1141,Mercury_SC_405928,D,D,1,json,"{""answer"": ""D""}",p1_format_soft
5707,1141,Mercury_SC_405928,D,D,1,heuristic,D,p2_complexity
5708,1141,Mercury_SC_405928,D,D,1,heuristic,D,p4_role
5709,1141,Mercury_SC_405928,D,D,1,heuristic,D,p5_fewshot
5710,1142,MCAS_2009_5_6518,D,D,1,json,"{
  ""answer"": ""D""
}",p1_format
5711,1142,MCAS_2009_5_6518,D,D,1,json,"{""answer"": ""D""}",p1_format_soft
5712,1142,MCAS_2009_5_6518,D,D,1,heuristic,D,p2_complexity
5713,1142,MCAS_2009_5_6518,D,D,1,heuristic,D,p4_role
5714,1142,MCAS_2009_5_6518,D,D,1,heuristic,Answer: D,p5_fewshot
5715,1143,MCAS_2006_9_1,B,B,1,json,"{
  ""answer"": ""B""
}",p1_format
5716,1143,MCAS_2006_9_1,B,B,1,json,"{""answer"": ""B""}",p1_format_soft
5717,1143,MCAS_2006_9_1,B,B,1,heuristic,B,p2_complexity
5718,1143,MCAS_2006_9_1,B,B,1,heuristic,B,p4_role
5719,1143,MCAS_2006_9_1,B,B,1,heuristic,Answer: B,p5_fewshot
5720,1144,Mercury_7239383,B,B,1,json,"{
  ""answer"": ""B""
}",p1_format
5721,1144,Mercury_7239383,B,B,1,json,"{""answer"": ""B""}",p1_format_soft
5722,1144,Mercury_7239383,B,B,1,heuristic,B,p2_complexity
5723,1144,Mercury_7239383,B,B,1,heuristic,B,p4_role
5724,1144,Mercury_7239383,B,B,1,heuristic,B,p5_fewshot
5725,1145,Mercury_SC_400130,B,B,1,json,"{""answer"": ""B""}",p1_format
5726,1145,Mercury_SC_400130,B,B,1,json,"{""answer"": ""B""}",p1_format_soft
5727,1145,Mercury_SC_400130,B,B,1,heuristic,B,p2_complexity
5728,1145,Mercury_SC_400130,B,B,1,heuristic,B,p4_role
5729,1145,Mercury_SC_400130,B,B,1,heuristic,B,p5_fewshot
5730,1146,Mercury_401426,D,D,1,json,"{
  ""answer"": ""D""
}",p1_format
5731,1146,Mercury_401426,D,D,1,json,"{""answer"": ""D""}",p1_format_soft
5732,1146,Mercury_401426,D,D,1,heuristic,D,p2_complexity
5733,1146,Mercury_401426,D,C,0,heuristic,C,p4_role
5734,1146,Mercury_401426,D,D,1,heuristic,D,p5_fewshot
5735,1147,MCAS_2010_8_12016,C,C,1,json,"{
  ""answer"": ""C""
}",p1_format
5736,1147,MCAS_2010_8_12016,C,C,1,json,"{""answer"": ""C""}",p1_format_soft
5737,1147,MCAS_2010_8_12016,C,C,1,heuristic,C,p2_complexity
5738,1147,MCAS_2010_8_12016,C,C,1,heuristic,C,p4_role
5739,1147,MCAS_2010_8_12016,C,C,1,heuristic,C,p5_fewshot
5740,1148,Mercury_SC_400324,B,B,1,json,"{
  ""answer"": ""B""
}",p1_format
5741,1148,Mercury_SC_400324,B,B,1,json,"{""answer"": ""B""}",p1_format_soft
5742,1148,Mercury_SC_400324,B,B,1,heuristic,B,p2_complexity
5743,1148,Mercury_SC_400324,B,B,1,heuristic,B,p4_role
5744,1148,Mercury_SC_400324,B,B,1,heuristic,Answer: B,p5_fewshot
5745,1149,Mercury_SC_LBS10662,C,C,1,json,"{
  ""answer"": ""C""
}",p1_format
5746,1149,Mercury_SC_LBS10662,C,C,1,json,"{""answer"": ""C""}",p1_format_soft
5747,1149,Mercury_SC_LBS10662,C,C,1,heuristic,C,p2_complexity
5748,1149,Mercury_SC_LBS10662,C,C,1,heuristic,C,p4_role
5749,1149,Mercury_SC_LBS10662,C,C,1,heuristic,Answer: C,p5_fewshot
5750,1150,VASoL_2009_3_8,D,D,1,json,"{
  ""answer"": ""D""
}",p1_format
5751,1150,VASoL_2009_3_8,D,D,1,json,"{""answer"": ""D""}",p1_format_soft
5752,1150,VASoL_2009_3_8,D,D,1,heuristic,D,p2_complexity
5753,1150,VASoL_2009_3_8,D,D,1,heuristic,D,p4_role
5754,1150,VASoL_2009_3_8,D,D,1,heuristic,D,p5_fewshot
5755,1151,Mercury_SC_401185,C,C,1,json,"{
  ""answer"": ""C""
}",p1_format
5756,1151,Mercury_SC_401185,C,C,1,json,"{""answer"": ""C""}",p1_format_soft
5757,1151,Mercury_SC_401185,C,C,1,heuristic,C,p2_complexity
5758,1151,Mercury_SC_401185,C,C,1,heuristic,C,p4_role
5759,1151,Mercury_SC_401185,C,C,1,heuristic,C,p5_fewshot
5760,1152,NYSEDREGENTS_2015_8_29,C,C,1,json,"{
  ""answer"": ""C""
}",p1_format
5761,1152,NYSEDREGENTS_2015_8_29,C,C,1,json,"{""answer"": ""C""}",p1_format_soft
5762,1152,NYSEDREGENTS_2015_8_29,C,C,1,heuristic,C,p2_complexity
5763,1152,NYSEDREGENTS_2015_8_29,C,C,1,heuristic,C,p4_role
5764,1152,NYSEDREGENTS_2015_8_29,C,C,1,heuristic,Answer: C,p5_fewshot
5765,1153,Mercury_7234378,D,D,1,json,"{
  ""answer"": ""D""
}",p1_format
5766,1153,Mercury_7234378,D,D,1,json,"{""answer"": ""D""}",p1_format_soft
5767,1153,Mercury_7234378,D,D,1,heuristic,D,p2_complexity
5768,1153,Mercury_7234378,D,D,1,heuristic,D,p4_role
5769,1153,Mercury_7234378,D,D,1,heuristic,D,p5_fewshot
5770,1154,ACTAAP_2014_7_3,D,D,1,json,"{
  ""answer"": ""D""
}",p1_format
5771,1154,ACTAAP_2014_7_3,D,D,1,json,"{""answer"": ""D""}",p1_format_soft
5772,1154,ACTAAP_2014_7_3,D,D,1,heuristic,D,p2_complexity
5773,1154,ACTAAP_2014_7_3,D,D,1,heuristic,D,p4_role
5774,1154,ACTAAP_2014_7_3,D,D,1,heuristic,D,p5_fewshot
5775,1155,MDSA_2008_8_27,D,D,1,json,"{
  ""answer"": ""D""
}",p1_format
5776,1155,MDSA_2008_8_27,D,D,1,json,"{""answer"": ""D""}",p1_format_soft
5777,1155,MDSA_2008_8_27,D,D,1,heuristic,D,p2_complexity
5778,1155,MDSA_2008_8_27,D,B,0,heuristic,B,p4_role
5779,1155,MDSA_2008_8_27,D,D,1,heuristic,D,p5_fewshot
5780,1156,Mercury_7004725,A,A,1,json,"{
  ""answer"": ""A""
}",p1_format
5781,1156,Mercury_7004725,A,A,1,json,"{""answer"": ""A""}",p1_format_soft
5782,1156,Mercury_7004725,A,A,1,heuristic,A,p2_complexity
5783,1156,Mercury_7004725,A,A,1,heuristic,A,p4_role
5784,1156,Mercury_7004725,A,A,1,heuristic,Answer: A,p5_fewshot
5785,1157,Mercury_405143,C,C,1,json,"{
  ""answer"": ""C""
}",p1_format
5786,1157,Mercury_405143,C,C,1,json,"{""answer"": ""C""}",p1_format_soft
5787,1157,Mercury_405143,C,C,1,heuristic,C,p2_complexity
5788,1157,Mercury_405143,C,C,1,heuristic,C,p4_role
5789,1157,Mercury_405143,C,C,1,heuristic,C,p5_fewshot
5790,1158,MCAS_2003_8_7,A,A,1,json,"{
  ""answer"": ""A""
}",p1_format
5791,1158,MCAS_2003_8_7,A,A,1,json,"{""answer"": ""A""}",p1_format_soft
5792,1158,MCAS_2003_8_7,A,A,1,heuristic,A,p2_complexity
5793,1158,MCAS_2003_8_7,A,A,1,heuristic,A,p4_role
5794,1158,MCAS_2003_8_7,A,A,1,heuristic,A,p5_fewshot
5795,1159,Mercury_SC_405341,A,A,1,json,"{
  ""answer"": ""A""
}",p1_format
5796,1159,Mercury_SC_405341,A,A,1,json,"{""answer"": ""A""}",p1_format_soft
5797,1159,Mercury_SC_405341,A,A,1,heuristic,A,p2_complexity
5798,1159,Mercury_SC_405341,A,A,1,heuristic,A,p4_role
5799,1159,Mercury_SC_405341,A,A,1,heuristic,A,p5_fewshot
5800,1160,Mercury_7283833,B,B,1,json,"{
  ""answer"": ""B""
}",p1_format
5801,1160,Mercury_7283833,B,B,1,json,"{""answer"": ""B""}",p1_format_soft
5802,1160,Mercury_7283833,B,B,1,heuristic,B,p2_complexity
5803,1160,Mercury_7283833,B,B,1,heuristic,B,p4_role
5804,1160,Mercury_7283833,B,B,1,heuristic,Answer: B,p5_fewshot
5805,1161,Mercury_7159303,A,A,1,json,"{
  ""answer"": ""A""
}",p1_format
5806,1161,Mercury_7159303,A,A,1,json,"{""answer"": ""A""}",p1_format_soft
5807,1161,Mercury_7159303,A,A,1,heuristic,A,p2_complexity
5808,1161,Mercury_7159303,A,A,1,heuristic,A,p4_role
5809,1161,Mercury_7159303,A,A,1,heuristic,A,p5_fewshot
5810,1162,Mercury_406427,C,C,1,json,"{
  ""answer"": ""C""
}",p1_format
5811,1162,Mercury_406427,C,C,1,json,"{""answer"": ""C""}",p1_format_soft
5812,1162,Mercury_406427,C,C,1,heuristic,C,p2_complexity
5813,1162,Mercury_406427,C,C,1,heuristic,C,p4_role
5814,1162,Mercury_406427,C,C,1,heuristic,C,p5_fewshot
5815,1163,Mercury_SC_414129,B,B,1,json,"{
  ""answer"": ""B""
}",p1_format
5816,1163,Mercury_SC_414129,B,B,1,json,"{""answer"": ""B""}",p1_format_soft
5817,1163,Mercury_SC_414129,B,B,1,heuristic,B,p2_complexity
5818,1163,Mercury_SC_414129,B,B,1,heuristic,B,p4_role
5819,1163,Mercury_SC_414129,B,B,1,heuristic,Answer: B,p5_fewshot
5820,1164,Mercury_7108990,A,A,1,json,"{
  ""answer"": ""A""
}",p1_format
5821,1164,Mercury_7108990,A,A,1,json,"{""answer"": ""A""}",p1_format_soft
5822,1164,Mercury_7108990,A,A,1,heuristic,A,p2_complexity
5823,1164,Mercury_7108990,A,A,1,heuristic,A,p4_role
5824,1164,Mercury_7108990,A,A,1,heuristic,Answer: A,p5_fewshot
5825,1165,Mercury_SC_407315,A,A,1,json,"{""answer"": ""A""}",p1_format
5826,1165,Mercury_SC_407315,A,D,0,json,"{""answer"": ""D""}",p1_format_soft
5827,1165,Mercury_SC_407315,A,D,0,heuristic,D,p2_complexity
5828,1165,Mercury_SC_407315,A,D,0,heuristic,D,p4_role
5829,1165,Mercury_SC_407315,A,D,0,heuristic,Answer: D,p5_fewshot
5830,1166,Mercury_SC_408663,B,B,1,json,"{
  ""answer"": ""B""
}",p1_format
5831,1166,Mercury_SC_408663,B,B,1,json,"{""answer"": ""B""}",p1_format_soft
5832,1166,Mercury_SC_408663,B,B,1,heuristic,B,p2_complexity
5833,1166,Mercury_SC_408663,B,B,1,heuristic,B,p4_role
5834,1166,Mercury_SC_408663,B,B,1,heuristic,Answer: B,p5_fewshot
5835,1167,MEA_2013_8_18,A,A,1,json,"{
  ""answer"": ""A""
}",p1_format
5836,1167,MEA_2013_8_18,A,A,1,json,"{""answer"": ""A""}",p1_format_soft
5837,1167,MEA_2013_8_18,A,A,1,heuristic,A,p2_complexity
5838,1167,MEA_2013_8_18,A,A,1,heuristic,A,p4_role
5839,1167,MEA_2013_8_18,A,A,1,heuristic,Answer: A,p5_fewshot
5840,1168,Mercury_7111125,A,A,1,json,"{
  ""answer"": ""A""
}",p1_format
5841,1168,Mercury_7111125,A,A,1,json,"{""answer"": ""A""}",p1_format_soft
5842,1168,Mercury_7111125,A,A,1,heuristic,A,p2_complexity
5843,1168,Mercury_7111125,A,A,1,heuristic,A,p4_role
5844,1168,Mercury_7111125,A,A,1,heuristic,A,p5_fewshot
5845,1169,LEAP_2009_8_10430,A,A,1,json,"{
  ""answer"": ""A""
}",p1_format
5846,1169,LEAP_2009_8_10430,A,A,1,json,"{""answer"": ""A""}",p1_format_soft
5847,1169,LEAP_2009_8_10430,A,A,1,heuristic,A,p2_complexity
5848,1169,LEAP_2009_8_10430,A,A,1,heuristic,A,p4_role
5849,1169,LEAP_2009_8_10430,A,A,1,heuristic,A,p5_fewshot
5850,1170,Mercury_7165218,D,D,1,json,"{
  ""answer"": ""D""
}",p1_format
5851,1170,Mercury_7165218,D,D,1,json,"{""answer"": ""D""}",p1_format_soft
5852,1170,Mercury_7165218,D,D,1,heuristic,D,p2_complexity
5853,1170,Mercury_7165218,D,D,1,heuristic,D,p4_role
5854,1170,Mercury_7165218,D,D,1,heuristic,D,p5_fewshot
5855,1171,MEA_2013_8_15,A,A,1,json,"{
  ""answer"": ""A""
}",p1_format
5856,1171,MEA_2013_8_15,A,A,1,json,"{""answer"": ""A""}",p1_format_soft
5857,1171,MEA_2013_8_15,A,A,1,heuristic,A,p2_complexity
5858,1171,MEA_2013_8_15,A,A,1,heuristic,A,p4_role
5859,1171,MEA_2013_8_15,A,A,1,heuristic,Answer: A,p5_fewshot
