custom_id,unique_id,full_name,perturbation_type,gold,predicted,finish_reason,correct
0,ll_0000,Miguel Ortiz,p1_format,lz,lz,stop,1
1,ll_0000,Miguel Ortiz,p1_format_soft,lz,lz,stop,1
2,ll_0000,Miguel Ortiz,p2_complexity,lz,lz,stop,1
3,ll_0000,Miguel Ortiz,p4_role,lz,lz,stop,1
4,ll_0000,Miguel Ortiz,p5_fewshot,lz,lz,stop,1
5,ll_0001,Angela Vega,p1_format,aa,aa,stop,1
6,ll_0001,Angela Vega,p1_format_soft,aa,aa,stop,1
7,ll_0001,Angela Vega,p2_complexity,aa,aa,stop,1
8,ll_0001,Angela Vega,p4_role,aa,aa,stop,1
9,ll_0001,Angela Vega,p5_fewshot,aa,aa,stop,1
10,ll_0002,Angel Perez,p1_format,lz,lz,stop,1
11,ll_0002,Angel Perez,p1_format_soft,lz,lz,stop,1
12,ll_0002,Angel Perez,p2_complexity,lz,lz,stop,1
13,ll_0002,Angel Perez,p4_role,lz,lz,stop,1
14,ll_0002,Angel Perez,p5_fewshot,lz,lz,stop,1
15,ll_0003,Anthony Gonzales,p1_format,ys,ys,stop,1
16,ll_0003,Anthony Gonzales,p1_format_soft,ys,ys,stop,1
17,ll_0003,Anthony Gonzales,p2_complexity,ys,ys,stop,1
18,ll_0003,Anthony Gonzales,p4_role,ys,ys,stop,1
19,ll_0003,Anthony Gonzales,p5_fewshot,ys,ys,stop,1
20,ll_0004,John Salazar,p1_format,nr,nr,stop,1
21,ll_0004,John Salazar,p1_format_soft,nr,nr,stop,1
22,ll_0004,John Salazar,p2_complexity,nr,nr,stop,1
23,ll_0004,John Salazar,p4_role,nr,nr,stop,1
24,ll_0004,John Salazar,p5_fewshot,nr,nr,stop,1
25,ll_0005,Tony Vega,p1_format,ya,ya,stop,1
26,ll_0005,Tony Vega,p1_format_soft,ya,ya,stop,1
27,ll_0005,Tony Vega,p2_complexity,ya,ya,stop,1
28,ll_0005,Tony Vega,p4_role,ya,ya,stop,1
29,ll_0005,Tony Vega,p5_fewshot,ya,ya,stop,1
30,ll_0006,Ashley Herrera,p1_format,ya,ya,stop,1
31,ll_0006,Ashley Herrera,p1_format_soft,ya,ya,stop,1
32,ll_0006,Ashley Herrera,p2_complexity,ya,ya,stop,1
33,ll_0006,Ashley Herrera,p4_role,ya,ya,stop,1
34,ll_0006,Ashley Herrera,p5_fewshot,ya,ya,stop,1
35,ll_0007,Brandon Harris,p1_format,ns,ns,stop,1
36,ll_0007,Brandon Harris,p1_format_soft,ns,ns,stop,1
37,ll_0007,Brandon Harris,p2_complexity,ns,ns,stop,1
38,ll_0007,Brandon Harris,p4_role,ns,ns,stop,1
39,ll_0007,Brandon Harris,p5_fewshot,ns,ns,stop,1
40,ll_0008,Veronica Garza,p1_format,aa,aa,stop,1
41,ll_0008,Veronica Garza,p1_format_soft,aa,aa,stop,1
42,ll_0008,Veronica Garza,p2_complexity,aa,aa,stop,1
43,ll_0008,Veronica Garza,p4_role,aa,aa,stop,1
44,ll_0008,Veronica Garza,p5_fewshot,aa,aa,stop,1
45,ll_0009,Anna Vazquez,p1_format,az,az,stop,1
46,ll_0009,Anna Vazquez,p1_format_soft,az,az,stop,1
47,ll_0009,Anna Vazquez,p2_complexity,az,az,stop,1
48,ll_0009,Anna Vazquez,p4_role,az,az,stop,1
49,ll_0009,Anna Vazquez,p5_fewshot,az,az,stop,1
50,ll_0010,Maria Adams,p1_format,as,as,stop,1
51,ll_0010,Maria Adams,p1_format_soft,as,as,stop,1
52,ll_0010,Maria Adams,p2_complexity,as,as,stop,1
53,ll_0010,Maria Adams,p4_role,as,as,stop,1
54,ll_0010,Maria Adams,p5_fewshot,as,as,stop,1
55,ll_0011,Cindy Garza,p1_format,ya,ya,stop,1
56,ll_0011,Cindy Garza,p1_format_soft,ya,ya,stop,1
57,ll_0011,Cindy Garza,p2_complexity,ya,ya,stop,1
58,ll_0011,Cindy Garza,p4_role,ya,ya,stop,1
59,ll_0011,Cindy Garza,p5_fewshot,ya,ya,stop,1
60,ll_0012,Martha Soto,p1_format,ao,ao,stop,1
61,ll_0012,Martha Soto,p1_format_soft,ao,ao,stop,1
62,ll_0012,Martha Soto,p2_complexity,ao,ao,stop,1
63,ll_0012,Martha Soto,p4_role,ao,ao,stop,1
64,ll_0012,Martha Soto,p5_fewshot,ao,ao,stop,1
65,ll_0013,Scott Johnson,p1_format,tn,tn,stop,1
66,ll_0013,Scott Johnson,p1_format_soft,tn,tn,stop,1
67,ll_0013,Scott Johnson,p2_complexity,tn,tn,stop,1
68,ll_0013,Scott Johnson,p4_role,tn,tn,stop,1
69,ll_0013,Scott Johnson,p5_fewshot,tn,tn,stop,1
70,ll_0014,Samantha Anderson,p1_format,an,an,stop,1
71,ll_0014,Samantha Anderson,p1_format_soft,an,an,stop,1
72,ll_0014,Samantha Anderson,p2_complexity,an,an,stop,1
73,ll_0014,Samantha Anderson,p4_role,an,an,stop,1
74,ll_0014,Samantha Anderson,p5_fewshot,an,an,stop,1
75,ll_0015,Javier Maldonado,p1_format,ro,ro,stop,1
76,ll_0015,Javier Maldonado,p1_format_soft,ro,ro,stop,1
77,ll_0015,Javier Maldonado,p2_complexity,ro,ro,stop,1
78,ll_0015,Javier Maldonado,p4_role,ro,ro,stop,1
79,ll_0015,Javier Maldonado,p5_fewshot,ro,ro,stop,1
80,ll_0016,Linda King,p1_format,ag,ag,stop,1
81,ll_0016,Linda King,p1_format_soft,ag,ag,stop,1
82,ll_0016,Linda King,p2_complexity,ag,ag,stop,1
83,ll_0016,Linda King,p4_role,ag,ag,stop,1
84,ll_0016,Linda King,p5_fewshot,ag,ag,stop,1
85,ll_0017,Angel Contreras,p1_format,ls,ls,stop,1
86,ll_0017,Angel Contreras,p1_format_soft,ls,ls,stop,1
87,ll_0017,Angel Contreras,p2_complexity,ls,ls,stop,1
88,ll_0017,Angel Contreras,p4_role,ls,ls,stop,1
89,ll_0017,Angel Contreras,p5_fewshot,ls,ls,stop,1
90,ll_0018,Carmen Reyes,p1_format,ns,ns,stop,1
91,ll_0018,Carmen Reyes,p1_format_soft,ns,ns,stop,1
92,ll_0018,Carmen Reyes,p2_complexity,ns,ns,stop,1
93,ll_0018,Carmen Reyes,p4_role,ns,ns,stop,1
94,ll_0018,Carmen Reyes,p5_fewshot,ns,ns,stop,1
95,ll_0019,Samantha Harris,p1_format,as,as,stop,1
96,ll_0019,Samantha Harris,p1_format_soft,as,as,stop,1
97,ll_0019,Samantha Harris,p2_complexity,as,as,stop,1
98,ll_0019,Samantha Harris,p4_role,as,as,stop,1
99,ll_0019,Samantha Harris,p5_fewshot,as,as,stop,1
100,ll_0020,Kimberly Diaz,p1_format,yz,yz,stop,1
101,ll_0020,Kimberly Diaz,p1_format_soft,yz,yz,stop,1
102,ll_0020,Kimberly Diaz,p2_complexity,yz,yz,stop,1
103,ll_0020,Kimberly Diaz,p4_role,yz,yz,stop,1
104,ll_0020,Kimberly Diaz,p5_fewshot,yz,yz,stop,1
105,ll_0021,Christopher Vazquez,p1_format,rz,rz,stop,1
106,ll_0021,Christopher Vazquez,p1_format_soft,rz,rz,stop,1
107,ll_0021,Christopher Vazquez,p2_complexity,rz,rz,stop,1
108,ll_0021,Christopher Vazquez,p4_role,rz,rz,stop,1
109,ll_0021,Christopher Vazquez,p5_fewshot,rz,rz,stop,1
110,ll_0022,Carmen Rivera,p1_format,na,na,stop,1
111,ll_0022,Carmen Rivera,p1_format_soft,na,na,stop,1
112,ll_0022,Carmen Rivera,p2_complexity,na,na,stop,1
113,ll_0022,Carmen Rivera,p4_role,na,na,stop,1
114,ll_0022,Carmen Rivera,p5_fewshot,na,na,stop,1
115,ll_0023,Amy Herrera,p1_format,ya,ya,stop,1
116,ll_0023,Amy Herrera,p1_format_soft,ya,ya,stop,1
117,ll_0023,Amy Herrera,p2_complexity,ya,ya,stop,1
118,ll_0023,Amy Herrera,p4_role,ya,ya,stop,1
119,ll_0023,Amy Herrera,p5_fewshot,ya,ya,stop,1
120,ll_0024,Luis Lewis,p1_format,ss,ss,stop,1
121,ll_0024,Luis Lewis,p1_format_soft,ss,ss,stop,1
122,ll_0024,Luis Lewis,p2_complexity,ss,ss,stop,1
123,ll_0024,Luis Lewis,p4_role,ss,ss,stop,1
124,ll_0024,Luis Lewis,p5_fewshot,ss,ss,stop,1
125,ll_0025,Joe James,p1_format,es,es,stop,1
126,ll_0025,Joe James,p1_format_soft,es,es,stop,1
127,ll_0025,Joe James,p2_complexity,es,es,stop,1
128,ll_0025,Joe James,p4_role,es,es,stop,1
129,ll_0025,Joe James,p5_fewshot,es,es,stop,1
130,ll_0026,Cindy Silva,p1_format,ya,ya,stop,1
131,ll_0026,Cindy Silva,p1_format_soft,ya,ya,stop,1
132,ll_0026,Cindy Silva,p2_complexity,ya,ya,stop,1
133,ll_0026,Cindy Silva,p4_role,ya,ya,stop,1
134,ll_0026,Cindy Silva,p5_fewshot,ya,ya,stop,1
135,ll_0027,Joseph Santiago,p1_format,ho,ho,stop,1
136,ll_0027,Joseph Santiago,p1_format_soft,ho,ho,stop,1
137,ll_0027,Joseph Santiago,p2_complexity,ho,ho,stop,1
138,ll_0027,Joseph Santiago,p4_role,ho,ho,stop,1
139,ll_0027,Joseph Santiago,p5_fewshot,ho,ho,stop,1
140,ll_0028,Paul Wright,p1_format,lt,lt,stop,1
141,ll_0028,Paul Wright,p1_format_soft,lt,lt,stop,1
142,ll_0028,Paul Wright,p2_complexity,lt,lt,stop,1
143,ll_0028,Paul Wright,p4_role,lt,lt,stop,1
144,ll_0028,Paul Wright,p5_fewshot,lt,lt,stop,1
145,ll_0029,Jonathan Hernandez,p1_format,nz,nz,stop,1
146,ll_0029,Jonathan Hernandez,p1_format_soft,nz,nz,stop,1
147,ll_0029,Jonathan Hernandez,p2_complexity,nz,nz,stop,1
148,ll_0029,Jonathan Hernandez,p4_role,nz,nz,stop,1
149,ll_0029,Jonathan Hernandez,p5_fewshot,nz,nz,stop,1
150,ll_0030,Michael Walker,p1_format,lr,lr,stop,1
151,ll_0030,Michael Walker,p1_format_soft,lr,lr,stop,1
152,ll_0030,Michael Walker,p2_complexity,lr,lr,stop,1
153,ll_0030,Michael Walker,p4_role,lr,lr,stop,1
154,ll_0030,Michael Walker,p5_fewshot,lr,lr,stop,1
155,ll_0031,Teresa Scott,p1_format,at,at,stop,1
156,ll_0031,Teresa Scott,p1_format_soft,at,at,stop,1
157,ll_0031,Teresa Scott,p2_complexity,at,at,stop,1
158,ll_0031,Teresa Scott,p4_role,at,at,stop,1
159,ll_0031,Teresa Scott,p5_fewshot,at,at,stop,1
160,ll_0032,Laura Estrada,p1_format,aa,aa,stop,1
161,ll_0032,Laura Estrada,p1_format_soft,aa,aa,stop,1
162,ll_0032,Laura Estrada,p2_complexity,aa,aa,stop,1
163,ll_0032,Laura Estrada,p4_role,aa,aa,stop,1
164,ll_0032,Laura Estrada,p5_fewshot,aa,aa,stop,1
165,ll_0033,Jesus Williams,p1_format,ss,ss,stop,1
166,ll_0033,Jesus Williams,p1_format_soft,ss,ss,stop,1
167,ll_0033,Jesus Williams,p2_complexity,ss,ss,stop,1
168,ll_0033,Jesus Williams,p4_role,ss,ss,stop,1
169,ll_0033,Jesus Williams,p5_fewshot,ss,ss,stop,1
170,ll_0034,Emily Romero,p1_format,yo,yo,stop,1
171,ll_0034,Emily Romero,p1_format_soft,yo,yo,stop,1
172,ll_0034,Emily Romero,p2_complexity,yo,yo,stop,1
173,ll_0034,Emily Romero,p4_role,yo,yo,stop,1
174,ll_0034,Emily Romero,p5_fewshot,yo,yo,stop,1
175,ll_0035,Joseph Hill,p1_format,hl,hl,stop,1
176,ll_0035,Joseph Hill,p1_format_soft,hl,hl,stop,1
177,ll_0035,Joseph Hill,p2_complexity,hl,hl,stop,1
178,ll_0035,Joseph Hill,p4_role,hl,hl,stop,1
179,ll_0035,Joseph Hill,p5_fewshot,hl,sl,stop,0
180,ll_0036,Maria Sandoval,p1_format,al,al,stop,1
181,ll_0036,Maria Sandoval,p1_format_soft,al,al,stop,1
182,ll_0036,Maria Sandoval,p2_complexity,al,al,stop,1
183,ll_0036,Maria Sandoval,p4_role,al,al,stop,1
184,ll_0036,Maria Sandoval,p5_fewshot,al,al,stop,1
185,ll_0037,Teresa Davis,p1_format,as,as,stop,1
186,ll_0037,Teresa Davis,p1_format_soft,as,as,stop,1
187,ll_0037,Teresa Davis,p2_complexity,as,as,stop,1
188,ll_0037,Teresa Davis,p4_role,as,as,stop,1
189,ll_0037,Teresa Davis,p5_fewshot,as,as,stop,1
190,ll_0038,Maria Lewis,p1_format,as,as,stop,1
191,ll_0038,Maria Lewis,p1_format_soft,as,as,stop,1
192,ll_0038,Maria Lewis,p2_complexity,as,as,stop,1
193,ll_0038,Maria Lewis,p4_role,as,as,stop,1
194,ll_0038,Maria Lewis,p5_fewshot,as,as,stop,1
195,ll_0039,Luis Diaz,p1_format,sz,sz,stop,1
196,ll_0039,Luis Diaz,p1_format_soft,sz,sz,stop,1
197,ll_0039,Luis Diaz,p2_complexity,sz,sz,stop,1
198,ll_0039,Luis Diaz,p4_role,sz,sz,stop,1
199,ll_0039,Luis Diaz,p5_fewshot,sz,sz,stop,1
200,ll_0040,Paul Fernandez,p1_format,lz,lz,stop,1
201,ll_0040,Paul Fernandez,p1_format_soft,lz,lz,stop,1
202,ll_0040,Paul Fernandez,p2_complexity,lz,lz,stop,1
203,ll_0040,Paul Fernandez,p4_role,lz,lz,stop,1
204,ll_0040,Paul Fernandez,p5_fewshot,lz,lz,stop,1
205,ll_0041,Francisco Reyes,p1_format,os,os,stop,1
206,ll_0041,Francisco Reyes,p1_format_soft,os,os,stop,1
207,ll_0041,Francisco Reyes,p2_complexity,os,os,stop,1
208,ll_0041,Francisco Reyes,p4_role,os,os,stop,1
209,ll_0041,Francisco Reyes,p5_fewshot,os,os,stop,1
210,ll_0042,Lisa Campbell,p1_format,al,al,stop,1
211,ll_0042,Lisa Campbell,p1_format_soft,al,al,stop,1
212,ll_0042,Lisa Campbell,p2_complexity,al,al,stop,1
213,ll_0042,Lisa Campbell,p4_role,al,al,stop,1
214,ll_0042,Lisa Campbell,p5_fewshot,al,al,stop,1
215,ll_0043,Barbara Cruz,p1_format,az,az,stop,1
216,ll_0043,Barbara Cruz,p1_format_soft,az,az,stop,1
217,ll_0043,Barbara Cruz,p2_complexity,az,az,stop,1
218,ll_0043,Barbara Cruz,p4_role,az,az,stop,1
219,ll_0043,Barbara Cruz,p5_fewshot,az,az,stop,1
220,ll_0044,Michelle Ortega,p1_format,ea,ea,stop,1
221,ll_0044,Michelle Ortega,p1_format_soft,ea,ea,stop,1
222,ll_0044,Michelle Ortega,p2_complexity,ea,ea,stop,1
223,ll_0044,Michelle Ortega,p4_role,ea,ea,stop,1
224,ll_0044,Michelle Ortega,p5_fewshot,ea,ea,stop,1
225,ll_0045,Jorge Allen,p1_format,en,en,stop,1
226,ll_0045,Jorge Allen,p1_format_soft,en,en,stop,1
227,ll_0045,Jorge Allen,p2_complexity,en,en,stop,1
228,ll_0045,Jorge Allen,p4_role,en,en,stop,1
229,ll_0045,Jorge Allen,p5_fewshot,en,en,stop,1
230,ll_0046,Mark Jackson,p1_format,kn,kn,stop,1
231,ll_0046,Mark Jackson,p1_format_soft,kn,kn,stop,1
232,ll_0046,Mark Jackson,p2_complexity,kn,kn,stop,1
233,ll_0046,Mark Jackson,p4_role,kn,kn,stop,1
234,ll_0046,Mark Jackson,p5_fewshot,kn,kn,stop,1
235,ll_0047,Miguel Robinson,p1_format,ln,ln,stop,1
236,ll_0047,Miguel Robinson,p1_format_soft,ln,ln,stop,1
237,ll_0047,Miguel Robinson,p2_complexity,ln,ln,stop,1
238,ll_0047,Miguel Robinson,p4_role,ln,ln,stop,1
239,ll_0047,Miguel Robinson,p5_fewshot,ln,ln,stop,1
240,ll_0048,Ryan Santiago,p1_format,no,no,stop,1
241,ll_0048,Ryan Santiago,p1_format_soft,no,no,stop,1
242,ll_0048,Ryan Santiago,p2_complexity,no,no,stop,1
243,ll_0048,Ryan Santiago,p4_role,no,no,stop,1
244,ll_0048,Ryan Santiago,p5_fewshot,no,no,stop,1
245,ll_0049,Mary Reyes,p1_format,ys,ys,stop,1
246,ll_0049,Mary Reyes,p1_format_soft,ys,ys,stop,1
247,ll_0049,Mary Reyes,p2_complexity,ys,ys,stop,1
248,ll_0049,Mary Reyes,p4_role,ys,ys,stop,1
249,ll_0049,Mary Reyes,p5_fewshot,ys,ys,stop,1
250,ll_0050,Antonio Hernandez,p1_format,oz,oz,stop,1
251,ll_0050,Antonio Hernandez,p1_format_soft,oz,oz,stop,1
252,ll_0050,Antonio Hernandez,p2_complexity,oz,oz,stop,1
253,ll_0050,Antonio Hernandez,p4_role,oz,oz,stop,1
254,ll_0050,Antonio Hernandez,p5_fewshot,oz,oz,stop,1
255,ll_0051,Michelle Fernandez,p1_format,ez,ez,stop,1
256,ll_0051,Michelle Fernandez,p1_format_soft,ez,ez,stop,1
257,ll_0051,Michelle Fernandez,p2_complexity,ez,ez,stop,1
258,ll_0051,Michelle Fernandez,p4_role,ez,ez,stop,1
259,ll_0051,Michelle Fernandez,p5_fewshot,ez,ez,stop,1
260,ll_0052,Claudia Guerrero,p1_format,ao,ao,stop,1
261,ll_0052,Claudia Guerrero,p1_format_soft,ao,ao,stop,1
262,ll_0052,Claudia Guerrero,p2_complexity,ao,ao,stop,1
263,ll_0052,Claudia Guerrero,p4_role,ao,ao,stop,1
264,ll_0052,Claudia Guerrero,p5_fewshot,ao,ao,stop,1
265,ll_0053,Anthony Rios,p1_format,ys,ys,stop,1
266,ll_0053,Anthony Rios,p1_format_soft,ys,ys,stop,1
267,ll_0053,Anthony Rios,p2_complexity,ys,ys,stop,1
268,ll_0053,Anthony Rios,p4_role,ys,ys,stop,1
269,ll_0053,Anthony Rios,p5_fewshot,ys,ys,stop,1
270,ll_0054,Chris Sandoval,p1_format,sl,sl,stop,1
271,ll_0054,Chris Sandoval,p1_format_soft,sl,sl,stop,1
272,ll_0054,Chris Sandoval,p2_complexity,sl,sl,stop,1
273,ll_0054,Chris Sandoval,p4_role,sl,sl,stop,1
274,ll_0054,Chris Sandoval,p5_fewshot,sl,sl,stop,1
275,ll_0055,Alex Rodriguez,p1_format,xz,xz,stop,1
276,ll_0055,Alex Rodriguez,p1_format_soft,xz,xz,stop,1
277,ll_0055,Alex Rodriguez,p2_complexity,xz,xz,stop,1
278,ll_0055,Alex Rodriguez,p4_role,xz,xz,stop,1
279,ll_0055,Alex Rodriguez,p5_fewshot,xz,xz,stop,1
280,ll_0056,Maria Patel,p1_format,al,al,stop,1
281,ll_0056,Maria Patel,p1_format_soft,al,al,stop,1
282,ll_0056,Maria Patel,p2_complexity,al,al,stop,1
283,ll_0056,Maria Patel,p4_role,al,al,stop,1
284,ll_0056,Maria Patel,p5_fewshot,al,al,stop,1
285,ll_0057,Eric Ramirez,p1_format,cz,cz,stop,1
286,ll_0057,Eric Ramirez,p1_format_soft,cz,cz,stop,1
287,ll_0057,Eric Ramirez,p2_complexity,cz,cz,stop,1
288,ll_0057,Eric Ramirez,p4_role,cz,cz,stop,1
289,ll_0057,Eric Ramirez,p5_fewshot,cz,cz,stop,1
290,ll_0058,Michelle Romero,p1_format,eo,eo,stop,1
291,ll_0058,Michelle Romero,p1_format_soft,eo,eo,stop,1
292,ll_0058,Michelle Romero,p2_complexity,eo,eo,stop,1
293,ll_0058,Michelle Romero,p4_role,eo,eo,stop,1
294,ll_0058,Michelle Romero,p5_fewshot,eo,eo,stop,1
295,ll_0059,David Nelson,p1_format,dn,dn,stop,1
296,ll_0059,David Nelson,p1_format_soft,dn,dn,stop,1
297,ll_0059,David Nelson,p2_complexity,dn,dn,stop,1
298,ll_0059,David Nelson,p4_role,dn,dn,stop,1
299,ll_0059,David Nelson,p5_fewshot,dn,dn,stop,1
300,ll_0060,Scott Rojas,p1_format,ts,ts,stop,1
301,ll_0060,Scott Rojas,p1_format_soft,ts,ts,stop,1
302,ll_0060,Scott Rojas,p2_complexity,ts,ts,stop,1
303,ll_0060,Scott Rojas,p4_role,ts,ts,stop,1
304,ll_0060,Scott Rojas,p5_fewshot,ts,ts,stop,1
305,ll_0061,David Johnson,p1_format,dn,dn,stop,1
306,ll_0061,David Johnson,p1_format_soft,dn,dn,stop,1
307,ll_0061,David Johnson,p2_complexity,dn,dn,stop,1
308,ll_0061,David Johnson,p4_role,dn,dn,stop,1
309,ll_0061,David Johnson,p5_fewshot,dn,dn,stop,1
310,ll_0062,Stephanie Mendoza,p1_format,ea,ea,stop,1
311,ll_0062,Stephanie Mendoza,p1_format_soft,ea,ea,stop,1
312,ll_0062,Stephanie Mendoza,p2_complexity,ea,ea,stop,1
313,ll_0062,Stephanie Mendoza,p4_role,ea,ea,stop,1
314,ll_0062,Stephanie Mendoza,p5_fewshot,ea,ea,stop,1
315,ll_0063,Mario Gutierrez,p1_format,oz,oz,stop,1
316,ll_0063,Mario Gutierrez,p1_format_soft,oz,oz,stop,1
317,ll_0063,Mario Gutierrez,p2_complexity,oz,oz,stop,1
318,ll_0063,Mario Gutierrez,p4_role,oz,oz,stop,1
319,ll_0063,Mario Gutierrez,p5_fewshot,oz,oz,stop,1
320,ll_0064,Oscar Silva,p1_format,ra,ra,stop,1
321,ll_0064,Oscar Silva,p1_format_soft,ra,ra,stop,1
322,ll_0064,Oscar Silva,p2_complexity,ra,ra,stop,1
323,ll_0064,Oscar Silva,p4_role,ra,ra,stop,1
324,ll_0064,Oscar Silva,p5_fewshot,ra,ra,stop,1
325,ll_0065,Mike Perez,p1_format,ez,ez,stop,1
326,ll_0065,Mike Perez,p1_format_soft,ez,ez,stop,1
327,ll_0065,Mike Perez,p2_complexity,ez,ez,stop,1
328,ll_0065,Mike Perez,p4_role,ez,ez,stop,1
329,ll_0065,Mike Perez,p5_fewshot,ez,ez,stop,1
330,ll_0066,Rachel Guerrero,p1_format,lo,lo,stop,1
331,ll_0066,Rachel Guerrero,p1_format_soft,lo,lo,stop,1
332,ll_0066,Rachel Guerrero,p2_complexity,lo,lo,stop,1
333,ll_0066,Rachel Guerrero,p4_role,lo,lo,stop,1
334,ll_0066,Rachel Guerrero,p5_fewshot,lo,lo,stop,1
335,ll_0067,Ryan Silva,p1_format,na,na,stop,1
336,ll_0067,Ryan Silva,p1_format_soft,na,na,stop,1
337,ll_0067,Ryan Silva,p2_complexity,na,na,stop,1
338,ll_0067,Ryan Silva,p4_role,na,na,stop,1
339,ll_0067,Ryan Silva,p5_fewshot,na,na,stop,1
340,ll_0068,Rachel Castro,p1_format,lo,lo,stop,1
341,ll_0068,Rachel Castro,p1_format_soft,lo,lo,stop,1
342,ll_0068,Rachel Castro,p2_complexity,lo,lo,stop,1
343,ll_0068,Rachel Castro,p4_role,lo,lo,stop,1
344,ll_0068,Rachel Castro,p5_fewshot,lo,lo,stop,1
345,ll_0069,Brian Castro,p1_format,no,no,stop,1
346,ll_0069,Brian Castro,p1_format_soft,no,no,stop,1
347,ll_0069,Brian Castro,p2_complexity,no,no,stop,1
348,ll_0069,Brian Castro,p4_role,no,no,stop,1
349,ll_0069,Brian Castro,p5_fewshot,no,no,stop,1
350,ll_0070,Jennifer Estrada,p1_format,ra,ra,stop,1
351,ll_0070,Jennifer Estrada,p1_format_soft,ra,ra,stop,1
352,ll_0070,Jennifer Estrada,p2_complexity,ra,ra,stop,1
353,ll_0070,Jennifer Estrada,p4_role,ra,ra,stop,1
354,ll_0070,Jennifer Estrada,p5_fewshot,ra,ra,stop,1
355,ll_0071,Anthony Gonzales,p1_format,ys,ys,stop,1
356,ll_0071,Anthony Gonzales,p1_format_soft,ys,ys,stop,1
357,ll_0071,Anthony Gonzales,p2_complexity,ys,ys,stop,1
358,ll_0071,Anthony Gonzales,p4_role,ys,ys,stop,1
359,ll_0071,Anthony Gonzales,p5_fewshot,ys,ys,stop,1
360,ll_0072,Sandra Lopez,p1_format,az,ap,stop,0
361,ll_0072,Sandra Lopez,p1_format_soft,az,az,stop,1
362,ll_0072,Sandra Lopez,p2_complexity,az,az,stop,1
363,ll_0072,Sandra Lopez,p4_role,az,az,stop,1
364,ll_0072,Sandra Lopez,p5_fewshot,az,az,stop,1
365,ll_0073,Anna Medina,p1_format,aa,aa,stop,1
366,ll_0073,Anna Medina,p1_format_soft,aa,aa,stop,1
367,ll_0073,Anna Medina,p2_complexity,aa,aa,stop,1
368,ll_0073,Anna Medina,p4_role,aa,aa,stop,1
369,ll_0073,Anna Medina,p5_fewshot,aa,aa,stop,1
370,ll_0074,Kevin Ortiz,p1_format,nz,nz,stop,1
371,ll_0074,Kevin Ortiz,p1_format_soft,nz,nz,stop,1
372,ll_0074,Kevin Ortiz,p2_complexity,nz,nz,stop,1
373,ll_0074,Kevin Ortiz,p4_role,nz,nz,stop,1
374,ll_0074,Kevin Ortiz,p5_fewshot,nz,nz,stop,1
375,ll_0075,Christopher Scott,p1_format,rt,rt,stop,1
376,ll_0075,Christopher Scott,p1_format_soft,rt,rt,stop,1
377,ll_0075,Christopher Scott,p2_complexity,rt,rt,stop,1
378,ll_0075,Christopher Scott,p4_role,rt,rt,stop,1
379,ll_0075,Christopher Scott,p5_fewshot,rt,rt,stop,1
380,ll_0076,Katie Rios,p1_format,es,es,stop,1
381,ll_0076,Katie Rios,p1_format_soft,es,es,stop,1
382,ll_0076,Katie Rios,p2_complexity,es,es,stop,1
383,ll_0076,Katie Rios,p4_role,es,es,stop,1
384,ll_0076,Katie Rios,p5_fewshot,es,es,stop,1
385,ll_0077,Brian White,p1_format,ne,ne,stop,1
386,ll_0077,Brian White,p1_format_soft,ne,ne,stop,1
387,ll_0077,Brian White,p2_complexity,ne,ne,stop,1
388,ll_0077,Brian White,p4_role,ne,ne,stop,1
389,ll_0077,Brian White,p5_fewshot,ne,ne,stop,1
390,ll_0078,Karen Brown,p1_format,nn,nn,stop,1
391,ll_0078,Karen Brown,p1_format_soft,nn,nn,stop,1
392,ll_0078,Karen Brown,p2_complexity,nn,nn,stop,1
393,ll_0078,Karen Brown,p4_role,nn,nn,stop,1
394,ll_0078,Karen Brown,p5_fewshot,nn,nn,stop,1
395,ll_0079,Luis White,p1_format,se,se,stop,1
396,ll_0079,Luis White,p1_format_soft,se,se,stop,1
397,ll_0079,Luis White,p2_complexity,se,se,stop,1
398,ll_0079,Luis White,p4_role,se,se,stop,1
399,ll_0079,Luis White,p5_fewshot,se,se,stop,1
400,ll_0080,Antonio Sanchez,p1_format,oz,oz,stop,1
401,ll_0080,Antonio Sanchez,p1_format_soft,oz,oz,stop,1
402,ll_0080,Antonio Sanchez,p2_complexity,oz,oz,stop,1
403,ll_0080,Antonio Sanchez,p4_role,oz,oz,stop,1
404,ll_0080,Antonio Sanchez,p5_fewshot,oz,oz,stop,1
405,ll_0081,Jessica Walker,p1_format,ar,ar,stop,1
406,ll_0081,Jessica Walker,p1_format_soft,ar,ar,stop,1
407,ll_0081,Jessica Walker,p2_complexity,ar,ar,stop,1
408,ll_0081,Jessica Walker,p4_role,ar,ar,stop,1
409,ll_0081,Jessica Walker,p5_fewshot,ar,ar,stop,1
410,ll_0082,Kelly Rios,p1_format,ys,ys,stop,1
411,ll_0082,Kelly Rios,p1_format_soft,ys,ys,stop,1
412,ll_0082,Kelly Rios,p2_complexity,ys,ys,stop,1
413,ll_0082,Kelly Rios,p4_role,ys,ys,stop,1
414,ll_0082,Kelly Rios,p5_fewshot,ys,ys,stop,1
415,ll_0083,Diana Ortiz,p1_format,az,az,stop,1
416,ll_0083,Diana Ortiz,p1_format_soft,az,az,stop,1
417,ll_0083,Diana Ortiz,p2_complexity,az,az,stop,1
418,ll_0083,Diana Ortiz,p4_role,az,az,stop,1
419,ll_0083,Diana Ortiz,p5_fewshot,az,az,stop,1
420,ll_0084,Jorge Wright,p1_format,et,et,stop,1
421,ll_0084,Jorge Wright,p1_format_soft,et,et,stop,1
422,ll_0084,Jorge Wright,p2_complexity,et,et,stop,1
423,ll_0084,Jorge Wright,p4_role,et,et,stop,1
424,ll_0084,Jorge Wright,p5_fewshot,et,et,stop,1
425,ll_0085,Elizabeth Clark,p1_format,hk,hk,stop,1
426,ll_0085,Elizabeth Clark,p1_format_soft,hk,hk,stop,1
427,ll_0085,Elizabeth Clark,p2_complexity,hk,hk,stop,1
428,ll_0085,Elizabeth Clark,p4_role,hk,hk,stop,1
429,ll_0085,Elizabeth Clark,p5_fewshot,hk,hk,stop,1
430,ll_0086,Gloria Allen,p1_format,an,an,stop,1
431,ll_0086,Gloria Allen,p1_format_soft,an,an,stop,1
432,ll_0086,Gloria Allen,p2_complexity,an,an,stop,1
433,ll_0086,Gloria Allen,p4_role,an,an,stop,1
434,ll_0086,Gloria Allen,p5_fewshot,an,an,stop,1
435,ll_0087,Kimberly Ortiz,p1_format,yz,yz,stop,1
436,ll_0087,Kimberly Ortiz,p1_format_soft,yz,yz,stop,1
437,ll_0087,Kimberly Ortiz,p2_complexity,yz,yz,stop,1
438,ll_0087,Kimberly Ortiz,p4_role,yz,yz,stop,1
439,ll_0087,Kimberly Ortiz,p5_fewshot,yz,yz,stop,1
440,ll_0088,Teresa Khan,p1_format,an,an,stop,1
441,ll_0088,Teresa Khan,p1_format_soft,an,an,stop,1
442,ll_0088,Teresa Khan,p2_complexity,an,an,stop,1
443,ll_0088,Teresa Khan,p4_role,an,an,stop,1
444,ll_0088,Teresa Khan,p5_fewshot,an,an,stop,1
445,ll_0089,Katie Gutierrez,p1_format,ez,ez,stop,1
446,ll_0089,Katie Gutierrez,p1_format_soft,ez,ez,stop,1
447,ll_0089,Katie Gutierrez,p2_complexity,ez,ez,stop,1
448,ll_0089,Katie Gutierrez,p4_role,ez,ez,stop,1
449,ll_0089,Katie Gutierrez,p5_fewshot,ez,ez,stop,1
450,ll_0090,Lauren Garcia,p1_format,na,na,stop,1
451,ll_0090,Lauren Garcia,p1_format_soft,na,na,stop,1
452,ll_0090,Lauren Garcia,p2_complexity,na,na,stop,1
453,ll_0090,Lauren Garcia,p4_role,na,na,stop,1
454,ll_0090,Lauren Garcia,p5_fewshot,na,na,stop,1
455,ll_0091,Diana Silva,p1_format,aa,aa,stop,1
456,ll_0091,Diana Silva,p1_format_soft,aa,aa,stop,1
457,ll_0091,Diana Silva,p2_complexity,aa,aa,stop,1
458,ll_0091,Diana Silva,p4_role,aa,aa,stop,1
459,ll_0091,Diana Silva,p5_fewshot,aa,aa,stop,1
460,ll_0092,Jose Smith,p1_format,eh,eh,stop,1
461,ll_0092,Jose Smith,p1_format_soft,eh,eh,stop,1
462,ll_0092,Jose Smith,p2_complexity,eh,eh,stop,1
463,ll_0092,Jose Smith,p4_role,eh,eh,stop,1
464,ll_0092,Jose Smith,p5_fewshot,eh,eh,stop,1
465,ll_0093,Andrew Adams,p1_format,ws,ws,stop,1
466,ll_0093,Andrew Adams,p1_format_soft,ws,ws,stop,1
467,ll_0093,Andrew Adams,p2_complexity,ws,ws,stop,1
468,ll_0093,Andrew Adams,p4_role,ws,ws,stop,1
469,ll_0093,Andrew Adams,p5_fewshot,ws,ws,stop,1
470,ll_0094,Amy Scott,p1_format,yt,yt,stop,1
471,ll_0094,Amy Scott,p1_format_soft,yt,yt,stop,1
472,ll_0094,Amy Scott,p2_complexity,yt,yt,stop,1
473,ll_0094,Amy Scott,p4_role,yt,yt,stop,1
474,ll_0094,Amy Scott,p5_fewshot,yt,yt,stop,1
475,ll_0095,Susan Fernandez,p1_format,nz,nz,stop,1
476,ll_0095,Susan Fernandez,p1_format_soft,nz,nz,stop,1
477,ll_0095,Susan Fernandez,p2_complexity,nz,nz,stop,1
478,ll_0095,Susan Fernandez,p4_role,nz,nz,stop,1
479,ll_0095,Susan Fernandez,p5_fewshot,nz,nz,stop,1
480,ll_0096,Jose Jackson,p1_format,en,en,stop,1
481,ll_0096,Jose Jackson,p1_format_soft,en,en,stop,1
482,ll_0096,Jose Jackson,p2_complexity,en,en,stop,1
483,ll_0096,Jose Jackson,p4_role,en,en,stop,1
484,ll_0096,Jose Jackson,p5_fewshot,en,en,stop,1
485,ll_0097,William Aguilar,p1_format,mr,nr,stop,0
486,ll_0097,William Aguilar,p1_format_soft,mr,nr,stop,0
487,ll_0097,William Aguilar,p2_complexity,mr,nr,stop,0
488,ll_0097,William Aguilar,p4_role,mr,nr,stop,0
489,ll_0097,William Aguilar,p5_fewshot,mr,mr,stop,1
490,ll_0098,Lisa Smith,p1_format,ah,ah,stop,1
491,ll_0098,Lisa Smith,p1_format_soft,ah,ah,stop,1
492,ll_0098,Lisa Smith,p2_complexity,ah,ah,stop,1
493,ll_0098,Lisa Smith,p4_role,ah,ah,stop,1
494,ll_0098,Lisa Smith,p5_fewshot,ah,ah,stop,1
495,ll_0099,Katie Anderson,p1_format,en,en,stop,1
496,ll_0099,Katie Anderson,p1_format_soft,en,en,stop,1
497,ll_0099,Katie Anderson,p2_complexity,en,en,stop,1
498,ll_0099,Katie Anderson,p4_role,en,en,stop,1
499,ll_0099,Katie Anderson,p5_fewshot,en,en,stop,1
500,ll_0100,Alex Sanchez,p1_format,xz,xz,stop,1
501,ll_0100,Alex Sanchez,p1_format_soft,xz,xz,stop,1
502,ll_0100,Alex Sanchez,p2_complexity,xz,xz,stop,1
503,ll_0100,Alex Sanchez,p4_role,xz,xz,stop,1
504,ll_0100,Alex Sanchez,p5_fewshot,xz,xz,stop,1
505,ll_0101,Lauren White,p1_format,ne,ne,stop,1
506,ll_0101,Lauren White,p1_format_soft,ne,ne,stop,1
507,ll_0101,Lauren White,p2_complexity,ne,ne,stop,1
508,ll_0101,Lauren White,p4_role,ne,ne,stop,1
509,ll_0101,Lauren White,p5_fewshot,ne,ne,stop,1
510,ll_0102,Chris Thomas,p1_format,ss,ss,stop,1
511,ll_0102,Chris Thomas,p1_format_soft,ss,ss,stop,1
512,ll_0102,Chris Thomas,p2_complexity,ss,ss,stop,1
513,ll_0102,Chris Thomas,p4_role,ss,ss,stop,1
514,ll_0102,Chris Thomas,p5_fewshot,ss,ss,stop,1
515,ll_0103,Brenda Ortiz,p1_format,az,az,stop,1
516,ll_0103,Brenda Ortiz,p1_format_soft,az,az,stop,1
517,ll_0103,Brenda Ortiz,p2_complexity,az,az,stop,1
518,ll_0103,Brenda Ortiz,p4_role,az,az,stop,1
519,ll_0103,Brenda Ortiz,p5_fewshot,az,az,stop,1
520,ll_0104,Francisco Mitchell,p1_format,ol,ol,stop,1
521,ll_0104,Francisco Mitchell,p1_format_soft,ol,ol,stop,1
522,ll_0104,Francisco Mitchell,p2_complexity,ol,ol,stop,1
523,ll_0104,Francisco Mitchell,p4_role,ol,ol,stop,1
524,ll_0104,Francisco Mitchell,p5_fewshot,ol,ol,stop,1
525,ll_0105,Jason Rodriguez,p1_format,nz,nz,stop,1
526,ll_0105,Jason Rodriguez,p1_format_soft,nz,nz,stop,1
527,ll_0105,Jason Rodriguez,p2_complexity,nz,nz,stop,1
528,ll_0105,Jason Rodriguez,p4_role,nz,nz,stop,1
529,ll_0105,Jason Rodriguez,p5_fewshot,nz,nz,stop,1
530,ll_0106,Jason Nelson,p1_format,nn,nn,stop,1
531,ll_0106,Jason Nelson,p1_format_soft,nn,nn,stop,1
532,ll_0106,Jason Nelson,p2_complexity,nn,nn,stop,1
533,ll_0106,Jason Nelson,p4_role,nn,nn,stop,1
534,ll_0106,Jason Nelson,p5_fewshot,nn,nn,stop,1
535,ll_0107,Michael Davis,p1_format,ls,ls,stop,1
536,ll_0107,Michael Davis,p1_format_soft,ls,ls,stop,1
537,ll_0107,Michael Davis,p2_complexity,ls,ls,stop,1
538,ll_0107,Michael Davis,p4_role,ls,ls,stop,1
539,ll_0107,Michael Davis,p5_fewshot,ls,ls,stop,1
540,ll_0108,Nancy Thomas,p1_format,ys,ys,stop,1
541,ll_0108,Nancy Thomas,p1_format_soft,ys,ys,stop,1
542,ll_0108,Nancy Thomas,p2_complexity,ys,ys,stop,1
543,ll_0108,Nancy Thomas,p4_role,ys,ys,stop,1
544,ll_0108,Nancy Thomas,p5_fewshot,ys,ys,stop,1
545,ll_0109,Karen Smith,p1_format,nh,nh,stop,1
546,ll_0109,Karen Smith,p1_format_soft,nh,nh,stop,1
547,ll_0109,Karen Smith,p2_complexity,nh,nh,stop,1
548,ll_0109,Karen Smith,p4_role,nh,nh,stop,1
549,ll_0109,Karen Smith,p5_fewshot,nh,nh,stop,1
550,ll_0110,Ryan Sandoval,p1_format,nl,nl,stop,1
551,ll_0110,Ryan Sandoval,p1_format_soft,nl,nl,stop,1
552,ll_0110,Ryan Sandoval,p2_complexity,nl,nl,stop,1
553,ll_0110,Ryan Sandoval,p4_role,nl,nl,stop,1
554,ll_0110,Ryan Sandoval,p5_fewshot,nl,nl,stop,1
555,ll_0111,Carlos Green,p1_format,sn,sn,stop,1
556,ll_0111,Carlos Green,p1_format_soft,sn,sn,stop,1
557,ll_0111,Carlos Green,p2_complexity,sn,sn,stop,1
558,ll_0111,Carlos Green,p4_role,sn,sn,stop,1
559,ll_0111,Carlos Green,p5_fewshot,sn,sn,stop,1
560,ll_0112,Steve Kim,p1_format,em,em,stop,1
561,ll_0112,Steve Kim,p1_format_soft,em,em,stop,1
562,ll_0112,Steve Kim,p2_complexity,em,em,stop,1
563,ll_0112,Steve Kim,p4_role,em,em,stop,1
564,ll_0112,Steve Kim,p5_fewshot,em,em,stop,1
565,ll_0113,Kim Robinson,p1_format,mn,mn,stop,1
566,ll_0113,Kim Robinson,p1_format_soft,mn,mn,stop,1
567,ll_0113,Kim Robinson,p2_complexity,mn,mn,stop,1
568,ll_0113,Kim Robinson,p4_role,mn,mn,stop,1
569,ll_0113,Kim Robinson,p5_fewshot,mn,mn,stop,1
570,ll_0114,Patricia Sanchez,p1_format,az,az,stop,1
571,ll_0114,Patricia Sanchez,p1_format_soft,az,az,stop,1
572,ll_0114,Patricia Sanchez,p2_complexity,az,az,stop,1
573,ll_0114,Patricia Sanchez,p4_role,az,az,stop,1
574,ll_0114,Patricia Sanchez,p5_fewshot,az,az,stop,1
575,ll_0115,Cindy Harris,p1_format,ys,ys,stop,1
576,ll_0115,Cindy Harris,p1_format_soft,ys,ys,stop,1
577,ll_0115,Cindy Harris,p2_complexity,ys,ys,stop,1
578,ll_0115,Cindy Harris,p4_role,ys,ys,stop,1
579,ll_0115,Cindy Harris,p5_fewshot,ys,ys,stop,1
580,ll_0116,David Anderson,p1_format,dn,dn,stop,1
581,ll_0116,David Anderson,p1_format_soft,dn,dn,stop,1
582,ll_0116,David Anderson,p2_complexity,dn,dn,stop,1
583,ll_0116,David Anderson,p4_role,dn,dn,stop,1
584,ll_0116,David Anderson,p5_fewshot,dn,dn,stop,1
585,ll_0117,Elizabeth Santiago,p1_format,ho,ho,stop,1
586,ll_0117,Elizabeth Santiago,p1_format_soft,ho,ho,stop,1
587,ll_0117,Elizabeth Santiago,p2_complexity,ho,ho,stop,1
588,ll_0117,Elizabeth Santiago,p4_role,ho,ho,stop,1
589,ll_0117,Elizabeth Santiago,p5_fewshot,ho,ho,stop,1
590,ll_0118,Claudia Soto,p1_format,ao,ao,stop,1
591,ll_0118,Claudia Soto,p1_format_soft,ao,ao,stop,1
592,ll_0118,Claudia Soto,p2_complexity,ao,ao,stop,1
593,ll_0118,Claudia Soto,p4_role,ao,ao,stop,1
594,ll_0118,Claudia Soto,p5_fewshot,ao,ao,stop,1
595,ll_0119,Scott Mitchell,p1_format,tl,tl,stop,1
596,ll_0119,Scott Mitchell,p1_format_soft,tl,tl,stop,1
597,ll_0119,Scott Mitchell,p2_complexity,tl,tl,stop,1
598,ll_0119,Scott Mitchell,p4_role,tl,tl,stop,1
599,ll_0119,Scott Mitchell,p5_fewshot,tl,tl,stop,1
600,ll_0120,Jennifer Cruz,p1_format,rz,rz,stop,1
601,ll_0120,Jennifer Cruz,p1_format_soft,rz,rz,stop,1
602,ll_0120,Jennifer Cruz,p2_complexity,rz,rz,stop,1
603,ll_0120,Jennifer Cruz,p4_role,rz,rz,stop,1
604,ll_0120,Jennifer Cruz,p5_fewshot,rz,nz,stop,0
605,ll_0121,Sara Mejia,p1_format,aa,aa,stop,1
606,ll_0121,Sara Mejia,p1_format_soft,aa,aa,stop,1
607,ll_0121,Sara Mejia,p2_complexity,aa,aa,stop,1
608,ll_0121,Sara Mejia,p4_role,aa,aa,stop,1
609,ll_0121,Sara Mejia,p5_fewshot,aa,aa,stop,1
610,ll_0122,Robert Alvarez,p1_format,tz,tz,stop,1
611,ll_0122,Robert Alvarez,p1_format_soft,tz,tz,stop,1
612,ll_0122,Robert Alvarez,p2_complexity,tz,tz,stop,1
613,ll_0122,Robert Alvarez,p4_role,tz,tz,stop,1
614,ll_0122,Robert Alvarez,p5_fewshot,tz,tz,stop,1
615,ll_0123,Linda Santos,p1_format,as,as,stop,1
616,ll_0123,Linda Santos,p1_format_soft,as,as,stop,1
617,ll_0123,Linda Santos,p2_complexity,as,as,stop,1
618,ll_0123,Linda Santos,p4_role,as,as,stop,1
619,ll_0123,Linda Santos,p5_fewshot,as,as,stop,1
620,ll_0124,Mary Maldonado,p1_format,yo,yo,stop,1
621,ll_0124,Mary Maldonado,p1_format_soft,yo,yo,stop,1
622,ll_0124,Mary Maldonado,p2_complexity,yo,yo,stop,1
623,ll_0124,Mary Maldonado,p4_role,yo,yo,stop,1
624,ll_0124,Mary Maldonado,p5_fewshot,yo,yo,stop,1
625,ll_0125,Karen Rivera,p1_format,na,na,stop,1
626,ll_0125,Karen Rivera,p1_format_soft,na,na,stop,1
627,ll_0125,Karen Rivera,p2_complexity,na,na,stop,1
628,ll_0125,Karen Rivera,p4_role,na,na,stop,1
629,ll_0125,Karen Rivera,p5_fewshot,na,na,stop,1
630,ll_0126,Brenda King,p1_format,ag,ag,stop,1
631,ll_0126,Brenda King,p1_format_soft,ag,ag,stop,1
632,ll_0126,Brenda King,p2_complexity,ag,ag,stop,1
633,ll_0126,Brenda King,p4_role,ag,ag,stop,1
634,ll_0126,Brenda King,p5_fewshot,ag,ag,stop,1
635,ll_0127,Kim Gomez,p1_format,mz,mz,stop,1
636,ll_0127,Kim Gomez,p1_format_soft,mz,mz,stop,1
637,ll_0127,Kim Gomez,p2_complexity,mz,mz,stop,1
638,ll_0127,Kim Gomez,p4_role,mz,mz,stop,1
639,ll_0127,Kim Gomez,p5_fewshot,mz,mz,stop,1
640,ll_0128,Brandon Maldonado,p1_format,no,no,stop,1
641,ll_0128,Brandon Maldonado,p1_format_soft,no,no,stop,1
642,ll_0128,Brandon Maldonado,p2_complexity,no,no,stop,1
643,ll_0128,Brandon Maldonado,p4_role,no,no,stop,1
644,ll_0128,Brandon Maldonado,p5_fewshot,no,no,stop,1
645,ll_0129,Lauren Torres,p1_format,ns,ns,stop,1
646,ll_0129,Lauren Torres,p1_format_soft,ns,ns,stop,1
647,ll_0129,Lauren Torres,p2_complexity,ns,ns,stop,1
648,ll_0129,Lauren Torres,p4_role,ns,ns,stop,1
649,ll_0129,Lauren Torres,p5_fewshot,ns,ns,stop,1
650,ll_0130,Emily Scott,p1_format,yt,yt,stop,1
651,ll_0130,Emily Scott,p1_format_soft,yt,yt,stop,1
652,ll_0130,Emily Scott,p2_complexity,yt,yt,stop,1
653,ll_0130,Emily Scott,p4_role,yt,yt,stop,1
654,ll_0130,Emily Scott,p5_fewshot,yt,yt,stop,1
655,ll_0131,Nick Gomez,p1_format,kz,kz,stop,1
656,ll_0131,Nick Gomez,p1_format_soft,kz,kz,stop,1
657,ll_0131,Nick Gomez,p2_complexity,kz,kz,stop,1
658,ll_0131,Nick Gomez,p4_role,kz,kz,stop,1
659,ll_0131,Nick Gomez,p5_fewshot,kz,kz,stop,1
660,ll_0132,Karen Patel,p1_format,nl,nl,stop,1
661,ll_0132,Karen Patel,p1_format_soft,nl,nl,stop,1
662,ll_0132,Karen Patel,p2_complexity,nl,nl,stop,1
663,ll_0132,Karen Patel,p4_role,nl,nl,stop,1
664,ll_0132,Karen Patel,p5_fewshot,nl,nl,stop,1
665,ll_0133,James Torres,p1_format,ss,ss,stop,1
666,ll_0133,James Torres,p1_format_soft,ss,ss,stop,1
667,ll_0133,James Torres,p2_complexity,ss,ss,stop,1
668,ll_0133,James Torres,p4_role,ss,ss,stop,1
669,ll_0133,James Torres,p5_fewshot,ss,ss,stop,1
670,ll_0134,Sandra Moore,p1_format,ae,ae,stop,1
671,ll_0134,Sandra Moore,p1_format_soft,ae,ae,stop,1
672,ll_0134,Sandra Moore,p2_complexity,ae,ae,stop,1
673,ll_0134,Sandra Moore,p4_role,ae,ae,stop,1
674,ll_0134,Sandra Moore,p5_fewshot,ae,ae,stop,1
675,ll_0135,Angel Cruz,p1_format,lz,lz,stop,1
676,ll_0135,Angel Cruz,p1_format_soft,lz,lz,stop,1
677,ll_0135,Angel Cruz,p2_complexity,lz,lz,stop,1
678,ll_0135,Angel Cruz,p4_role,lz,lz,stop,1
679,ll_0135,Angel Cruz,p5_fewshot,lz,lz,stop,1
680,ll_0136,Steven Vazquez,p1_format,nz,nz,stop,1
681,ll_0136,Steven Vazquez,p1_format_soft,nz,nz,stop,1
682,ll_0136,Steven Vazquez,p2_complexity,nz,nz,stop,1
683,ll_0136,Steven Vazquez,p4_role,nz,nz,stop,1
684,ll_0136,Steven Vazquez,p5_fewshot,nz,nz,stop,1
685,ll_0137,Ashley Green,p1_format,yn,yn,stop,1
686,ll_0137,Ashley Green,p1_format_soft,yn,yn,stop,1
687,ll_0137,Ashley Green,p2_complexity,yn,yn,stop,1
688,ll_0137,Ashley Green,p4_role,yn,yn,stop,1
689,ll_0137,Ashley Green,p5_fewshot,yn,yn,stop,1
690,ll_0138,Diana Ramos,p1_format,as,as,stop,1
691,ll_0138,Diana Ramos,p1_format_soft,as,as,stop,1
692,ll_0138,Diana Ramos,p2_complexity,as,as,stop,1
693,ll_0138,Diana Ramos,p4_role,as,as,stop,1
694,ll_0138,Diana Ramos,p5_fewshot,as,as,stop,1
695,ll_0139,Jesus Kim,p1_format,sm,sm,stop,1
696,ll_0139,Jesus Kim,p1_format_soft,sm,sm,stop,1
697,ll_0139,Jesus Kim,p2_complexity,sm,sm,stop,1
698,ll_0139,Jesus Kim,p4_role,sm,sm,stop,1
699,ll_0139,Jesus Kim,p5_fewshot,sm,sm,stop,1
700,ll_0140,Mary Kim,p1_format,ym,ym,stop,1
701,ll_0140,Mary Kim,p1_format_soft,ym,ym,stop,1
702,ll_0140,Mary Kim,p2_complexity,ym,ym,stop,1
703,ll_0140,Mary Kim,p4_role,ym,ym,stop,1
704,ll_0140,Mary Kim,p5_fewshot,ym,ym,stop,1
705,ll_0141,Manuel Williams,p1_format,ls,ls,stop,1
706,ll_0141,Manuel Williams,p1_format_soft,ls,ls,stop,1
707,ll_0141,Manuel Williams,p2_complexity,ls,ls,stop,1
708,ll_0141,Manuel Williams,p4_role,ls,ls,stop,1
709,ll_0141,Manuel Williams,p5_fewshot,ls,ls,stop,1
710,ll_0142,Rosa Lewis,p1_format,as,as,stop,1
711,ll_0142,Rosa Lewis,p1_format_soft,as,as,stop,1
712,ll_0142,Rosa Lewis,p2_complexity,as,as,stop,1
713,ll_0142,Rosa Lewis,p4_role,as,as,stop,1
714,ll_0142,Rosa Lewis,p5_fewshot,as,as,stop,1
715,ll_0143,Steve Khan,p1_format,en,en,stop,1
716,ll_0143,Steve Khan,p1_format_soft,en,en,stop,1
717,ll_0143,Steve Khan,p2_complexity,en,en,stop,1
718,ll_0143,Steve Khan,p4_role,en,en,stop,1
719,ll_0143,Steve Khan,p5_fewshot,en,en,stop,1
720,ll_0144,Joe Harris,p1_format,es,es,stop,1
721,ll_0144,Joe Harris,p1_format_soft,es,es,stop,1
722,ll_0144,Joe Harris,p2_complexity,es,es,stop,1
723,ll_0144,Joe Harris,p4_role,es,es,stop,1
724,ll_0144,Joe Harris,p5_fewshot,es,es,stop,1
725,ll_0145,Manuel Miller,p1_format,lr,lr,stop,1
726,ll_0145,Manuel Miller,p1_format_soft,lr,lr,stop,1
727,ll_0145,Manuel Miller,p2_complexity,lr,lr,stop,1
728,ll_0145,Manuel Miller,p4_role,lr,lr,stop,1
729,ll_0145,Manuel Miller,p5_fewshot,lr,lr,stop,1
730,ll_0146,Nancy Morales,p1_format,ys,ys,stop,1
731,ll_0146,Nancy Morales,p1_format_soft,ys,ys,stop,1
732,ll_0146,Nancy Morales,p2_complexity,ys,ys,stop,1
733,ll_0146,Nancy Morales,p4_role,ys,ys,stop,1
734,ll_0146,Nancy Morales,p5_fewshot,ys,ys,stop,1
735,ll_0147,Tony Johnson,p1_format,yn,yn,stop,1
736,ll_0147,Tony Johnson,p1_format_soft,yn,yn,stop,1
737,ll_0147,Tony Johnson,p2_complexity,yn,yn,stop,1
738,ll_0147,Tony Johnson,p4_role,yn,yn,stop,1
739,ll_0147,Tony Johnson,p5_fewshot,yn,yn,stop,1
740,ll_0148,Mario Lewis,p1_format,os,os,stop,1
741,ll_0148,Mario Lewis,p1_format_soft,os,os,stop,1
742,ll_0148,Mario Lewis,p2_complexity,os,os,stop,1
743,ll_0148,Mario Lewis,p4_role,os,os,stop,1
744,ll_0148,Mario Lewis,p5_fewshot,os,os,stop,1
745,ll_0149,Nick Ramirez,p1_format,kz,kz,stop,1
746,ll_0149,Nick Ramirez,p1_format_soft,kz,kz,stop,1
747,ll_0149,Nick Ramirez,p2_complexity,kz,kz,stop,1
748,ll_0149,Nick Ramirez,p4_role,kz,kz,stop,1
749,ll_0149,Nick Ramirez,p5_fewshot,kz,kz,stop,1
750,ll_0150,Nancy Rivera,p1_format,ya,ya,stop,1
751,ll_0150,Nancy Rivera,p1_format_soft,ya,ya,stop,1
752,ll_0150,Nancy Rivera,p2_complexity,ya,ya,stop,1
753,ll_0150,Nancy Rivera,p4_role,ya,ya,stop,1
754,ll_0150,Nancy Rivera,p5_fewshot,ya,ya,stop,1
755,ll_0151,Amy Perez,p1_format,yz,yz,stop,1
756,ll_0151,Amy Perez,p1_format_soft,yz,yz,stop,1
757,ll_0151,Amy Perez,p2_complexity,yz,yz,stop,1
758,ll_0151,Amy Perez,p4_role,yz,yz,stop,1
759,ll_0151,Amy Perez,p5_fewshot,yz,yz,stop,1
760,ll_0152,Christina Williams,p1_format,as,as,stop,1
761,ll_0152,Christina Williams,p1_format_soft,as,as,stop,1
762,ll_0152,Christina Williams,p2_complexity,as,as,stop,1
763,ll_0152,Christina Williams,p4_role,as,as,stop,1
764,ll_0152,Christina Williams,p5_fewshot,as,as,stop,1
765,ll_0153,Ryan Luna,p1_format,na,na,stop,1
766,ll_0153,Ryan Luna,p1_format_soft,na,na,stop,1
767,ll_0153,Ryan Luna,p2_complexity,na,na,stop,1
768,ll_0153,Ryan Luna,p4_role,na,na,stop,1
769,ll_0153,Ryan Luna,p5_fewshot,na,na,stop,1
770,ll_0154,Mike Harris,p1_format,es,es,stop,1
771,ll_0154,Mike Harris,p1_format_soft,es,es,stop,1
772,ll_0154,Mike Harris,p2_complexity,es,es,stop,1
773,ll_0154,Mike Harris,p4_role,es,es,stop,1
774,ll_0154,Mike Harris,p5_fewshot,es,es,stop,1
775,ll_0155,Julie Diaz,p1_format,ez,ez,stop,1
776,ll_0155,Julie Diaz,p1_format_soft,ez,ez,stop,1
777,ll_0155,Julie Diaz,p2_complexity,ez,ez,stop,1
778,ll_0155,Julie Diaz,p4_role,ez,ez,stop,1
779,ll_0155,Julie Diaz,p5_fewshot,ez,ez,stop,1
780,ll_0156,Antonio Perez,p1_format,oz,oz,stop,1
781,ll_0156,Antonio Perez,p1_format_soft,oz,oz,stop,1
782,ll_0156,Antonio Perez,p2_complexity,oz,oz,stop,1
783,ll_0156,Antonio Perez,p4_role,oz,oz,stop,1
784,ll_0156,Antonio Perez,p5_fewshot,oz,oz,stop,1
785,ll_0157,Mark Castillo,p1_format,ko,ko,stop,1
786,ll_0157,Mark Castillo,p1_format_soft,ko,ko,stop,1
787,ll_0157,Mark Castillo,p2_complexity,ko,ko,stop,1
788,ll_0157,Mark Castillo,p4_role,ko,ko,stop,1
789,ll_0157,Mark Castillo,p5_fewshot,ko,ko,stop,1
790,ll_0158,Kim Lewis,p1_format,ms,ms,stop,1
791,ll_0158,Kim Lewis,p1_format_soft,ms,ms,stop,1
792,ll_0158,Kim Lewis,p2_complexity,ms,ms,stop,1
793,ll_0158,Kim Lewis,p4_role,ms,ms,stop,1
794,ll_0158,Kim Lewis,p5_fewshot,ms,ms,stop,1
795,ll_0159,Kevin Johnson,p1_format,nn,nn,stop,1
796,ll_0159,Kevin Johnson,p1_format_soft,nn,nn,stop,1
797,ll_0159,Kevin Johnson,p2_complexity,nn,nn,stop,1
798,ll_0159,Kevin Johnson,p4_role,nn,nn,stop,1
799,ll_0159,Kevin Johnson,p5_fewshot,nn,nn,stop,1
800,ll_0160,Ashley Gonzalez,p1_format,yz,yz,stop,1
801,ll_0160,Ashley Gonzalez,p1_format_soft,yz,yz,stop,1
802,ll_0160,Ashley Gonzalez,p2_complexity,yz,yz,stop,1
803,ll_0160,Ashley Gonzalez,p4_role,yz,yz,stop,1
804,ll_0160,Ashley Gonzalez,p5_fewshot,yz,yz,stop,1
805,ll_0161,Anna Medina,p1_format,aa,aa,stop,1
806,ll_0161,Anna Medina,p1_format_soft,aa,aa,stop,1
807,ll_0161,Anna Medina,p2_complexity,aa,aa,stop,1
808,ll_0161,Anna Medina,p4_role,aa,aa,stop,1
809,ll_0161,Anna Medina,p5_fewshot,aa,aa,stop,1
810,ll_0162,Jason Robinson,p1_format,nn,nn,stop,1
811,ll_0162,Jason Robinson,p1_format_soft,nn,nn,stop,1
812,ll_0162,Jason Robinson,p2_complexity,nn,nn,stop,1
813,ll_0162,Jason Robinson,p4_role,nn,nn,stop,1
814,ll_0162,Jason Robinson,p5_fewshot,nn,nn,stop,1
815,ll_0163,Manuel Thomas,p1_format,ls,ls,stop,1
816,ll_0163,Manuel Thomas,p1_format_soft,ls,ls,stop,1
817,ll_0163,Manuel Thomas,p2_complexity,ls,ls,stop,1
818,ll_0163,Manuel Thomas,p4_role,ls,ls,stop,1
819,ll_0163,Manuel Thomas,p5_fewshot,ls,ls,stop,1
820,ll_0164,Matt Vazquez,p1_format,tz,tz,stop,1
821,ll_0164,Matt Vazquez,p1_format_soft,tz,tz,stop,1
822,ll_0164,Matt Vazquez,p2_complexity,tz,tz,stop,1
823,ll_0164,Matt Vazquez,p4_role,tz,tz,stop,1
824,ll_0164,Matt Vazquez,p5_fewshot,tz,tz,stop,1
825,ll_0165,Jennifer Rodriguez,p1_format,rz,rz,stop,1
826,ll_0165,Jennifer Rodriguez,p1_format_soft,rz,rz,stop,1
827,ll_0165,Jennifer Rodriguez,p2_complexity,rz,rz,stop,1
828,ll_0165,Jennifer Rodriguez,p4_role,rz,rz,stop,1
829,ll_0165,Jennifer Rodriguez,p5_fewshot,rz,rz,stop,1
830,ll_0166,Victor Hernandez,p1_format,rz,rz,stop,1
831,ll_0166,Victor Hernandez,p1_format_soft,rz,rz,stop,1
832,ll_0166,Victor Hernandez,p2_complexity,rz,rz,stop,1
833,ll_0166,Victor Hernandez,p4_role,rz,rz,stop,1
834,ll_0166,Victor Hernandez,p5_fewshot,rz,rz,stop,1
835,ll_0167,Lauren Brown,p1_format,nn,nn,stop,1
836,ll_0167,Lauren Brown,p1_format_soft,nn,nn,stop,1
837,ll_0167,Lauren Brown,p2_complexity,nn,nn,stop,1
838,ll_0167,Lauren Brown,p4_role,nn,nn,stop,1
839,ll_0167,Lauren Brown,p5_fewshot,nn,nn,stop,1
840,ll_0168,Patricia Gutierrez,p1_format,az,az,stop,1
841,ll_0168,Patricia Gutierrez,p1_format_soft,az,az,stop,1
842,ll_0168,Patricia Gutierrez,p2_complexity,az,az,stop,1
843,ll_0168,Patricia Gutierrez,p4_role,az,az,stop,1
844,ll_0168,Patricia Gutierrez,p5_fewshot,az,az,stop,1
845,ll_0169,Juan Harris,p1_format,ns,ns,stop,1
846,ll_0169,Juan Harris,p1_format_soft,ns,ns,stop,1
847,ll_0169,Juan Harris,p2_complexity,ns,ns,stop,1
848,ll_0169,Juan Harris,p4_role,ns,ns,stop,1
849,ll_0169,Juan Harris,p5_fewshot,ns,ns,stop,1
850,ll_0170,Samantha Santiago,p1_format,ao,ao,stop,1
851,ll_0170,Samantha Santiago,p1_format_soft,ao,ao,stop,1
852,ll_0170,Samantha Santiago,p2_complexity,ao,ao,stop,1
853,ll_0170,Samantha Santiago,p4_role,ao,ao,stop,1
854,ll_0170,Samantha Santiago,p5_fewshot,ao,ao,stop,1
855,ll_0171,Martha Hill,p1_format,al,al,stop,1
856,ll_0171,Martha Hill,p1_format_soft,al,al,stop,1
857,ll_0171,Martha Hill,p2_complexity,al,al,stop,1
858,ll_0171,Martha Hill,p4_role,al,al,stop,1
859,ll_0171,Martha Hill,p5_fewshot,al,al,stop,1
860,ll_0172,Scott Thomas,p1_format,ts,ts,stop,1
861,ll_0172,Scott Thomas,p1_format_soft,ts,ts,stop,1
862,ll_0172,Scott Thomas,p2_complexity,ts,ts,stop,1
863,ll_0172,Scott Thomas,p4_role,ts,ts,stop,1
864,ll_0172,Scott Thomas,p5_fewshot,ts,ts,stop,1
865,ll_0173,Christopher Williams,p1_format,rs,rs,stop,1
866,ll_0173,Christopher Williams,p1_format_soft,rs,rs,stop,1
867,ll_0173,Christopher Williams,p2_complexity,rs,rs,stop,1
868,ll_0173,Christopher Williams,p4_role,rs,rs,stop,1
869,ll_0173,Christopher Williams,p5_fewshot,rs,rs,stop,1
870,ll_0174,Teresa Vazquez,p1_format,az,az,stop,1
871,ll_0174,Teresa Vazquez,p1_format_soft,az,az,stop,1
872,ll_0174,Teresa Vazquez,p2_complexity,az,az,stop,1
873,ll_0174,Teresa Vazquez,p4_role,az,az,stop,1
874,ll_0174,Teresa Vazquez,p5_fewshot,az,az,stop,1
875,ll_0175,Nick Castro,p1_format,ko,ko,stop,1
876,ll_0175,Nick Castro,p1_format_soft,ko,ko,stop,1
877,ll_0175,Nick Castro,p2_complexity,ko,ko,stop,1
878,ll_0175,Nick Castro,p4_role,ko,ko,stop,1
879,ll_0175,Nick Castro,p5_fewshot,ko,ko,stop,1
880,ll_0176,John Anderson,p1_format,nn,nn,stop,1
881,ll_0176,John Anderson,p1_format_soft,nn,nn,stop,1
882,ll_0176,John Anderson,p2_complexity,nn,nn,stop,1
883,ll_0176,John Anderson,p4_role,nn,nn,stop,1
884,ll_0176,John Anderson,p5_fewshot,nn,nn,stop,1
885,ll_0177,Nick Alvarado,p1_format,ko,ko,stop,1
886,ll_0177,Nick Alvarado,p1_format_soft,ko,ko,stop,1
887,ll_0177,Nick Alvarado,p2_complexity,ko,ko,stop,1
888,ll_0177,Nick Alvarado,p4_role,ko,ko,stop,1
889,ll_0177,Nick Alvarado,p5_fewshot,ko,ko,stop,1
890,ll_0178,Eric Rodriguez,p1_format,cz,cz,stop,1
891,ll_0178,Eric Rodriguez,p1_format_soft,cz,cz,stop,1
892,ll_0178,Eric Rodriguez,p2_complexity,cz,cz,stop,1
893,ll_0178,Eric Rodriguez,p4_role,cz,cz,stop,1
894,ll_0178,Eric Rodriguez,p5_fewshot,cz,cz,stop,1
895,ll_0179,Kevin Castro,p1_format,no,no,stop,1
896,ll_0179,Kevin Castro,p1_format_soft,no,no,stop,1
897,ll_0179,Kevin Castro,p2_complexity,no,no,stop,1
898,ll_0179,Kevin Castro,p4_role,no,no,stop,1
899,ll_0179,Kevin Castro,p5_fewshot,no,no,stop,1
900,ll_0180,Matt Adams,p1_format,ts,ts,stop,1
901,ll_0180,Matt Adams,p1_format_soft,ts,ts,stop,1
902,ll_0180,Matt Adams,p2_complexity,ts,ts,stop,1
903,ll_0180,Matt Adams,p4_role,ts,ts,stop,1
904,ll_0180,Matt Adams,p5_fewshot,ts,ts,stop,1
905,ll_0181,Jeff Reyes,p1_format,fs,fs,stop,1
906,ll_0181,Jeff Reyes,p1_format_soft,fs,fs,stop,1
907,ll_0181,Jeff Reyes,p2_complexity,fs,fs,stop,1
908,ll_0181,Jeff Reyes,p4_role,fs,fs,stop,1
909,ll_0181,Jeff Reyes,p5_fewshot,fs,fs,stop,1
910,ll_0182,Nick Moreno,p1_format,ko,ko,stop,1
911,ll_0182,Nick Moreno,p1_format_soft,ko,ko,stop,1
912,ll_0182,Nick Moreno,p2_complexity,ko,ko,stop,1
913,ll_0182,Nick Moreno,p4_role,ko,ko,stop,1
914,ll_0182,Nick Moreno,p5_fewshot,ko,ko,stop,1
915,ll_0183,Michael Mendez,p1_format,lz,lz,stop,1
916,ll_0183,Michael Mendez,p1_format_soft,lz,lz,stop,1
917,ll_0183,Michael Mendez,p2_complexity,lz,lz,stop,1
918,ll_0183,Michael Mendez,p4_role,lz,lz,stop,1
919,ll_0183,Michael Mendez,p5_fewshot,lz,lz,stop,1
920,ll_0184,Karen White,p1_format,ne,ne,stop,1
921,ll_0184,Karen White,p1_format_soft,ne,ne,stop,1
922,ll_0184,Karen White,p2_complexity,ne,ne,stop,1
923,ll_0184,Karen White,p4_role,ne,ne,stop,1
924,ll_0184,Karen White,p5_fewshot,ne,ne,stop,1
925,ll_0185,Karen Singh,p1_format,nh,nh,stop,1
926,ll_0185,Karen Singh,p1_format_soft,nh,nh,stop,1
927,ll_0185,Karen Singh,p2_complexity,nh,nh,stop,1
928,ll_0185,Karen Singh,p4_role,nh,nh,stop,1
929,ll_0185,Karen Singh,p5_fewshot,nh,nh,stop,1
930,ll_0186,Jason Ramirez,p1_format,nz,nz,stop,1
931,ll_0186,Jason Ramirez,p1_format_soft,nz,nz,stop,1
932,ll_0186,Jason Ramirez,p2_complexity,nz,nz,stop,1
933,ll_0186,Jason Ramirez,p4_role,nz,nz,stop,1
934,ll_0186,Jason Ramirez,p5_fewshot,nz,nz,stop,1
935,ll_0187,Jonathan Nelson,p1_format,nn,nn,stop,1
936,ll_0187,Jonathan Nelson,p1_format_soft,nn,nn,stop,1
937,ll_0187,Jonathan Nelson,p2_complexity,nn,nn,stop,1
938,ll_0187,Jonathan Nelson,p4_role,nn,nn,stop,1
939,ll_0187,Jonathan Nelson,p5_fewshot,nn,nn,stop,1
940,ll_0188,Mary Castro,p1_format,yo,yo,stop,1
941,ll_0188,Mary Castro,p1_format_soft,yo,yo,stop,1
942,ll_0188,Mary Castro,p2_complexity,yo,yo,stop,1
943,ll_0188,Mary Castro,p4_role,yo,yo,stop,1
944,ll_0188,Mary Castro,p5_fewshot,yo,yo,stop,1
945,ll_0189,Pedro Ruiz,p1_format,oz,oz,stop,1
946,ll_0189,Pedro Ruiz,p1_format_soft,oz,oz,stop,1
947,ll_0189,Pedro Ruiz,p2_complexity,oz,oz,stop,1
948,ll_0189,Pedro Ruiz,p4_role,oz,oz,stop,1
949,ll_0189,Pedro Ruiz,p5_fewshot,oz,oz,stop,1
950,ll_0190,Laura Davis,p1_format,as,as,stop,1
951,ll_0190,Laura Davis,p1_format_soft,as,as,stop,1
952,ll_0190,Laura Davis,p2_complexity,as,as,stop,1
953,ll_0190,Laura Davis,p4_role,as,as,stop,1
954,ll_0190,Laura Davis,p5_fewshot,as,as,stop,1
955,ll_0191,Javier Hill,p1_format,rl,rl,stop,1
956,ll_0191,Javier Hill,p1_format_soft,rl,rl,stop,1
957,ll_0191,Javier Hill,p2_complexity,rl,rl,stop,1
958,ll_0191,Javier Hill,p4_role,rl,rl,stop,1
959,ll_0191,Javier Hill,p5_fewshot,rl,rl,stop,1
960,ll_0192,Amanda Nelson,p1_format,an,an,stop,1
961,ll_0192,Amanda Nelson,p1_format_soft,an,an,stop,1
962,ll_0192,Amanda Nelson,p2_complexity,an,an,stop,1
963,ll_0192,Amanda Nelson,p4_role,an,an,stop,1
964,ll_0192,Amanda Nelson,p5_fewshot,an,an,stop,1
965,ll_0193,Nicole Rojas,p1_format,es,es,stop,1
966,ll_0193,Nicole Rojas,p1_format_soft,es,es,stop,1
967,ll_0193,Nicole Rojas,p2_complexity,es,es,stop,1
968,ll_0193,Nicole Rojas,p4_role,es,es,stop,1
969,ll_0193,Nicole Rojas,p5_fewshot,es,es,stop,1
970,ll_0194,Patricia Nguyen,p1_format,an,an,stop,1
971,ll_0194,Patricia Nguyen,p1_format_soft,an,an,stop,1
972,ll_0194,Patricia Nguyen,p2_complexity,an,an,stop,1
973,ll_0194,Patricia Nguyen,p4_role,an,an,stop,1
974,ll_0194,Patricia Nguyen,p5_fewshot,an,ae,stop,0
975,ll_0195,Kathy Jones,p1_format,ys,ys,stop,1
976,ll_0195,Kathy Jones,p1_format_soft,ys,ys,stop,1
977,ll_0195,Kathy Jones,p2_complexity,ys,ys,stop,1
978,ll_0195,Kathy Jones,p4_role,ys,ys,stop,1
979,ll_0195,Kathy Jones,p5_fewshot,ys,ys,stop,1
980,ll_0196,Eric Moore,p1_format,ce,ce,stop,1
981,ll_0196,Eric Moore,p1_format_soft,ce,ce,stop,1
982,ll_0196,Eric Moore,p2_complexity,ce,ce,stop,1
983,ll_0196,Eric Moore,p4_role,ce,ce,stop,1
984,ll_0196,Eric Moore,p5_fewshot,ce,ce,stop,1
985,ll_0197,Patricia Mendoza,p1_format,aa,aa,stop,1
986,ll_0197,Patricia Mendoza,p1_format_soft,aa,aa,stop,1
987,ll_0197,Patricia Mendoza,p2_complexity,aa,aa,stop,1
988,ll_0197,Patricia Mendoza,p4_role,aa,aa,stop,1
989,ll_0197,Patricia Mendoza,p5_fewshot,aa,aa,stop,1
990,ll_0198,Carlos Cruz,p1_format,sz,sz,stop,1
991,ll_0198,Carlos Cruz,p1_format_soft,sz,sz,stop,1
992,ll_0198,Carlos Cruz,p2_complexity,sz,sz,stop,1
993,ll_0198,Carlos Cruz,p4_role,sz,sz,stop,1
994,ll_0198,Carlos Cruz,p5_fewshot,sz,sz,stop,1
995,ll_0199,Mario Martinez,p1_format,oz,oz,stop,1
996,ll_0199,Mario Martinez,p1_format_soft,oz,oz,stop,1
997,ll_0199,Mario Martinez,p2_complexity,oz,oz,stop,1
998,ll_0199,Mario Martinez,p4_role,oz,oz,stop,1
999,ll_0199,Mario Martinez,p5_fewshot,oz,oz,stop,1
1000,ll_0200,Paul Rojas,p1_format,ls,ls,stop,1
1001,ll_0200,Paul Rojas,p1_format_soft,ls,ls,stop,1
1002,ll_0200,Paul Rojas,p2_complexity,ls,ls,stop,1
1003,ll_0200,Paul Rojas,p4_role,ls,ls,stop,1
1004,ll_0200,Paul Rojas,p5_fewshot,ls,ls,stop,1
1005,ll_0201,Elizabeth Torres,p1_format,hs,hs,stop,1
1006,ll_0201,Elizabeth Torres,p1_format_soft,hs,hs,stop,1
1007,ll_0201,Elizabeth Torres,p2_complexity,hs,hs,stop,1
1008,ll_0201,Elizabeth Torres,p4_role,hs,hs,stop,1
1009,ll_0201,Elizabeth Torres,p5_fewshot,hs,hs,stop,1
1010,ll_0202,Kelly Gutierrez,p1_format,yz,yz,stop,1
1011,ll_0202,Kelly Gutierrez,p1_format_soft,yz,yz,stop,1
1012,ll_0202,Kelly Gutierrez,p2_complexity,yz,yz,stop,1
1013,ll_0202,Kelly Gutierrez,p4_role,yz,yz,stop,1
1014,ll_0202,Kelly Gutierrez,p5_fewshot,yz,yz,stop,1
1015,ll_0203,Laura Nelson,p1_format,an,an,stop,1
1016,ll_0203,Laura Nelson,p1_format_soft,an,an,stop,1
1017,ll_0203,Laura Nelson,p2_complexity,an,an,stop,1
1018,ll_0203,Laura Nelson,p4_role,an,an,stop,1
1019,ll_0203,Laura Nelson,p5_fewshot,an,an,stop,1
1020,ll_0204,Rosa Torres,p1_format,as,as,stop,1
1021,ll_0204,Rosa Torres,p1_format_soft,as,as,stop,1
1022,ll_0204,Rosa Torres,p2_complexity,as,as,stop,1
1023,ll_0204,Rosa Torres,p4_role,as,as,stop,1
1024,ll_0204,Rosa Torres,p5_fewshot,as,as,stop,1
1025,ll_0205,Ryan Vazquez,p1_format,nz,nz,stop,1
1026,ll_0205,Ryan Vazquez,p1_format_soft,nz,nz,stop,1
1027,ll_0205,Ryan Vazquez,p2_complexity,nz,nz,stop,1
1028,ll_0205,Ryan Vazquez,p4_role,nz,nz,stop,1
1029,ll_0205,Ryan Vazquez,p5_fewshot,nz,nz,stop,1
1030,ll_0206,Jose Silva,p1_format,ea,ea,stop,1
1031,ll_0206,Jose Silva,p1_format_soft,ea,ea,stop,1
1032,ll_0206,Jose Silva,p2_complexity,ea,ea,stop,1
1033,ll_0206,Jose Silva,p4_role,ea,ea,stop,1
1034,ll_0206,Jose Silva,p5_fewshot,ea,ea,stop,1
1035,ll_0207,Carlos James,p1_format,ss,ss,stop,1
1036,ll_0207,Carlos James,p1_format_soft,ss,ss,stop,1
1037,ll_0207,Carlos James,p2_complexity,ss,ss,stop,1
1038,ll_0207,Carlos James,p4_role,ss,ss,stop,1
1039,ll_0207,Carlos James,p5_fewshot,ss,ss,stop,1
1040,ll_0208,Karen Perez,p1_format,nz,nz,stop,1
1041,ll_0208,Karen Perez,p1_format_soft,nz,nz,stop,1
1042,ll_0208,Karen Perez,p2_complexity,nz,nz,stop,1
1043,ll_0208,Karen Perez,p4_role,nz,nz,stop,1
1044,ll_0208,Karen Perez,p5_fewshot,nz,nz,stop,1
1045,ll_0209,Lisa Thompson,p1_format,an,an,stop,1
1046,ll_0209,Lisa Thompson,p1_format_soft,an,an,stop,1
1047,ll_0209,Lisa Thompson,p2_complexity,an,an,stop,1
1048,ll_0209,Lisa Thompson,p4_role,an,an,stop,1
1049,ll_0209,Lisa Thompson,p5_fewshot,an,an,stop,1
1050,ll_0210,Katie Castillo,p1_format,eo,eo,stop,1
1051,ll_0210,Katie Castillo,p1_format_soft,eo,eo,stop,1
1052,ll_0210,Katie Castillo,p2_complexity,eo,eo,stop,1
1053,ll_0210,Katie Castillo,p4_role,eo,eo,stop,1
1054,ll_0210,Katie Castillo,p5_fewshot,eo,eo,stop,1
1055,ll_0211,Ashley Hall,p1_format,yl,yl,stop,1
1056,ll_0211,Ashley Hall,p1_format_soft,yl,yl,stop,1
1057,ll_0211,Ashley Hall,p2_complexity,yl,yl,stop,1
1058,ll_0211,Ashley Hall,p4_role,yl,yl,stop,1
1059,ll_0211,Ashley Hall,p5_fewshot,yl,yl,stop,1
1060,ll_0212,Susan Guzman,p1_format,nn,nn,stop,1
1061,ll_0212,Susan Guzman,p1_format_soft,nn,nn,stop,1
1062,ll_0212,Susan Guzman,p2_complexity,nn,nn,stop,1
1063,ll_0212,Susan Guzman,p4_role,nn,nn,stop,1
1064,ll_0212,Susan Guzman,p5_fewshot,nn,nn,stop,1
1065,ll_0213,Sara Sanchez,p1_format,az,az,stop,1
1066,ll_0213,Sara Sanchez,p1_format_soft,az,az,stop,1
1067,ll_0213,Sara Sanchez,p2_complexity,az,az,stop,1
1068,ll_0213,Sara Sanchez,p4_role,az,az,stop,1
1069,ll_0213,Sara Sanchez,p5_fewshot,az,az,stop,1
1070,ll_0214,Kelly Cruz,p1_format,yz,yz,stop,1
1071,ll_0214,Kelly Cruz,p1_format_soft,yz,yz,stop,1
1072,ll_0214,Kelly Cruz,p2_complexity,yz,yz,stop,1
1073,ll_0214,Kelly Cruz,p4_role,yz,yz,stop,1
1074,ll_0214,Kelly Cruz,p5_fewshot,yz,yz,stop,1
1075,ll_0215,Kim Martinez,p1_format,mz,mz,stop,1
1076,ll_0215,Kim Martinez,p1_format_soft,mz,mz,stop,1
1077,ll_0215,Kim Martinez,p2_complexity,mz,mz,stop,1
1078,ll_0215,Kim Martinez,p4_role,mz,mz,stop,1
1079,ll_0215,Kim Martinez,p5_fewshot,mz,mz,stop,1
1080,ll_0216,Steve Salazar,p1_format,er,er,stop,1
1081,ll_0216,Steve Salazar,p1_format_soft,er,er,stop,1
1082,ll_0216,Steve Salazar,p2_complexity,er,er,stop,1
1083,ll_0216,Steve Salazar,p4_role,er,er,stop,1
1084,ll_0216,Steve Salazar,p5_fewshot,er,er,stop,1
1085,ll_0217,Mike Silva,p1_format,ea,ea,stop,1
1086,ll_0217,Mike Silva,p1_format_soft,ea,ea,stop,1
1087,ll_0217,Mike Silva,p2_complexity,ea,ea,stop,1
1088,ll_0217,Mike Silva,p4_role,ea,ea,stop,1
1089,ll_0217,Mike Silva,p5_fewshot,ea,ea,stop,1
1090,ll_0218,Daniel Salazar,p1_format,lr,lr,stop,1
1091,ll_0218,Daniel Salazar,p1_format_soft,lr,lr,stop,1
1092,ll_0218,Daniel Salazar,p2_complexity,lr,nr,stop,0
1093,ll_0218,Daniel Salazar,p4_role,lr,lr,stop,1
1094,ll_0218,Daniel Salazar,p5_fewshot,lr,nr,stop,0
1095,ll_0219,Rachel Walker,p1_format,lr,lr,stop,1
1096,ll_0219,Rachel Walker,p1_format_soft,lr,lr,stop,1
1097,ll_0219,Rachel Walker,p2_complexity,lr,lr,stop,1
1098,ll_0219,Rachel Walker,p4_role,lr,lr,stop,1
1099,ll_0219,Rachel Walker,p5_fewshot,lr,hr,stop,0
1100,ll_0220,Christopher Clark,p1_format,rk,rk,stop,1
1101,ll_0220,Christopher Clark,p1_format_soft,rk,rk,stop,1
1102,ll_0220,Christopher Clark,p2_complexity,rk,rk,stop,1
1103,ll_0220,Christopher Clark,p4_role,rk,rk,stop,1
1104,ll_0220,Christopher Clark,p5_fewshot,rk,rk,stop,1
1105,ll_0221,Juan Jackson,p1_format,nn,nn,stop,1
1106,ll_0221,Juan Jackson,p1_format_soft,nn,nn,stop,1
1107,ll_0221,Juan Jackson,p2_complexity,nn,nn,stop,1
1108,ll_0221,Juan Jackson,p4_role,nn,nn,stop,1
1109,ll_0221,Juan Jackson,p5_fewshot,nn,nn,stop,1
1110,ll_0222,Barbara Jones,p1_format,as,as,stop,1
1111,ll_0222,Barbara Jones,p1_format_soft,as,as,stop,1
1112,ll_0222,Barbara Jones,p2_complexity,as,as,stop,1
1113,ll_0222,Barbara Jones,p4_role,as,as,stop,1
1114,ll_0222,Barbara Jones,p5_fewshot,as,as,stop,1
1115,ll_0223,Kimberly Nguyen,p1_format,yn,yn,stop,1
1116,ll_0223,Kimberly Nguyen,p1_format_soft,yn,yn,stop,1
1117,ll_0223,Kimberly Nguyen,p2_complexity,yn,yn,stop,1
1118,ll_0223,Kimberly Nguyen,p4_role,yn,yn,stop,1
1119,ll_0223,Kimberly Nguyen,p5_fewshot,yn,yn,stop,1
1120,ll_0224,Jorge Fernandez,p1_format,ez,ez,stop,1
1121,ll_0224,Jorge Fernandez,p1_format_soft,ez,ez,stop,1
1122,ll_0224,Jorge Fernandez,p2_complexity,ez,ez,stop,1
1123,ll_0224,Jorge Fernandez,p4_role,ez,ez,stop,1
1124,ll_0224,Jorge Fernandez,p5_fewshot,ez,ez,stop,1
1125,ll_0225,Patricia Adams,p1_format,as,as,stop,1
1126,ll_0225,Patricia Adams,p1_format_soft,as,as,stop,1
1127,ll_0225,Patricia Adams,p2_complexity,as,as,stop,1
1128,ll_0225,Patricia Adams,p4_role,as,as,stop,1
1129,ll_0225,Patricia Adams,p5_fewshot,as,as,stop,1
1130,ll_0226,Steven Wilson,p1_format,nn,nn,stop,1
1131,ll_0226,Steven Wilson,p1_format_soft,nn,nn,stop,1
1132,ll_0226,Steven Wilson,p2_complexity,nn,nn,stop,1
1133,ll_0226,Steven Wilson,p4_role,nn,nn,stop,1
1134,ll_0226,Steven Wilson,p5_fewshot,nn,nn,stop,1
1135,ll_0227,Kevin Herrera,p1_format,na,na,stop,1
1136,ll_0227,Kevin Herrera,p1_format_soft,na,na,stop,1
1137,ll_0227,Kevin Herrera,p2_complexity,na,na,stop,1
1138,ll_0227,Kevin Herrera,p4_role,na,na,stop,1
1139,ll_0227,Kevin Herrera,p5_fewshot,na,na,stop,1
1140,ll_0228,Miguel Harris,p1_format,ls,ls,stop,1
1141,ll_0228,Miguel Harris,p1_format_soft,ls,ls,stop,1
1142,ll_0228,Miguel Harris,p2_complexity,ls,ls,stop,1
1143,ll_0228,Miguel Harris,p4_role,ls,ls,stop,1
1144,ll_0228,Miguel Harris,p5_fewshot,ls,ls,stop,1
1145,ll_0229,Angel Ruiz,p1_format,lz,lz,stop,1
1146,ll_0229,Angel Ruiz,p1_format_soft,lz,lz,stop,1
1147,ll_0229,Angel Ruiz,p2_complexity,lz,lz,stop,1
1148,ll_0229,Angel Ruiz,p4_role,lz,lz,stop,1
1149,ll_0229,Angel Ruiz,p5_fewshot,lz,lz,stop,1
1150,ll_0230,Lauren Vargas,p1_format,ns,ns,stop,1
1151,ll_0230,Lauren Vargas,p1_format_soft,ns,ns,stop,1
1152,ll_0230,Lauren Vargas,p2_complexity,ns,ns,stop,1
1153,ll_0230,Lauren Vargas,p4_role,ns,ns,stop,1
1154,ll_0230,Lauren Vargas,p5_fewshot,ns,ns,stop,1
1155,ll_0231,Gloria Green,p1_format,an,an,stop,1
1156,ll_0231,Gloria Green,p1_format_soft,an,an,stop,1
1157,ll_0231,Gloria Green,p2_complexity,an,an,stop,1
1158,ll_0231,Gloria Green,p4_role,an,an,stop,1
1159,ll_0231,Gloria Green,p5_fewshot,an,an,stop,1
1160,ll_0232,Miguel Silva,p1_format,la,la,stop,1
1161,ll_0232,Miguel Silva,p1_format_soft,la,la,stop,1
1162,ll_0232,Miguel Silva,p2_complexity,la,la,stop,1
1163,ll_0232,Miguel Silva,p4_role,la,la,stop,1
1164,ll_0232,Miguel Silva,p5_fewshot,la,la,stop,1
1165,ll_0233,Katie Vega,p1_format,ea,ea,stop,1
1166,ll_0233,Katie Vega,p1_format_soft,ea,ea,stop,1
1167,ll_0233,Katie Vega,p2_complexity,ea,ea,stop,1
1168,ll_0233,Katie Vega,p4_role,ea,ea,stop,1
1169,ll_0233,Katie Vega,p5_fewshot,ea,ea,stop,1
1170,ll_0234,Robert Walker,p1_format,tr,tr,stop,1
1171,ll_0234,Robert Walker,p1_format_soft,tr,tr,stop,1
1172,ll_0234,Robert Walker,p2_complexity,tr,tr,stop,1
1173,ll_0234,Robert Walker,p4_role,tr,tr,stop,1
1174,ll_0234,Robert Walker,p5_fewshot,tr,tr,stop,1
1175,ll_0235,Emily Harris,p1_format,ys,ys,stop,1
1176,ll_0235,Emily Harris,p1_format_soft,ys,ys,stop,1
1177,ll_0235,Emily Harris,p2_complexity,ys,ys,stop,1
1178,ll_0235,Emily Harris,p4_role,ys,ys,stop,1
1179,ll_0235,Emily Harris,p5_fewshot,ys,ys,stop,1
1180,ll_0236,Martha Gonzalez,p1_format,az,az,stop,1
1181,ll_0236,Martha Gonzalez,p1_format_soft,az,az,stop,1
1182,ll_0236,Martha Gonzalez,p2_complexity,az,az,stop,1
1183,ll_0236,Martha Gonzalez,p4_role,az,az,stop,1
1184,ll_0236,Martha Gonzalez,p5_fewshot,az,az,stop,1
1185,ll_0237,Daniel Torres,p1_format,ls,ls,stop,1
1186,ll_0237,Daniel Torres,p1_format_soft,ls,ls,stop,1
1187,ll_0237,Daniel Torres,p2_complexity,ls,ns,stop,0
1188,ll_0237,Daniel Torres,p4_role,ls,ns,stop,0
1189,ll_0237,Daniel Torres,p5_fewshot,ls,ns,stop,0
1190,ll_0238,Claudia Aguilar,p1_format,ar,ar,stop,1
1191,ll_0238,Claudia Aguilar,p1_format_soft,ar,ar,stop,1
1192,ll_0238,Claudia Aguilar,p2_complexity,ar,ar,stop,1
1193,ll_0238,Claudia Aguilar,p4_role,ar,ar,stop,1
1194,ll_0238,Claudia Aguilar,p5_fewshot,ar,ar,stop,1
1195,ll_0239,Ashley Patel,p1_format,yl,yl,stop,1
1196,ll_0239,Ashley Patel,p1_format_soft,yl,yl,stop,1
1197,ll_0239,Ashley Patel,p2_complexity,yl,yl,stop,1
1198,ll_0239,Ashley Patel,p4_role,yl,yl,stop,1
1199,ll_0239,Ashley Patel,p5_fewshot,yl,yl,stop,1
1200,ll_0240,Lisa Castro,p1_format,ao,ao,stop,1
1201,ll_0240,Lisa Castro,p1_format_soft,ao,ao,stop,1
1202,ll_0240,Lisa Castro,p2_complexity,ao,ao,stop,1
1203,ll_0240,Lisa Castro,p4_role,ao,ao,stop,1
1204,ll_0240,Lisa Castro,p5_fewshot,ao,ao,stop,1
1205,ll_0241,Kim Lee,p1_format,me,me,stop,1
1206,ll_0241,Kim Lee,p1_format_soft,me,me,stop,1
1207,ll_0241,Kim Lee,p2_complexity,me,me,stop,1
1208,ll_0241,Kim Lee,p4_role,me,me,stop,1
1209,ll_0241,Kim Lee,p5_fewshot,me,me,stop,1
1210,ll_0242,Matthew Green,p1_format,wn,wn,stop,1
1211,ll_0242,Matthew Green,p1_format_soft,wn,wn,stop,1
1212,ll_0242,Matthew Green,p2_complexity,wn,wn,stop,1
1213,ll_0242,Matthew Green,p4_role,wn,wn,stop,1
1214,ll_0242,Matthew Green,p5_fewshot,wn,wn,stop,1
1215,ll_0243,Joseph Mitchell,p1_format,hl,hl,stop,1
1216,ll_0243,Joseph Mitchell,p1_format_soft,hl,hl,stop,1
1217,ll_0243,Joseph Mitchell,p2_complexity,hl,hl,stop,1
1218,ll_0243,Joseph Mitchell,p4_role,hl,hl,stop,1
1219,ll_0243,Joseph Mitchell,p5_fewshot,hl,hh,stop,0
1220,ll_0244,Francisco Ruiz,p1_format,oz,oz,stop,1
1221,ll_0244,Francisco Ruiz,p1_format_soft,oz,oz,stop,1
1222,ll_0244,Francisco Ruiz,p2_complexity,oz,oz,stop,1
1223,ll_0244,Francisco Ruiz,p4_role,oz,oz,stop,1
1224,ll_0244,Francisco Ruiz,p5_fewshot,oz,oz,stop,1
1225,ll_0245,Joe Nguyen,p1_format,en,en,stop,1
1226,ll_0245,Joe Nguyen,p1_format_soft,en,en,stop,1
1227,ll_0245,Joe Nguyen,p2_complexity,en,en,stop,1
1228,ll_0245,Joe Nguyen,p4_role,en,en,stop,1
1229,ll_0245,Joe Nguyen,p5_fewshot,en,en,stop,1
1230,ll_0246,Jorge Perez,p1_format,ez,ez,stop,1
1231,ll_0246,Jorge Perez,p1_format_soft,ez,ez,stop,1
1232,ll_0246,Jorge Perez,p2_complexity,ez,ez,stop,1
1233,ll_0246,Jorge Perez,p4_role,ez,ez,stop,1
1234,ll_0246,Jorge Perez,p5_fewshot,ez,ez,stop,1
1235,ll_0247,Kathy Salazar,p1_format,yr,yr,stop,1
1236,ll_0247,Kathy Salazar,p1_format_soft,yr,yr,stop,1
1237,ll_0247,Kathy Salazar,p2_complexity,yr,yr,stop,1
1238,ll_0247,Kathy Salazar,p4_role,yr,yr,stop,1
1239,ll_0247,Kathy Salazar,p5_fewshot,yr,yr,stop,1
1240,ll_0248,Joe Delgado,p1_format,eo,eo,stop,1
1241,ll_0248,Joe Delgado,p1_format_soft,eo,eo,stop,1
1242,ll_0248,Joe Delgado,p2_complexity,eo,eo,stop,1
1243,ll_0248,Joe Delgado,p4_role,eo,eo,stop,1
1244,ll_0248,Joe Delgado,p5_fewshot,eo,eo,stop,1
1245,ll_0249,Martha Flores,p1_format,as,as,stop,1
1246,ll_0249,Martha Flores,p1_format_soft,as,as,stop,1
1247,ll_0249,Martha Flores,p2_complexity,as,as,stop,1
1248,ll_0249,Martha Flores,p4_role,as,as,stop,1
1249,ll_0249,Martha Flores,p5_fewshot,as,as,stop,1
1250,ll_0250,Laura Alvarado,p1_format,ao,ao,stop,1
1251,ll_0250,Laura Alvarado,p1_format_soft,ao,ao,stop,1
1252,ll_0250,Laura Alvarado,p2_complexity,ao,ao,stop,1
1253,ll_0250,Laura Alvarado,p4_role,ao,ao,stop,1
1254,ll_0250,Laura Alvarado,p5_fewshot,ao,ao,stop,1
1255,ll_0251,Christopher Moore,p1_format,re,re,stop,1
1256,ll_0251,Christopher Moore,p1_format_soft,re,re,stop,1
1257,ll_0251,Christopher Moore,p2_complexity,re,re,stop,1
1258,ll_0251,Christopher Moore,p4_role,re,re,stop,1
1259,ll_0251,Christopher Moore,p5_fewshot,re,re,stop,1
1260,ll_0252,Katie Marie,p1_format,ee,ee,stop,1
1261,ll_0252,Katie Marie,p1_format_soft,ee,ee,stop,1
1262,ll_0252,Katie Marie,p2_complexity,ee,ee,stop,1
1263,ll_0252,Katie Marie,p4_role,ee,ee,stop,1
1264,ll_0252,Katie Marie,p5_fewshot,ee,ee,stop,1
1265,ll_0253,Manuel Garza,p1_format,la,la,stop,1
1266,ll_0253,Manuel Garza,p1_format_soft,la,la,stop,1
1267,ll_0253,Manuel Garza,p2_complexity,la,la,stop,1
1268,ll_0253,Manuel Garza,p4_role,la,la,stop,1
1269,ll_0253,Manuel Garza,p5_fewshot,la,la,stop,1
1270,ll_0254,Andrew Vega,p1_format,wa,wa,stop,1
1271,ll_0254,Andrew Vega,p1_format_soft,wa,wa,stop,1
1272,ll_0254,Andrew Vega,p2_complexity,wa,wa,stop,1
1273,ll_0254,Andrew Vega,p4_role,wa,wa,stop,1
1274,ll_0254,Andrew Vega,p5_fewshot,wa,wa,stop,1
1275,ll_0255,James Flores,p1_format,ss,ss,stop,1
1276,ll_0255,James Flores,p1_format_soft,ss,ss,stop,1
1277,ll_0255,James Flores,p2_complexity,ss,ss,stop,1
1278,ll_0255,James Flores,p4_role,ss,ss,stop,1
1279,ll_0255,James Flores,p5_fewshot,ss,ss,stop,1
1280,ll_0256,Kathy Vega,p1_format,ya,ya,stop,1
1281,ll_0256,Kathy Vega,p1_format_soft,ya,ya,stop,1
1282,ll_0256,Kathy Vega,p2_complexity,ya,ya,stop,1
1283,ll_0256,Kathy Vega,p4_role,ya,ya,stop,1
1284,ll_0256,Kathy Vega,p5_fewshot,ya,ya,stop,1
1285,ll_0257,Mary Clark,p1_format,yk,yk,stop,1
1286,ll_0257,Mary Clark,p1_format_soft,yk,yk,stop,1
1287,ll_0257,Mary Clark,p2_complexity,yk,yk,stop,1
1288,ll_0257,Mary Clark,p4_role,yk,yk,stop,1
1289,ll_0257,Mary Clark,p5_fewshot,yk,yk,stop,1
1290,ll_0258,Katie Ortega,p1_format,ea,ea,stop,1
1291,ll_0258,Katie Ortega,p1_format_soft,ea,ea,stop,1
1292,ll_0258,Katie Ortega,p2_complexity,ea,ea,stop,1
1293,ll_0258,Katie Ortega,p4_role,ea,ea,stop,1
1294,ll_0258,Katie Ortega,p5_fewshot,ea,ea,stop,1
1295,ll_0259,Amy Hernandez,p1_format,yz,yz,stop,1
1296,ll_0259,Amy Hernandez,p1_format_soft,yz,yz,stop,1
1297,ll_0259,Amy Hernandez,p2_complexity,yz,yz,stop,1
1298,ll_0259,Amy Hernandez,p4_role,yz,yz,stop,1
1299,ll_0259,Amy Hernandez,p5_fewshot,yz,yz,stop,1
1300,ll_0260,Veronica Kim,p1_format,am,am,stop,1
1301,ll_0260,Veronica Kim,p1_format_soft,am,am,stop,1
1302,ll_0260,Veronica Kim,p2_complexity,am,am,stop,1
1303,ll_0260,Veronica Kim,p4_role,am,am,stop,1
1304,ll_0260,Veronica Kim,p5_fewshot,am,am,stop,1
1305,ll_0261,Anthony Soto,p1_format,yo,yo,stop,1
1306,ll_0261,Anthony Soto,p1_format_soft,yo,yo,stop,1
1307,ll_0261,Anthony Soto,p2_complexity,yo,yo,stop,1
1308,ll_0261,Anthony Soto,p4_role,yo,yo,stop,1
1309,ll_0261,Anthony Soto,p5_fewshot,yo,yo,stop,1
1310,ll_0262,Paul James,p1_format,ls,ls,stop,1
1311,ll_0262,Paul James,p1_format_soft,ls,ls,stop,1
1312,ll_0262,Paul James,p2_complexity,ls,ls,stop,1
1313,ll_0262,Paul James,p4_role,ls,ls,stop,1
1314,ll_0262,Paul James,p5_fewshot,ls,ls,stop,1
1315,ll_0263,Monica Gomez,p1_format,az,az,stop,1
1316,ll_0263,Monica Gomez,p1_format_soft,az,az,stop,1
1317,ll_0263,Monica Gomez,p2_complexity,az,az,stop,1
1318,ll_0263,Monica Gomez,p4_role,az,az,stop,1
1319,ll_0263,Monica Gomez,p5_fewshot,az,az,stop,1
1320,ll_0264,Anthony Garza,p1_format,ya,ya,stop,1
1321,ll_0264,Anthony Garza,p1_format_soft,ya,ya,stop,1
1322,ll_0264,Anthony Garza,p2_complexity,ya,ya,stop,1
1323,ll_0264,Anthony Garza,p4_role,ya,ya,stop,1
1324,ll_0264,Anthony Garza,p5_fewshot,ya,ya,stop,1
1325,ll_0265,Steve Williams,p1_format,es,es,stop,1
1326,ll_0265,Steve Williams,p1_format_soft,es,es,stop,1
1327,ll_0265,Steve Williams,p2_complexity,es,es,stop,1
1328,ll_0265,Steve Williams,p4_role,es,es,stop,1
1329,ll_0265,Steve Williams,p5_fewshot,es,es,stop,1
1330,ll_0266,Jennifer Vargas,p1_format,rs,rs,stop,1
1331,ll_0266,Jennifer Vargas,p1_format_soft,rs,rs,stop,1
1332,ll_0266,Jennifer Vargas,p2_complexity,rs,rs,stop,1
1333,ll_0266,Jennifer Vargas,p4_role,rs,rs,stop,1
1334,ll_0266,Jennifer Vargas,p5_fewshot,rs,rs,stop,1
1335,ll_0267,Angel Romero,p1_format,lo,lo,stop,1
1336,ll_0267,Angel Romero,p1_format_soft,lo,lo,stop,1
1337,ll_0267,Angel Romero,p2_complexity,lo,lo,stop,1
1338,ll_0267,Angel Romero,p4_role,lo,lo,stop,1
1339,ll_0267,Angel Romero,p5_fewshot,lo,lo,stop,1
1340,ll_0268,Gloria Diaz,p1_format,az,az,stop,1
1341,ll_0268,Gloria Diaz,p1_format_soft,az,az,stop,1
1342,ll_0268,Gloria Diaz,p2_complexity,az,az,stop,1
1343,ll_0268,Gloria Diaz,p4_role,az,az,stop,1
1344,ll_0268,Gloria Diaz,p5_fewshot,az,az,stop,1
1345,ll_0269,Justin Allen,p1_format,nn,nn,stop,1
1346,ll_0269,Justin Allen,p1_format_soft,nn,nn,stop,1
1347,ll_0269,Justin Allen,p2_complexity,nn,nn,stop,1
1348,ll_0269,Justin Allen,p4_role,nn,nn,stop,1
1349,ll_0269,Justin Allen,p5_fewshot,nn,nn,stop,1
1350,ll_0270,Sandra Ramirez,p1_format,az,az,stop,1
1351,ll_0270,Sandra Ramirez,p1_format_soft,az,az,stop,1
1352,ll_0270,Sandra Ramirez,p2_complexity,az,az,stop,1
1353,ll_0270,Sandra Ramirez,p4_role,az,az,stop,1
1354,ll_0270,Sandra Ramirez,p5_fewshot,az,az,stop,1
1355,ll_0271,Tony Wright,p1_format,yt,yt,stop,1
1356,ll_0271,Tony Wright,p1_format_soft,yt,yt,stop,1
1357,ll_0271,Tony Wright,p2_complexity,yt,yt,stop,1
1358,ll_0271,Tony Wright,p4_role,yt,yt,stop,1
1359,ll_0271,Tony Wright,p5_fewshot,yt,yt,stop,1
1360,ll_0272,James Garza,p1_format,sa,sa,stop,1
1361,ll_0272,James Garza,p1_format_soft,sa,sa,stop,1
1362,ll_0272,James Garza,p2_complexity,sa,sa,stop,1
1363,ll_0272,James Garza,p4_role,sa,sa,stop,1
1364,ll_0272,James Garza,p5_fewshot,sa,sa,stop,1
1365,ll_0273,Daniel Silva,p1_format,la,la,stop,1
1366,ll_0273,Daniel Silva,p1_format_soft,la,la,stop,1
1367,ll_0273,Daniel Silva,p2_complexity,la,na,stop,0
1368,ll_0273,Daniel Silva,p4_role,la,na,stop,0
1369,ll_0273,Daniel Silva,p5_fewshot,la,na,stop,0
1370,ll_0274,Andrew Castro,p1_format,wo,wo,stop,1
1371,ll_0274,Andrew Castro,p1_format_soft,wo,wo,stop,1
1372,ll_0274,Andrew Castro,p2_complexity,wo,wo,stop,1
1373,ll_0274,Andrew Castro,p4_role,wo,wo,stop,1
1374,ll_0274,Andrew Castro,p5_fewshot,wo,wo,stop,1
1375,ll_0275,Patricia Patel,p1_format,al,al,stop,1
1376,ll_0275,Patricia Patel,p1_format_soft,al,al,stop,1
1377,ll_0275,Patricia Patel,p2_complexity,al,al,stop,1
1378,ll_0275,Patricia Patel,p4_role,al,al,stop,1
1379,ll_0275,Patricia Patel,p5_fewshot,al,al,stop,1
1380,ll_0276,Amy White,p1_format,ye,ye,stop,1
1381,ll_0276,Amy White,p1_format_soft,ye,ye,stop,1
1382,ll_0276,Amy White,p2_complexity,ye,ye,stop,1
1383,ll_0276,Amy White,p4_role,ye,ye,stop,1
1384,ll_0276,Amy White,p5_fewshot,ye,ye,stop,1
1385,ll_0277,Matthew James,p1_format,ws,ws,stop,1
1386,ll_0277,Matthew James,p1_format_soft,ws,ws,stop,1
1387,ll_0277,Matthew James,p2_complexity,ws,ws,stop,1
1388,ll_0277,Matthew James,p4_role,ws,ws,stop,1
1389,ll_0277,Matthew James,p5_fewshot,ws,ws,stop,1
1390,ll_0278,Nancy Rojas,p1_format,ys,ys,stop,1
1391,ll_0278,Nancy Rojas,p1_format_soft,ys,ys,stop,1
1392,ll_0278,Nancy Rojas,p2_complexity,ys,ys,stop,1
1393,ll_0278,Nancy Rojas,p4_role,ys,ys,stop,1
1394,ll_0278,Nancy Rojas,p5_fewshot,ys,ys,stop,1
1395,ll_0279,Matthew Jackson,p1_format,wn,wn,stop,1
1396,ll_0279,Matthew Jackson,p1_format_soft,wn,wn,stop,1
1397,ll_0279,Matthew Jackson,p2_complexity,wn,wn,stop,1
1398,ll_0279,Matthew Jackson,p4_role,wn,wn,stop,1
1399,ll_0279,Matthew Jackson,p5_fewshot,wn,wn,stop,1
1400,ll_0280,Sandra Ortiz,p1_format,az,az,stop,1
1401,ll_0280,Sandra Ortiz,p1_format_soft,az,az,stop,1
1402,ll_0280,Sandra Ortiz,p2_complexity,az,az,stop,1
1403,ll_0280,Sandra Ortiz,p4_role,az,az,stop,1
1404,ll_0280,Sandra Ortiz,p5_fewshot,az,az,stop,1
1405,ll_0281,Melissa Ramos,p1_format,as,as,stop,1
1406,ll_0281,Melissa Ramos,p1_format_soft,as,as,stop,1
1407,ll_0281,Melissa Ramos,p2_complexity,as,as,stop,1
1408,ll_0281,Melissa Ramos,p4_role,as,as,stop,1
1409,ll_0281,Melissa Ramos,p5_fewshot,as,as,stop,1
1410,ll_0282,Christina Wilson,p1_format,an,an,stop,1
1411,ll_0282,Christina Wilson,p1_format_soft,an,an,stop,1
1412,ll_0282,Christina Wilson,p2_complexity,an,an,stop,1
1413,ll_0282,Christina Wilson,p4_role,an,an,stop,1
1414,ll_0282,Christina Wilson,p5_fewshot,an,an,stop,1
1415,ll_0283,Joseph Hall,p1_format,hl,hl,stop,1
1416,ll_0283,Joseph Hall,p1_format_soft,hl,hl,stop,1
1417,ll_0283,Joseph Hall,p2_complexity,hl,hl,stop,1
1418,ll_0283,Joseph Hall,p4_role,hl,hl,stop,1
1419,ll_0283,Joseph Hall,p5_fewshot,hl,hl,stop,1
1420,ll_0284,Matthew Contreras,p1_format,ws,ws,stop,1
1421,ll_0284,Matthew Contreras,p1_format_soft,ws,ws,stop,1
1422,ll_0284,Matthew Contreras,p2_complexity,ws,ws,stop,1
1423,ll_0284,Matthew Contreras,p4_role,ws,ws,stop,1
1424,ll_0284,Matthew Contreras,p5_fewshot,ws,ws,stop,1
1425,ll_0285,Nicole Wright,p1_format,et,et,stop,1
1426,ll_0285,Nicole Wright,p1_format_soft,et,et,stop,1
1427,ll_0285,Nicole Wright,p2_complexity,et,et,stop,1
1428,ll_0285,Nicole Wright,p4_role,et,et,stop,1
1429,ll_0285,Nicole Wright,p5_fewshot,et,et,stop,1
1430,ll_0286,Jorge Garcia,p1_format,ea,ea,stop,1
1431,ll_0286,Jorge Garcia,p1_format_soft,ea,ea,stop,1
1432,ll_0286,Jorge Garcia,p2_complexity,ea,ea,stop,1
1433,ll_0286,Jorge Garcia,p4_role,ea,ea,stop,1
1434,ll_0286,Jorge Garcia,p5_fewshot,ea,ea,stop,1
1435,ll_0287,John Vega,p1_format,na,na,stop,1
1436,ll_0287,John Vega,p1_format_soft,na,na,stop,1
1437,ll_0287,John Vega,p2_complexity,na,na,stop,1
1438,ll_0287,John Vega,p4_role,na,na,stop,1
1439,ll_0287,John Vega,p5_fewshot,na,na,stop,1
1440,ll_0288,Kathy Soto,p1_format,yo,yo,stop,1
1441,ll_0288,Kathy Soto,p1_format_soft,yo,yo,stop,1
1442,ll_0288,Kathy Soto,p2_complexity,yo,yo,stop,1
1443,ll_0288,Kathy Soto,p4_role,yo,yo,stop,1
1444,ll_0288,Kathy Soto,p5_fewshot,yo,yo,stop,1
1445,ll_0289,Francisco Khan,p1_format,on,on,stop,1
1446,ll_0289,Francisco Khan,p1_format_soft,on,on,stop,1
1447,ll_0289,Francisco Khan,p2_complexity,on,on,stop,1
1448,ll_0289,Francisco Khan,p4_role,on,on,stop,1
1449,ll_0289,Francisco Khan,p5_fewshot,on,on,stop,1
1450,ll_0290,Karen Cruz,p1_format,nz,nz,stop,1
1451,ll_0290,Karen Cruz,p1_format_soft,nz,nz,stop,1
1452,ll_0290,Karen Cruz,p2_complexity,nz,nz,stop,1
1453,ll_0290,Karen Cruz,p4_role,nz,nz,stop,1
1454,ll_0290,Karen Cruz,p5_fewshot,nz,nz,stop,1
1455,ll_0291,James Martin,p1_format,sn,sn,stop,1
1456,ll_0291,James Martin,p1_format_soft,sn,sn,stop,1
1457,ll_0291,James Martin,p2_complexity,sn,sn,stop,1
1458,ll_0291,James Martin,p4_role,sn,sn,stop,1
1459,ll_0291,James Martin,p5_fewshot,sn,sn,stop,1
1460,ll_0292,Eric Hill,p1_format,cl,cl,stop,1
1461,ll_0292,Eric Hill,p1_format_soft,cl,cl,stop,1
1462,ll_0292,Eric Hill,p2_complexity,cl,cl,stop,1
1463,ll_0292,Eric Hill,p4_role,cl,cl,stop,1
1464,ll_0292,Eric Hill,p5_fewshot,cl,cl,stop,1
1465,ll_0293,Jonathan Garcia,p1_format,na,na,stop,1
1466,ll_0293,Jonathan Garcia,p1_format_soft,na,na,stop,1
1467,ll_0293,Jonathan Garcia,p2_complexity,na,na,stop,1
1468,ll_0293,Jonathan Garcia,p4_role,na,na,stop,1
1469,ll_0293,Jonathan Garcia,p5_fewshot,na,na,stop,1
1470,ll_0294,Susan Adams,p1_format,ns,ns,stop,1
1471,ll_0294,Susan Adams,p1_format_soft,ns,ns,stop,1
1472,ll_0294,Susan Adams,p2_complexity,ns,ns,stop,1
1473,ll_0294,Susan Adams,p4_role,ns,ns,stop,1
1474,ll_0294,Susan Adams,p5_fewshot,ns,ns,stop,1
1475,ll_0295,Monica Cruz,p1_format,az,az,stop,1
1476,ll_0295,Monica Cruz,p1_format_soft,az,az,stop,1
1477,ll_0295,Monica Cruz,p2_complexity,az,az,stop,1
1478,ll_0295,Monica Cruz,p4_role,az,az,stop,1
1479,ll_0295,Monica Cruz,p5_fewshot,az,az,stop,1
1480,ll_0296,Manuel Carter,p1_format,lr,lr,stop,1
1481,ll_0296,Manuel Carter,p1_format_soft,lr,lr,stop,1
1482,ll_0296,Manuel Carter,p2_complexity,lr,lr,stop,1
1483,ll_0296,Manuel Carter,p4_role,lr,lr,stop,1
1484,ll_0296,Manuel Carter,p5_fewshot,lr,lr,stop,1
1485,ll_0297,Jennifer Ortega,p1_format,ra,ra,stop,1
1486,ll_0297,Jennifer Ortega,p1_format_soft,ra,ra,stop,1
1487,ll_0297,Jennifer Ortega,p2_complexity,ra,ra,stop,1
1488,ll_0297,Jennifer Ortega,p4_role,ra,ra,stop,1
1489,ll_0297,Jennifer Ortega,p5_fewshot,ra,ra,stop,1
1490,ll_0298,Teresa Walker,p1_format,ar,ar,stop,1
1491,ll_0298,Teresa Walker,p1_format_soft,ar,ar,stop,1
1492,ll_0298,Teresa Walker,p2_complexity,ar,ar,stop,1
1493,ll_0298,Teresa Walker,p4_role,ar,ar,stop,1
1494,ll_0298,Teresa Walker,p5_fewshot,ar,ar,stop,1
1495,ll_0299,Carlos Williams,p1_format,ss,ss,stop,1
1496,ll_0299,Carlos Williams,p1_format_soft,ss,ss,stop,1
1497,ll_0299,Carlos Williams,p2_complexity,ss,ss,stop,1
1498,ll_0299,Carlos Williams,p4_role,ss,ss,stop,1
1499,ll_0299,Carlos Williams,p5_fewshot,ss,ss,stop,1
1500,ll_0300,Javier Cruz,p1_format,rz,rz,stop,1
1501,ll_0300,Javier Cruz,p1_format_soft,rz,rz,stop,1
1502,ll_0300,Javier Cruz,p2_complexity,rz,rz,stop,1
1503,ll_0300,Javier Cruz,p4_role,rz,rz,stop,1
1504,ll_0300,Javier Cruz,p5_fewshot,rz,rz,stop,1
1505,ll_0301,Luis Singh,p1_format,sh,sh,stop,1
1506,ll_0301,Luis Singh,p1_format_soft,sh,sh,stop,1
1507,ll_0301,Luis Singh,p2_complexity,sh,sh,stop,1
1508,ll_0301,Luis Singh,p4_role,sh,sh,stop,1
1509,ll_0301,Luis Singh,p5_fewshot,sh,sh,stop,1
1510,ll_0302,Rachel Marie,p1_format,le,le,stop,1
1511,ll_0302,Rachel Marie,p1_format_soft,le,le,stop,1
1512,ll_0302,Rachel Marie,p2_complexity,le,le,stop,1
1513,ll_0302,Rachel Marie,p4_role,le,le,stop,1
1514,ll_0302,Rachel Marie,p5_fewshot,le,le,stop,1
1515,ll_0303,Heather Nelson,p1_format,rn,rn,stop,1
1516,ll_0303,Heather Nelson,p1_format_soft,rn,rn,stop,1
1517,ll_0303,Heather Nelson,p2_complexity,rn,rn,stop,1
1518,ll_0303,Heather Nelson,p4_role,rn,rn,stop,1
1519,ll_0303,Heather Nelson,p5_fewshot,rn,rn,stop,1
1520,ll_0304,Susan Ramirez,p1_format,nz,nz,stop,1
1521,ll_0304,Susan Ramirez,p1_format_soft,nz,nz,stop,1
1522,ll_0304,Susan Ramirez,p2_complexity,nz,nz,stop,1
1523,ll_0304,Susan Ramirez,p4_role,nz,nz,stop,1
1524,ll_0304,Susan Ramirez,p5_fewshot,nz,nz,stop,1
1525,ll_0305,Kim Contreras,p1_format,ms,ms,stop,1
1526,ll_0305,Kim Contreras,p1_format_soft,ms,ms,stop,1
1527,ll_0305,Kim Contreras,p2_complexity,ms,ms,stop,1
1528,ll_0305,Kim Contreras,p4_role,ms,ms,stop,1
1529,ll_0305,Kim Contreras,p5_fewshot,ms,ms,stop,1
1530,ll_0306,Susan Thompson,p1_format,nn,nn,stop,1
1531,ll_0306,Susan Thompson,p1_format_soft,nn,nn,stop,1
1532,ll_0306,Susan Thompson,p2_complexity,nn,nn,stop,1
1533,ll_0306,Susan Thompson,p4_role,nn,nn,stop,1
1534,ll_0306,Susan Thompson,p5_fewshot,nn,nn,stop,1
1535,ll_0307,Barbara Khan,p1_format,an,an,stop,1
1536,ll_0307,Barbara Khan,p1_format_soft,an,an,stop,1
1537,ll_0307,Barbara Khan,p2_complexity,an,an,stop,1
1538,ll_0307,Barbara Khan,p4_role,an,an,stop,1
1539,ll_0307,Barbara Khan,p5_fewshot,an,an,stop,1
1540,ll_0308,Amanda Jackson,p1_format,an,an,stop,1
1541,ll_0308,Amanda Jackson,p1_format_soft,an,an,stop,1
1542,ll_0308,Amanda Jackson,p2_complexity,an,an,stop,1
1543,ll_0308,Amanda Jackson,p4_role,an,an,stop,1
1544,ll_0308,Amanda Jackson,p5_fewshot,an,an,stop,1
1545,ll_0309,Sara Carter,p1_format,ar,ar,stop,1
1546,ll_0309,Sara Carter,p1_format_soft,ar,ar,stop,1
1547,ll_0309,Sara Carter,p2_complexity,ar,ar,stop,1
1548,ll_0309,Sara Carter,p4_role,ar,ar,stop,1
1549,ll_0309,Sara Carter,p5_fewshot,ar,ar,stop,1
1550,ll_0310,Antonio Castillo,p1_format,oo,oo,stop,1
1551,ll_0310,Antonio Castillo,p1_format_soft,oo,oo,stop,1
1552,ll_0310,Antonio Castillo,p2_complexity,oo,oo,stop,1
1553,ll_0310,Antonio Castillo,p4_role,oo,oo,stop,1
1554,ll_0310,Antonio Castillo,p5_fewshot,oo,oo,stop,1
1555,ll_0311,Robert Singh,p1_format,th,th,stop,1
1556,ll_0311,Robert Singh,p1_format_soft,th,th,stop,1
1557,ll_0311,Robert Singh,p2_complexity,th,th,stop,1
1558,ll_0311,Robert Singh,p4_role,th,th,stop,1
1559,ll_0311,Robert Singh,p5_fewshot,th,th,stop,1
1560,ll_0312,David Moreno,p1_format,do,do,stop,1
1561,ll_0312,David Moreno,p1_format_soft,do,do,stop,1
1562,ll_0312,David Moreno,p2_complexity,do,do,stop,1
1563,ll_0312,David Moreno,p4_role,do,do,stop,1
1564,ll_0312,David Moreno,p5_fewshot,do,do,stop,1
1565,ll_0313,Richard Vega,p1_format,da,da,stop,1
1566,ll_0313,Richard Vega,p1_format_soft,da,da,stop,1
1567,ll_0313,Richard Vega,p2_complexity,da,da,stop,1
1568,ll_0313,Richard Vega,p4_role,da,da,stop,1
1569,ll_0313,Richard Vega,p5_fewshot,da,da,stop,1
1570,ll_0314,Victor Hill,p1_format,rl,rl,stop,1
1571,ll_0314,Victor Hill,p1_format_soft,rl,rl,stop,1
1572,ll_0314,Victor Hill,p2_complexity,rl,rl,stop,1
1573,ll_0314,Victor Hill,p4_role,rl,rl,stop,1
1574,ll_0314,Victor Hill,p5_fewshot,rl,rl,stop,1
1575,ll_0315,Michael Thompson,p1_format,ln,ln,stop,1
1576,ll_0315,Michael Thompson,p1_format_soft,ln,ln,stop,1
1577,ll_0315,Michael Thompson,p2_complexity,ln,ln,stop,1
1578,ll_0315,Michael Thompson,p4_role,ln,ln,stop,1
1579,ll_0315,Michael Thompson,p5_fewshot,ln,ln,stop,1
1580,ll_0316,Sandra Hill,p1_format,al,al,stop,1
1581,ll_0316,Sandra Hill,p1_format_soft,al,al,stop,1
1582,ll_0316,Sandra Hill,p2_complexity,al,al,stop,1
1583,ll_0316,Sandra Hill,p4_role,al,al,stop,1
1584,ll_0316,Sandra Hill,p5_fewshot,al,al,stop,1
1585,ll_0317,Miguel Martin,p1_format,ln,ln,stop,1
1586,ll_0317,Miguel Martin,p1_format_soft,ln,ln,stop,1
1587,ll_0317,Miguel Martin,p2_complexity,ln,ln,stop,1
1588,ll_0317,Miguel Martin,p4_role,ln,ln,stop,1
1589,ll_0317,Miguel Martin,p5_fewshot,ln,ln,stop,1
1590,ll_0318,James Herrera,p1_format,sa,sa,stop,1
1591,ll_0318,James Herrera,p1_format_soft,sa,sa,stop,1
1592,ll_0318,James Herrera,p2_complexity,sa,sa,stop,1
1593,ll_0318,James Herrera,p4_role,sa,sa,stop,1
1594,ll_0318,James Herrera,p5_fewshot,sa,sa,stop,1
1595,ll_0319,Elizabeth Moore,p1_format,he,he,stop,1
1596,ll_0319,Elizabeth Moore,p1_format_soft,he,he,stop,1
1597,ll_0319,Elizabeth Moore,p2_complexity,he,he,stop,1
1598,ll_0319,Elizabeth Moore,p4_role,he,he,stop,1
1599,ll_0319,Elizabeth Moore,p5_fewshot,he,he,stop,1
1600,ll_0320,Tony Mitchell,p1_format,yl,yh,stop,0
1601,ll_0320,Tony Mitchell,p1_format_soft,yl,yh,stop,0
1602,ll_0320,Tony Mitchell,p2_complexity,yl,yl,stop,1
1603,ll_0320,Tony Mitchell,p4_role,yl,yl,stop,1
1604,ll_0320,Tony Mitchell,p5_fewshot,yl,yl,stop,1
1605,ll_0321,Anthony Soto,p1_format,yo,yo,stop,1
1606,ll_0321,Anthony Soto,p1_format_soft,yo,yo,stop,1
1607,ll_0321,Anthony Soto,p2_complexity,yo,yo,stop,1
1608,ll_0321,Anthony Soto,p4_role,yo,yo,stop,1
1609,ll_0321,Anthony Soto,p5_fewshot,yo,yo,stop,1
1610,ll_0322,Oscar Garza,p1_format,ra,ra,stop,1
1611,ll_0322,Oscar Garza,p1_format_soft,ra,ra,stop,1
1612,ll_0322,Oscar Garza,p2_complexity,ra,ra,stop,1
1613,ll_0322,Oscar Garza,p4_role,ra,ra,stop,1
1614,ll_0322,Oscar Garza,p5_fewshot,ra,ra,stop,1
1615,ll_0323,Joseph Perez,p1_format,hz,hz,stop,1
1616,ll_0323,Joseph Perez,p1_format_soft,hz,hz,stop,1
1617,ll_0323,Joseph Perez,p2_complexity,hz,hz,stop,1
1618,ll_0323,Joseph Perez,p4_role,hz,hz,stop,1
1619,ll_0323,Joseph Perez,p5_fewshot,hz,hz,stop,1
1620,ll_0324,Richard Guzman,p1_format,dn,dn,stop,1
1621,ll_0324,Richard Guzman,p1_format_soft,dn,dn,stop,1
1622,ll_0324,Richard Guzman,p2_complexity,dn,dn,stop,1
1623,ll_0324,Richard Guzman,p4_role,dn,dn,stop,1
1624,ll_0324,Richard Guzman,p5_fewshot,dn,dn,stop,1
1625,ll_0325,Gloria Torres,p1_format,as,as,stop,1
1626,ll_0325,Gloria Torres,p1_format_soft,as,as,stop,1
1627,ll_0325,Gloria Torres,p2_complexity,as,as,stop,1
1628,ll_0325,Gloria Torres,p4_role,as,as,stop,1
1629,ll_0325,Gloria Torres,p5_fewshot,as,as,stop,1
1630,ll_0326,Paul Young,p1_format,lg,lg,stop,1
1631,ll_0326,Paul Young,p1_format_soft,lg,lg,stop,1
1632,ll_0326,Paul Young,p2_complexity,lg,lg,stop,1
1633,ll_0326,Paul Young,p4_role,lg,lg,stop,1
1634,ll_0326,Paul Young,p5_fewshot,lg,lg,stop,1
1635,ll_0327,Sharon Ramos,p1_format,ns,ns,stop,1
1636,ll_0327,Sharon Ramos,p1_format_soft,ns,ns,stop,1
1637,ll_0327,Sharon Ramos,p2_complexity,ns,ns,stop,1
1638,ll_0327,Sharon Ramos,p4_role,ns,ns,stop,1
1639,ll_0327,Sharon Ramos,p5_fewshot,ns,ns,stop,1
1640,ll_0328,Christina Jones,p1_format,as,as,stop,1
1641,ll_0328,Christina Jones,p1_format_soft,as,as,stop,1
1642,ll_0328,Christina Jones,p2_complexity,as,as,stop,1
1643,ll_0328,Christina Jones,p4_role,as,as,stop,1
1644,ll_0328,Christina Jones,p5_fewshot,as,as,stop,1
1645,ll_0329,Samantha Brown,p1_format,an,an,stop,1
1646,ll_0329,Samantha Brown,p1_format_soft,an,an,stop,1
1647,ll_0329,Samantha Brown,p2_complexity,an,an,stop,1
1648,ll_0329,Samantha Brown,p4_role,an,an,stop,1
1649,ll_0329,Samantha Brown,p5_fewshot,an,an,stop,1
1650,ll_0330,Stephanie Ramirez,p1_format,ez,ez,stop,1
1651,ll_0330,Stephanie Ramirez,p1_format_soft,ez,ez,stop,1
1652,ll_0330,Stephanie Ramirez,p2_complexity,ez,ez,stop,1
1653,ll_0330,Stephanie Ramirez,p4_role,ez,ez,stop,1
1654,ll_0330,Stephanie Ramirez,p5_fewshot,ez,ez,stop,1
1655,ll_0331,Mary Lee,p1_format,ye,ye,stop,1
1656,ll_0331,Mary Lee,p1_format_soft,ye,ye,stop,1
1657,ll_0331,Mary Lee,p2_complexity,ye,ye,stop,1
1658,ll_0331,Mary Lee,p4_role,ye,ye,stop,1
1659,ll_0331,Mary Lee,p5_fewshot,ye,ye,stop,1
1660,ll_0332,Sara Vasquez,p1_format,az,az,stop,1
1661,ll_0332,Sara Vasquez,p1_format_soft,az,az,stop,1
1662,ll_0332,Sara Vasquez,p2_complexity,az,az,stop,1
1663,ll_0332,Sara Vasquez,p4_role,az,az,stop,1
1664,ll_0332,Sara Vasquez,p5_fewshot,az,az,stop,1
1665,ll_0333,Lauren Medina,p1_format,na,na,stop,1
1666,ll_0333,Lauren Medina,p1_format_soft,na,na,stop,1
1667,ll_0333,Lauren Medina,p2_complexity,na,na,stop,1
1668,ll_0333,Lauren Medina,p4_role,na,na,stop,1
1669,ll_0333,Lauren Medina,p5_fewshot,na,na,stop,1
1670,ll_0334,Gloria Salazar,p1_format,ar,ar,stop,1
1671,ll_0334,Gloria Salazar,p1_format_soft,ar,ar,stop,1
1672,ll_0334,Gloria Salazar,p2_complexity,ar,ar,stop,1
1673,ll_0334,Gloria Salazar,p4_role,ar,ar,stop,1
1674,ll_0334,Gloria Salazar,p5_fewshot,ar,ar,stop,1
1675,ll_0335,Alex Harris,p1_format,xs,xs,stop,1
1676,ll_0335,Alex Harris,p1_format_soft,xs,xs,stop,1
1677,ll_0335,Alex Harris,p2_complexity,xs,xs,stop,1
1678,ll_0335,Alex Harris,p4_role,xs,xs,stop,1
1679,ll_0335,Alex Harris,p5_fewshot,xs,xs,stop,1
1680,ll_0336,Anthony Marie,p1_format,ye,ye,stop,1
1681,ll_0336,Anthony Marie,p1_format_soft,ye,ye,stop,1
1682,ll_0336,Anthony Marie,p2_complexity,ye,ye,stop,1
1683,ll_0336,Anthony Marie,p4_role,ye,ye,stop,1
1684,ll_0336,Anthony Marie,p5_fewshot,ye,ye,stop,1
1685,ll_0337,Samantha Alvarez,p1_format,az,az,stop,1
1686,ll_0337,Samantha Alvarez,p1_format_soft,az,az,stop,1
1687,ll_0337,Samantha Alvarez,p2_complexity,az,az,stop,1
1688,ll_0337,Samantha Alvarez,p4_role,az,az,stop,1
1689,ll_0337,Samantha Alvarez,p5_fewshot,az,az,stop,1
1690,ll_0338,Antonio Morales,p1_format,os,os,stop,1
1691,ll_0338,Antonio Morales,p1_format_soft,os,os,stop,1
1692,ll_0338,Antonio Morales,p2_complexity,os,os,stop,1
1693,ll_0338,Antonio Morales,p4_role,os,os,stop,1
1694,ll_0338,Antonio Morales,p5_fewshot,os,os,stop,1
1695,ll_0339,Martha Perez,p1_format,az,az,stop,1
1696,ll_0339,Martha Perez,p1_format_soft,az,az,stop,1
1697,ll_0339,Martha Perez,p2_complexity,az,az,stop,1
1698,ll_0339,Martha Perez,p4_role,az,az,stop,1
1699,ll_0339,Martha Perez,p5_fewshot,az,az,stop,1
1700,ll_0340,Jonathan Gutierrez,p1_format,nz,nz,stop,1
1701,ll_0340,Jonathan Gutierrez,p1_format_soft,nz,nz,stop,1
1702,ll_0340,Jonathan Gutierrez,p2_complexity,nz,nz,stop,1
1703,ll_0340,Jonathan Gutierrez,p4_role,nz,nz,stop,1
1704,ll_0340,Jonathan Gutierrez,p5_fewshot,nz,nz,stop,1
1705,ll_0341,Mike Miller,p1_format,er,er,stop,1
1706,ll_0341,Mike Miller,p1_format_soft,er,er,stop,1
1707,ll_0341,Mike Miller,p2_complexity,er,er,stop,1
1708,ll_0341,Mike Miller,p4_role,er,er,stop,1
1709,ll_0341,Mike Miller,p5_fewshot,er,er,stop,1
1710,ll_0342,Kathy Sanchez,p1_format,yz,yz,stop,1
1711,ll_0342,Kathy Sanchez,p1_format_soft,yz,yz,stop,1
1712,ll_0342,Kathy Sanchez,p2_complexity,yz,yz,stop,1
1713,ll_0342,Kathy Sanchez,p4_role,yz,yz,stop,1
1714,ll_0342,Kathy Sanchez,p5_fewshot,yz,yz,stop,1
1715,ll_0343,Martha White,p1_format,ae,ae,stop,1
1716,ll_0343,Martha White,p1_format_soft,ae,ae,stop,1
1717,ll_0343,Martha White,p2_complexity,ae,ae,stop,1
1718,ll_0343,Martha White,p4_role,ae,ae,stop,1
1719,ll_0343,Martha White,p5_fewshot,ae,ae,stop,1
1720,ll_0344,Eric Medina,p1_format,ca,ca,stop,1
1721,ll_0344,Eric Medina,p1_format_soft,ca,ca,stop,1
1722,ll_0344,Eric Medina,p2_complexity,ca,ca,stop,1
1723,ll_0344,Eric Medina,p4_role,ca,ca,stop,1
1724,ll_0344,Eric Medina,p5_fewshot,ca,ca,stop,1
1725,ll_0345,Robert Guzman,p1_format,tn,tn,stop,1
1726,ll_0345,Robert Guzman,p1_format_soft,tn,tn,stop,1
1727,ll_0345,Robert Guzman,p2_complexity,tn,tn,stop,1
1728,ll_0345,Robert Guzman,p4_role,tn,tn,stop,1
1729,ll_0345,Robert Guzman,p5_fewshot,tn,tn,stop,1
1730,ll_0346,Diana Adams,p1_format,as,as,stop,1
1731,ll_0346,Diana Adams,p1_format_soft,as,as,stop,1
1732,ll_0346,Diana Adams,p2_complexity,as,as,stop,1
1733,ll_0346,Diana Adams,p4_role,as,as,stop,1
1734,ll_0346,Diana Adams,p5_fewshot,as,as,stop,1
1735,ll_0347,Brian Walker,p1_format,nr,nr,stop,1
1736,ll_0347,Brian Walker,p1_format_soft,nr,nr,stop,1
1737,ll_0347,Brian Walker,p2_complexity,nr,nr,stop,1
1738,ll_0347,Brian Walker,p4_role,nr,nr,stop,1
1739,ll_0347,Brian Walker,p5_fewshot,nr,nr,stop,1
1740,ll_0348,Linda Reyes,p1_format,as,as,stop,1
1741,ll_0348,Linda Reyes,p1_format_soft,as,as,stop,1
1742,ll_0348,Linda Reyes,p2_complexity,as,as,stop,1
1743,ll_0348,Linda Reyes,p4_role,as,as,stop,1
1744,ll_0348,Linda Reyes,p5_fewshot,as,as,stop,1
1745,ll_0349,Rachel Kim,p1_format,lm,lm,stop,1
1746,ll_0349,Rachel Kim,p1_format_soft,lm,lm,stop,1
1747,ll_0349,Rachel Kim,p2_complexity,lm,lm,stop,1
1748,ll_0349,Rachel Kim,p4_role,lm,lm,stop,1
1749,ll_0349,Rachel Kim,p5_fewshot,lm,lm,stop,1
1750,ll_0350,Linda Silva,p1_format,aa,aa,stop,1
1751,ll_0350,Linda Silva,p1_format_soft,aa,aa,stop,1
1752,ll_0350,Linda Silva,p2_complexity,aa,aa,stop,1
1753,ll_0350,Linda Silva,p4_role,aa,aa,stop,1
1754,ll_0350,Linda Silva,p5_fewshot,aa,aa,stop,1
1755,ll_0351,Elizabeth Perez,p1_format,hz,hz,stop,1
1756,ll_0351,Elizabeth Perez,p1_format_soft,hz,hz,stop,1
1757,ll_0351,Elizabeth Perez,p2_complexity,hz,hz,stop,1
1758,ll_0351,Elizabeth Perez,p4_role,hz,hz,stop,1
1759,ll_0351,Elizabeth Perez,p5_fewshot,hz,hz,stop,1
1760,ll_0352,Miguel Diaz,p1_format,lz,lz,stop,1
1761,ll_0352,Miguel Diaz,p1_format_soft,lz,lz,stop,1
1762,ll_0352,Miguel Diaz,p2_complexity,lz,lz,stop,1
1763,ll_0352,Miguel Diaz,p4_role,lz,lz,stop,1
1764,ll_0352,Miguel Diaz,p5_fewshot,lz,lz,stop,1
1765,ll_0353,Gloria Delgado,p1_format,ao,ao,stop,1
1766,ll_0353,Gloria Delgado,p1_format_soft,ao,ao,stop,1
1767,ll_0353,Gloria Delgado,p2_complexity,ao,ao,stop,1
1768,ll_0353,Gloria Delgado,p4_role,ao,ao,stop,1
1769,ll_0353,Gloria Delgado,p5_fewshot,ao,ao,stop,1
1770,ll_0354,Nicole Thomas,p1_format,es,es,stop,1
1771,ll_0354,Nicole Thomas,p1_format_soft,es,es,stop,1
1772,ll_0354,Nicole Thomas,p2_complexity,es,es,stop,1
1773,ll_0354,Nicole Thomas,p4_role,es,es,stop,1
1774,ll_0354,Nicole Thomas,p5_fewshot,es,es,stop,1
1775,ll_0355,Sharon Moore,p1_format,ne,ne,stop,1
1776,ll_0355,Sharon Moore,p1_format_soft,ne,ne,stop,1
1777,ll_0355,Sharon Moore,p2_complexity,ne,ne,stop,1
1778,ll_0355,Sharon Moore,p4_role,ne,ne,stop,1
1779,ll_0355,Sharon Moore,p5_fewshot,ne,ne,stop,1
1780,ll_0356,Angel Castillo,p1_format,lo,lo,stop,1
1781,ll_0356,Angel Castillo,p1_format_soft,lo,lo,stop,1
1782,ll_0356,Angel Castillo,p2_complexity,lo,lo,stop,1
1783,ll_0356,Angel Castillo,p4_role,lo,lo,stop,1
1784,ll_0356,Angel Castillo,p5_fewshot,lo,lo,stop,1
1785,ll_0357,Mark Jones,p1_format,ks,ks,stop,1
1786,ll_0357,Mark Jones,p1_format_soft,ks,ks,stop,1
1787,ll_0357,Mark Jones,p2_complexity,ks,ks,stop,1
1788,ll_0357,Mark Jones,p4_role,ks,ks,stop,1
1789,ll_0357,Mark Jones,p5_fewshot,ks,ks,stop,1
1790,ll_0358,Juan Moore,p1_format,ne,ne,stop,1
1791,ll_0358,Juan Moore,p1_format_soft,ne,ne,stop,1
1792,ll_0358,Juan Moore,p2_complexity,ne,ne,stop,1
1793,ll_0358,Juan Moore,p4_role,ne,ne,stop,1
1794,ll_0358,Juan Moore,p5_fewshot,ne,ne,stop,1
1795,ll_0359,Michelle Vargas,p1_format,es,es,stop,1
1796,ll_0359,Michelle Vargas,p1_format_soft,es,es,stop,1
1797,ll_0359,Michelle Vargas,p2_complexity,es,es,stop,1
1798,ll_0359,Michelle Vargas,p4_role,es,es,stop,1
1799,ll_0359,Michelle Vargas,p5_fewshot,es,es,stop,1
1800,ll_0360,Eric Anderson,p1_format,cn,cn,stop,1
1801,ll_0360,Eric Anderson,p1_format_soft,cn,cn,stop,1
1802,ll_0360,Eric Anderson,p2_complexity,cn,cn,stop,1
1803,ll_0360,Eric Anderson,p4_role,cn,cn,stop,1
1804,ll_0360,Eric Anderson,p5_fewshot,cn,cn,stop,1
1805,ll_0361,Michael Gonzales,p1_format,ls,ls,stop,1
1806,ll_0361,Michael Gonzales,p1_format_soft,ls,ls,stop,1
1807,ll_0361,Michael Gonzales,p2_complexity,ls,ls,stop,1
1808,ll_0361,Michael Gonzales,p4_role,ls,ls,stop,1
1809,ll_0361,Michael Gonzales,p5_fewshot,ls,ls,stop,1
1810,ll_0362,Christopher Gomez,p1_format,rz,rz,stop,1
1811,ll_0362,Christopher Gomez,p1_format_soft,rz,rz,stop,1
1812,ll_0362,Christopher Gomez,p2_complexity,rz,rz,stop,1
1813,ll_0362,Christopher Gomez,p4_role,rz,rz,stop,1
1814,ll_0362,Christopher Gomez,p5_fewshot,rz,rz,stop,1
1815,ll_0363,Melissa Vasquez,p1_format,az,az,stop,1
1816,ll_0363,Melissa Vasquez,p1_format_soft,az,az,stop,1
1817,ll_0363,Melissa Vasquez,p2_complexity,az,az,stop,1
1818,ll_0363,Melissa Vasquez,p4_role,az,az,stop,1
1819,ll_0363,Melissa Vasquez,p5_fewshot,az,az,stop,1
1820,ll_0364,Christopher Hall,p1_format,rl,rl,stop,1
1821,ll_0364,Christopher Hall,p1_format_soft,rl,rl,stop,1
1822,ll_0364,Christopher Hall,p2_complexity,rl,rl,stop,1
1823,ll_0364,Christopher Hall,p4_role,rl,rl,stop,1
1824,ll_0364,Christopher Hall,p5_fewshot,rl,rl,stop,1
1825,ll_0365,David Romero,p1_format,do,do,stop,1
1826,ll_0365,David Romero,p1_format_soft,do,do,stop,1
1827,ll_0365,David Romero,p2_complexity,do,do,stop,1
1828,ll_0365,David Romero,p4_role,do,do,stop,1
1829,ll_0365,David Romero,p5_fewshot,do,do,stop,1
1830,ll_0366,Javier Flores,p1_format,rs,rs,stop,1
1831,ll_0366,Javier Flores,p1_format_soft,rs,rs,stop,1
1832,ll_0366,Javier Flores,p2_complexity,rs,rs,stop,1
1833,ll_0366,Javier Flores,p4_role,rs,rs,stop,1
1834,ll_0366,Javier Flores,p5_fewshot,rs,rs,stop,1
1835,ll_0367,James Anderson,p1_format,sn,sn,stop,1
1836,ll_0367,James Anderson,p1_format_soft,sn,sn,stop,1
1837,ll_0367,James Anderson,p2_complexity,sn,sn,stop,1
1838,ll_0367,James Anderson,p4_role,sn,sn,stop,1
1839,ll_0367,James Anderson,p5_fewshot,sn,sn,stop,1
1840,ll_0368,Antonio Young,p1_format,og,og,stop,1
1841,ll_0368,Antonio Young,p1_format_soft,og,og,stop,1
1842,ll_0368,Antonio Young,p2_complexity,og,og,stop,1
1843,ll_0368,Antonio Young,p4_role,og,og,stop,1
1844,ll_0368,Antonio Young,p5_fewshot,og,og,stop,1
1845,ll_0369,Nick Nguyen,p1_format,kn,kn,stop,1
1846,ll_0369,Nick Nguyen,p1_format_soft,kn,kn,stop,1
1847,ll_0369,Nick Nguyen,p2_complexity,kn,kn,stop,1
1848,ll_0369,Nick Nguyen,p4_role,kn,kn,stop,1
1849,ll_0369,Nick Nguyen,p5_fewshot,kn,kn,stop,1
1850,ll_0370,Javier Brown,p1_format,rn,rn,stop,1
1851,ll_0370,Javier Brown,p1_format_soft,rn,rn,stop,1
1852,ll_0370,Javier Brown,p2_complexity,rn,rn,stop,1
1853,ll_0370,Javier Brown,p4_role,rn,rn,stop,1
1854,ll_0370,Javier Brown,p5_fewshot,rn,rn,stop,1
1855,ll_0371,Gloria Castro,p1_format,ao,ao,stop,1
1856,ll_0371,Gloria Castro,p1_format_soft,ao,ao,stop,1
1857,ll_0371,Gloria Castro,p2_complexity,ao,ao,stop,1
1858,ll_0371,Gloria Castro,p4_role,ao,ao,stop,1
1859,ll_0371,Gloria Castro,p5_fewshot,ao,ao,stop,1
1860,ll_0372,Samantha Jimenez,p1_format,az,az,stop,1
1861,ll_0372,Samantha Jimenez,p1_format_soft,az,az,stop,1
1862,ll_0372,Samantha Jimenez,p2_complexity,az,az,stop,1
1863,ll_0372,Samantha Jimenez,p4_role,az,az,stop,1
1864,ll_0372,Samantha Jimenez,p5_fewshot,az,az,stop,1
1865,ll_0373,Carmen Ramos,p1_format,ns,ns,stop,1
1866,ll_0373,Carmen Ramos,p1_format_soft,ns,ns,stop,1
1867,ll_0373,Carmen Ramos,p2_complexity,ns,ns,stop,1
1868,ll_0373,Carmen Ramos,p4_role,ns,ns,stop,1
1869,ll_0373,Carmen Ramos,p5_fewshot,ns,ns,stop,1
1870,ll_0374,Luis Chavez,p1_format,sz,sz,stop,1
1871,ll_0374,Luis Chavez,p1_format_soft,sz,sz,stop,1
1872,ll_0374,Luis Chavez,p2_complexity,sz,sz,stop,1
1873,ll_0374,Luis Chavez,p4_role,sz,sz,stop,1
1874,ll_0374,Luis Chavez,p5_fewshot,sz,sz,stop,1
1875,ll_0375,Lauren Campbell,p1_format,nl,nl,stop,1
1876,ll_0375,Lauren Campbell,p1_format_soft,nl,nl,stop,1
1877,ll_0375,Lauren Campbell,p2_complexity,nl,nl,stop,1
1878,ll_0375,Lauren Campbell,p4_role,nl,nl,stop,1
1879,ll_0375,Lauren Campbell,p5_fewshot,nl,nl,stop,1
1880,ll_0376,Susan Medina,p1_format,na,na,stop,1
1881,ll_0376,Susan Medina,p1_format_soft,na,na,stop,1
1882,ll_0376,Susan Medina,p2_complexity,na,na,stop,1
1883,ll_0376,Susan Medina,p4_role,na,na,stop,1
1884,ll_0376,Susan Medina,p5_fewshot,na,na,stop,1
1885,ll_0377,Melissa Young,p1_format,ag,ag,stop,1
1886,ll_0377,Melissa Young,p1_format_soft,ag,ag,stop,1
1887,ll_0377,Melissa Young,p2_complexity,ag,ag,stop,1
1888,ll_0377,Melissa Young,p4_role,ag,ag,stop,1
1889,ll_0377,Melissa Young,p5_fewshot,ag,ag,stop,1
1890,ll_0378,Ryan Alvarado,p1_format,no,no,stop,1
1891,ll_0378,Ryan Alvarado,p1_format_soft,no,no,stop,1
1892,ll_0378,Ryan Alvarado,p2_complexity,no,no,stop,1
1893,ll_0378,Ryan Alvarado,p4_role,no,no,stop,1
1894,ll_0378,Ryan Alvarado,p5_fewshot,no,no,stop,1
1895,ll_0379,John Anderson,p1_format,nn,nn,stop,1
1896,ll_0379,John Anderson,p1_format_soft,nn,nn,stop,1
1897,ll_0379,John Anderson,p2_complexity,nn,nn,stop,1
1898,ll_0379,John Anderson,p4_role,nn,nn,stop,1
1899,ll_0379,John Anderson,p5_fewshot,nn,nn,stop,1
1900,ll_0380,Cindy Maldonado,p1_format,yo,yo,stop,1
1901,ll_0380,Cindy Maldonado,p1_format_soft,yo,yo,stop,1
1902,ll_0380,Cindy Maldonado,p2_complexity,yo,yo,stop,1
1903,ll_0380,Cindy Maldonado,p4_role,yo,yo,stop,1
1904,ll_0380,Cindy Maldonado,p5_fewshot,yo,yo,stop,1
1905,ll_0381,Steven Maldonado,p1_format,no,no,stop,1
1906,ll_0381,Steven Maldonado,p1_format_soft,no,no,stop,1
1907,ll_0381,Steven Maldonado,p2_complexity,no,no,stop,1
1908,ll_0381,Steven Maldonado,p4_role,no,no,stop,1
1909,ll_0381,Steven Maldonado,p5_fewshot,no,no,stop,1
1910,ll_0382,Michelle Khan,p1_format,en,en,stop,1
1911,ll_0382,Michelle Khan,p1_format_soft,en,en,stop,1
1912,ll_0382,Michelle Khan,p2_complexity,en,en,stop,1
1913,ll_0382,Michelle Khan,p4_role,en,en,stop,1
1914,ll_0382,Michelle Khan,p5_fewshot,en,en,stop,1
1915,ll_0383,Steven Garza,p1_format,na,na,stop,1
1916,ll_0383,Steven Garza,p1_format_soft,na,na,stop,1
1917,ll_0383,Steven Garza,p2_complexity,na,na,stop,1
1918,ll_0383,Steven Garza,p4_role,na,na,stop,1
1919,ll_0383,Steven Garza,p5_fewshot,na,na,stop,1
1920,ll_0384,Melissa Rivera,p1_format,aa,aa,stop,1
1921,ll_0384,Melissa Rivera,p1_format_soft,aa,aa,stop,1
1922,ll_0384,Melissa Rivera,p2_complexity,aa,aa,stop,1
1923,ll_0384,Melissa Rivera,p4_role,aa,aa,stop,1
1924,ll_0384,Melissa Rivera,p5_fewshot,aa,aa,stop,1
1925,ll_0385,Kathy Singh,p1_format,yh,yh,stop,1
1926,ll_0385,Kathy Singh,p1_format_soft,yh,yh,stop,1
1927,ll_0385,Kathy Singh,p2_complexity,yh,yh,stop,1
1928,ll_0385,Kathy Singh,p4_role,yh,yh,stop,1
1929,ll_0385,Kathy Singh,p5_fewshot,yh,yh,stop,1
1930,ll_0386,Jennifer Garcia,p1_format,ra,ra,stop,1
1931,ll_0386,Jennifer Garcia,p1_format_soft,ra,ra,stop,1
1932,ll_0386,Jennifer Garcia,p2_complexity,ra,ra,stop,1
1933,ll_0386,Jennifer Garcia,p4_role,ra,ra,stop,1
1934,ll_0386,Jennifer Garcia,p5_fewshot,ra,ra,stop,1
1935,ll_0387,Victor Miller,p1_format,rr,rr,stop,1
1936,ll_0387,Victor Miller,p1_format_soft,rr,rr,stop,1
1937,ll_0387,Victor Miller,p2_complexity,rr,rr,stop,1
1938,ll_0387,Victor Miller,p4_role,rr,rr,stop,1
1939,ll_0387,Victor Miller,p5_fewshot,rr,rr,stop,1
1940,ll_0388,Carlos Martin,p1_format,sn,sn,stop,1
1941,ll_0388,Carlos Martin,p1_format_soft,sn,sn,stop,1
1942,ll_0388,Carlos Martin,p2_complexity,sn,sn,stop,1
1943,ll_0388,Carlos Martin,p4_role,sn,sn,stop,1
1944,ll_0388,Carlos Martin,p5_fewshot,sn,sn,stop,1
1945,ll_0389,Ryan Garza,p1_format,na,na,stop,1
1946,ll_0389,Ryan Garza,p1_format_soft,na,na,stop,1
1947,ll_0389,Ryan Garza,p2_complexity,na,na,stop,1
1948,ll_0389,Ryan Garza,p4_role,na,na,stop,1
1949,ll_0389,Ryan Garza,p5_fewshot,na,na,stop,1
1950,ll_0390,Ana King,p1_format,ag,ag,stop,1
1951,ll_0390,Ana King,p1_format_soft,ag,ag,stop,1
1952,ll_0390,Ana King,p2_complexity,ag,ag,stop,1
1953,ll_0390,Ana King,p4_role,ag,ag,stop,1
1954,ll_0390,Ana King,p5_fewshot,ag,ag,stop,1
1955,ll_0391,Sarah Hill,p1_format,hl,hl,stop,1
1956,ll_0391,Sarah Hill,p1_format_soft,hl,hl,stop,1
1957,ll_0391,Sarah Hill,p2_complexity,hl,hl,stop,1
1958,ll_0391,Sarah Hill,p4_role,hl,hl,stop,1
1959,ll_0391,Sarah Hill,p5_fewshot,hl,hl,stop,1
1960,ll_0392,Angela Davis,p1_format,as,as,stop,1
1961,ll_0392,Angela Davis,p1_format_soft,as,as,stop,1
1962,ll_0392,Angela Davis,p2_complexity,as,as,stop,1
1963,ll_0392,Angela Davis,p4_role,as,as,stop,1
1964,ll_0392,Angela Davis,p5_fewshot,as,as,stop,1
1965,ll_0393,Mario Harris,p1_format,os,os,stop,1
1966,ll_0393,Mario Harris,p1_format_soft,os,os,stop,1
1967,ll_0393,Mario Harris,p2_complexity,os,os,stop,1
1968,ll_0393,Mario Harris,p4_role,os,os,stop,1
1969,ll_0393,Mario Harris,p5_fewshot,os,os,stop,1
1970,ll_0394,Mike Miller,p1_format,er,er,stop,1
1971,ll_0394,Mike Miller,p1_format_soft,er,er,stop,1
1972,ll_0394,Mike Miller,p2_complexity,er,er,stop,1
1973,ll_0394,Mike Miller,p4_role,er,er,stop,1
1974,ll_0394,Mike Miller,p5_fewshot,er,er,stop,1
1975,ll_0395,Julie Morales,p1_format,es,es,stop,1
1976,ll_0395,Julie Morales,p1_format_soft,es,es,stop,1
1977,ll_0395,Julie Morales,p2_complexity,es,es,stop,1
1978,ll_0395,Julie Morales,p4_role,es,es,stop,1
1979,ll_0395,Julie Morales,p5_fewshot,es,es,stop,1
1980,ll_0396,Patricia Hernandez,p1_format,az,az,stop,1
1981,ll_0396,Patricia Hernandez,p1_format_soft,az,az,stop,1
1982,ll_0396,Patricia Hernandez,p2_complexity,az,az,stop,1
1983,ll_0396,Patricia Hernandez,p4_role,az,an,stop,0
1984,ll_0396,Patricia Hernandez,p5_fewshot,az,an,stop,0
1985,ll_0397,Chris Vazquez,p1_format,sz,sz,stop,1
1986,ll_0397,Chris Vazquez,p1_format_soft,sz,sz,stop,1
1987,ll_0397,Chris Vazquez,p2_complexity,sz,sz,stop,1
1988,ll_0397,Chris Vazquez,p4_role,sz,sz,stop,1
1989,ll_0397,Chris Vazquez,p5_fewshot,sz,sz,stop,1
1990,ll_0398,Paul Carter,p1_format,lr,lr,stop,1
1991,ll_0398,Paul Carter,p1_format_soft,lr,lr,stop,1
1992,ll_0398,Paul Carter,p2_complexity,lr,lr,stop,1
1993,ll_0398,Paul Carter,p4_role,lr,lr,stop,1
1994,ll_0398,Paul Carter,p5_fewshot,lr,lr,stop,1
1995,ll_0399,Kimberly Smith,p1_format,yh,yh,stop,1
1996,ll_0399,Kimberly Smith,p1_format_soft,yh,yh,stop,1
1997,ll_0399,Kimberly Smith,p2_complexity,yh,yh,stop,1
1998,ll_0399,Kimberly Smith,p4_role,yh,yh,stop,1
1999,ll_0399,Kimberly Smith,p5_fewshot,yh,yh,stop,1
2000,ll_0400,Luis Diaz,p1_format,sz,sz,stop,1
2001,ll_0400,Luis Diaz,p1_format_soft,sz,sz,stop,1
2002,ll_0400,Luis Diaz,p2_complexity,sz,sz,stop,1
2003,ll_0400,Luis Diaz,p4_role,sz,sz,stop,1
2004,ll_0400,Luis Diaz,p5_fewshot,sz,sz,stop,1
2005,ll_0401,Elizabeth Young,p1_format,hg,hg,stop,1
2006,ll_0401,Elizabeth Young,p1_format_soft,hg,hg,stop,1
2007,ll_0401,Elizabeth Young,p2_complexity,hg,hg,stop,1
2008,ll_0401,Elizabeth Young,p4_role,hg,hg,stop,1
2009,ll_0401,Elizabeth Young,p5_fewshot,hg,hg,stop,1
2010,ll_0402,Jessica Davis,p1_format,as,as,stop,1
2011,ll_0402,Jessica Davis,p1_format_soft,as,as,stop,1
2012,ll_0402,Jessica Davis,p2_complexity,as,as,stop,1
2013,ll_0402,Jessica Davis,p4_role,as,as,stop,1
2014,ll_0402,Jessica Davis,p5_fewshot,as,as,stop,1
2015,ll_0403,Richard Jimenez,p1_format,dz,dz,stop,1
2016,ll_0403,Richard Jimenez,p1_format_soft,dz,dz,stop,1
2017,ll_0403,Richard Jimenez,p2_complexity,dz,dz,stop,1
2018,ll_0403,Richard Jimenez,p4_role,dz,dz,stop,1
2019,ll_0403,Richard Jimenez,p5_fewshot,dz,dz,stop,1
2020,ll_0404,Rachel Anderson,p1_format,ln,ln,stop,1
2021,ll_0404,Rachel Anderson,p1_format_soft,ln,ln,stop,1
2022,ll_0404,Rachel Anderson,p2_complexity,ln,ln,stop,1
2023,ll_0404,Rachel Anderson,p4_role,ln,ln,stop,1
2024,ll_0404,Rachel Anderson,p5_fewshot,ln,ln,stop,1
2025,ll_0405,Kevin James,p1_format,ns,ns,stop,1
2026,ll_0405,Kevin James,p1_format_soft,ns,ns,stop,1
2027,ll_0405,Kevin James,p2_complexity,ns,ns,stop,1
2028,ll_0405,Kevin James,p4_role,ns,ns,stop,1
2029,ll_0405,Kevin James,p5_fewshot,ns,ns,stop,1
2030,ll_0406,Anthony Johnson,p1_format,yn,yn,stop,1
2031,ll_0406,Anthony Johnson,p1_format_soft,yn,yn,stop,1
2032,ll_0406,Anthony Johnson,p2_complexity,yn,yn,stop,1
2033,ll_0406,Anthony Johnson,p4_role,yn,yn,stop,1
2034,ll_0406,Anthony Johnson,p5_fewshot,yn,yn,stop,1
2035,ll_0407,Karen Delgado,p1_format,no,no,stop,1
2036,ll_0407,Karen Delgado,p1_format_soft,no,no,stop,1
2037,ll_0407,Karen Delgado,p2_complexity,no,no,stop,1
2038,ll_0407,Karen Delgado,p4_role,no,no,stop,1
2039,ll_0407,Karen Delgado,p5_fewshot,no,no,stop,1
2040,ll_0408,Sara Ruiz,p1_format,az,az,stop,1
2041,ll_0408,Sara Ruiz,p1_format_soft,az,az,stop,1
2042,ll_0408,Sara Ruiz,p2_complexity,az,az,stop,1
2043,ll_0408,Sara Ruiz,p4_role,az,az,stop,1
2044,ll_0408,Sara Ruiz,p5_fewshot,az,az,stop,1
2045,ll_0409,Elizabeth Garza,p1_format,ha,ha,stop,1
2046,ll_0409,Elizabeth Garza,p1_format_soft,ha,ha,stop,1
2047,ll_0409,Elizabeth Garza,p2_complexity,ha,ha,stop,1
2048,ll_0409,Elizabeth Garza,p4_role,ha,ha,stop,1
2049,ll_0409,Elizabeth Garza,p5_fewshot,ha,ha,stop,1
2050,ll_0410,Mary Soto,p1_format,yo,yo,stop,1
2051,ll_0410,Mary Soto,p1_format_soft,yo,yo,stop,1
2052,ll_0410,Mary Soto,p2_complexity,yo,yo,stop,1
2053,ll_0410,Mary Soto,p4_role,yo,yo,stop,1
2054,ll_0410,Mary Soto,p5_fewshot,yo,yo,stop,1
2055,ll_0411,Brenda Martin,p1_format,an,an,stop,1
2056,ll_0411,Brenda Martin,p1_format_soft,an,an,stop,1
2057,ll_0411,Brenda Martin,p2_complexity,an,an,stop,1
2058,ll_0411,Brenda Martin,p4_role,an,an,stop,1
2059,ll_0411,Brenda Martin,p5_fewshot,an,an,stop,1
2060,ll_0412,Christopher Moore,p1_format,re,re,stop,1
2061,ll_0412,Christopher Moore,p1_format_soft,re,re,stop,1
2062,ll_0412,Christopher Moore,p2_complexity,re,re,stop,1
2063,ll_0412,Christopher Moore,p4_role,re,re,stop,1
2064,ll_0412,Christopher Moore,p5_fewshot,re,re,stop,1
2065,ll_0413,Carlos Kim,p1_format,sm,sm,stop,1
2066,ll_0413,Carlos Kim,p1_format_soft,sm,sm,stop,1
2067,ll_0413,Carlos Kim,p2_complexity,sm,sm,stop,1
2068,ll_0413,Carlos Kim,p4_role,sm,sm,stop,1
2069,ll_0413,Carlos Kim,p5_fewshot,sm,sm,stop,1
2070,ll_0414,Kathy Ortiz,p1_format,yz,yz,stop,1
2071,ll_0414,Kathy Ortiz,p1_format_soft,yz,yz,stop,1
2072,ll_0414,Kathy Ortiz,p2_complexity,yz,yz,stop,1
2073,ll_0414,Kathy Ortiz,p4_role,yz,yz,stop,1
2074,ll_0414,Kathy Ortiz,p5_fewshot,yz,yz,stop,1
2075,ll_0415,Sarah Vazquez,p1_format,hz,hz,stop,1
2076,ll_0415,Sarah Vazquez,p1_format_soft,hz,hz,stop,1
2077,ll_0415,Sarah Vazquez,p2_complexity,hz,hz,stop,1
2078,ll_0415,Sarah Vazquez,p4_role,hz,hz,stop,1
2079,ll_0415,Sarah Vazquez,p5_fewshot,hz,hz,stop,1
2080,ll_0416,Antonio Ortega,p1_format,oa,oa,stop,1
2081,ll_0416,Antonio Ortega,p1_format_soft,oa,oa,stop,1
2082,ll_0416,Antonio Ortega,p2_complexity,oa,oa,stop,1
2083,ll_0416,Antonio Ortega,p4_role,oa,oa,stop,1
2084,ll_0416,Antonio Ortega,p5_fewshot,oa,oa,stop,1
2085,ll_0417,Jessica Sandoval,p1_format,al,al,stop,1
2086,ll_0417,Jessica Sandoval,p1_format_soft,al,al,stop,1
2087,ll_0417,Jessica Sandoval,p2_complexity,al,al,stop,1
2088,ll_0417,Jessica Sandoval,p4_role,al,al,stop,1
2089,ll_0417,Jessica Sandoval,p5_fewshot,al,al,stop,1
2090,ll_0418,Lisa Robinson,p1_format,an,an,stop,1
2091,ll_0418,Lisa Robinson,p1_format_soft,an,an,stop,1
2092,ll_0418,Lisa Robinson,p2_complexity,an,an,stop,1
2093,ll_0418,Lisa Robinson,p4_role,an,an,stop,1
2094,ll_0418,Lisa Robinson,p5_fewshot,an,an,stop,1
2095,ll_0419,Cindy Jackson,p1_format,yn,yn,stop,1
2096,ll_0419,Cindy Jackson,p1_format_soft,yn,yn,stop,1
2097,ll_0419,Cindy Jackson,p2_complexity,yn,yn,stop,1
2098,ll_0419,Cindy Jackson,p4_role,yn,yn,stop,1
2099,ll_0419,Cindy Jackson,p5_fewshot,yn,yn,stop,1
2100,ll_0420,Rachel Jones,p1_format,ls,ls,stop,1
2101,ll_0420,Rachel Jones,p1_format_soft,ls,ls,stop,1
2102,ll_0420,Rachel Jones,p2_complexity,ls,ls,stop,1
2103,ll_0420,Rachel Jones,p4_role,ls,hs,stop,0
2104,ll_0420,Rachel Jones,p5_fewshot,ls,hs,stop,0
2105,ll_0421,Daniel Delgado,p1_format,lo,no,stop,0
2106,ll_0421,Daniel Delgado,p1_format_soft,lo,no,stop,0
2107,ll_0421,Daniel Delgado,p2_complexity,lo,lo,stop,1
2108,ll_0421,Daniel Delgado,p4_role,lo,no,stop,0
2109,ll_0421,Daniel Delgado,p5_fewshot,lo,lo,stop,1
2110,ll_0422,Katie Mitchell,p1_format,el,el,stop,1
2111,ll_0422,Katie Mitchell,p1_format_soft,el,el,stop,1
2112,ll_0422,Katie Mitchell,p2_complexity,el,el,stop,1
2113,ll_0422,Katie Mitchell,p4_role,el,eh,stop,0
2114,ll_0422,Katie Mitchell,p5_fewshot,el,eh,stop,0
2115,ll_0423,Amy Castro,p1_format,yo,yo,stop,1
2116,ll_0423,Amy Castro,p1_format_soft,yo,yo,stop,1
2117,ll_0423,Amy Castro,p2_complexity,yo,yo,stop,1
2118,ll_0423,Amy Castro,p4_role,yo,yo,stop,1
2119,ll_0423,Amy Castro,p5_fewshot,yo,yo,stop,1
2120,ll_0424,Angela Mitchell,p1_format,al,al,stop,1
2121,ll_0424,Angela Mitchell,p1_format_soft,al,al,stop,1
2122,ll_0424,Angela Mitchell,p2_complexity,al,al,stop,1
2123,ll_0424,Angela Mitchell,p4_role,al,al,stop,1
2124,ll_0424,Angela Mitchell,p5_fewshot,al,al,stop,1
2125,ll_0425,Jesus Singh,p1_format,sh,sh,stop,1
2126,ll_0425,Jesus Singh,p1_format_soft,sh,sh,stop,1
2127,ll_0425,Jesus Singh,p2_complexity,sh,sh,stop,1
2128,ll_0425,Jesus Singh,p4_role,sh,sh,stop,1
2129,ll_0425,Jesus Singh,p5_fewshot,sh,sh,stop,1
2130,ll_0426,Luis Mendoza,p1_format,sa,sa,stop,1
2131,ll_0426,Luis Mendoza,p1_format_soft,sa,sa,stop,1
2132,ll_0426,Luis Mendoza,p2_complexity,sa,sa,stop,1
2133,ll_0426,Luis Mendoza,p4_role,sa,sa,stop,1
2134,ll_0426,Luis Mendoza,p5_fewshot,sa,sa,stop,1
2135,ll_0427,Scott Soto,p1_format,to,to,stop,1
2136,ll_0427,Scott Soto,p1_format_soft,to,to,stop,1
2137,ll_0427,Scott Soto,p2_complexity,to,to,stop,1
2138,ll_0427,Scott Soto,p4_role,to,to,stop,1
2139,ll_0427,Scott Soto,p5_fewshot,to,to,stop,1
2140,ll_0428,Mark King,p1_format,kg,kg,stop,1
2141,ll_0428,Mark King,p1_format_soft,kg,kg,stop,1
2142,ll_0428,Mark King,p2_complexity,kg,kg,stop,1
2143,ll_0428,Mark King,p4_role,kg,kg,stop,1
2144,ll_0428,Mark King,p5_fewshot,kg,kg,stop,1
2145,ll_0429,Claudia Scott,p1_format,at,at,stop,1
2146,ll_0429,Claudia Scott,p1_format_soft,at,at,stop,1
2147,ll_0429,Claudia Scott,p2_complexity,at,at,stop,1
2148,ll_0429,Claudia Scott,p4_role,at,at,stop,1
2149,ll_0429,Claudia Scott,p5_fewshot,at,at,stop,1
2150,ll_0430,Mary Salazar,p1_format,yr,yr,stop,1
2151,ll_0430,Mary Salazar,p1_format_soft,yr,yr,stop,1
2152,ll_0430,Mary Salazar,p2_complexity,yr,yr,stop,1
2153,ll_0430,Mary Salazar,p4_role,yr,yr,stop,1
2154,ll_0430,Mary Salazar,p5_fewshot,yr,yr,stop,1
2155,ll_0431,Samantha Sandoval,p1_format,al,al,stop,1
2156,ll_0431,Samantha Sandoval,p1_format_soft,al,al,stop,1
2157,ll_0431,Samantha Sandoval,p2_complexity,al,al,stop,1
2158,ll_0431,Samantha Sandoval,p4_role,al,al,stop,1
2159,ll_0431,Samantha Sandoval,p5_fewshot,al,al,stop,1
2160,ll_0432,Susan Rios,p1_format,ns,ns,stop,1
2161,ll_0432,Susan Rios,p1_format_soft,ns,ns,stop,1
2162,ll_0432,Susan Rios,p2_complexity,ns,ns,stop,1
2163,ll_0432,Susan Rios,p4_role,ns,ns,stop,1
2164,ll_0432,Susan Rios,p5_fewshot,ns,ns,stop,1
2165,ll_0433,Pedro Santos,p1_format,os,os,stop,1
2166,ll_0433,Pedro Santos,p1_format_soft,os,os,stop,1
2167,ll_0433,Pedro Santos,p2_complexity,os,os,stop,1
2168,ll_0433,Pedro Santos,p4_role,os,os,stop,1
2169,ll_0433,Pedro Santos,p5_fewshot,os,os,stop,1
2170,ll_0434,Sarah Ruiz,p1_format,hz,hz,stop,1
2171,ll_0434,Sarah Ruiz,p1_format_soft,hz,hz,stop,1
2172,ll_0434,Sarah Ruiz,p2_complexity,hz,hz,stop,1
2173,ll_0434,Sarah Ruiz,p4_role,hz,hz,stop,1
2174,ll_0434,Sarah Ruiz,p5_fewshot,hz,hz,stop,1
2175,ll_0435,Justin Wright,p1_format,nt,nt,stop,1
2176,ll_0435,Justin Wright,p1_format_soft,nt,nt,stop,1
2177,ll_0435,Justin Wright,p2_complexity,nt,nt,stop,1
2178,ll_0435,Justin Wright,p4_role,nt,nt,stop,1
2179,ll_0435,Justin Wright,p5_fewshot,nt,nt,stop,1
2180,ll_0436,Brian Hill,p1_format,nl,nl,stop,1
2181,ll_0436,Brian Hill,p1_format_soft,nl,nl,stop,1
2182,ll_0436,Brian Hill,p2_complexity,nl,nl,stop,1
2183,ll_0436,Brian Hill,p4_role,nl,nl,stop,1
2184,ll_0436,Brian Hill,p5_fewshot,nl,nl,stop,1
2185,ll_0437,Lisa Romero,p1_format,ao,ao,stop,1
2186,ll_0437,Lisa Romero,p1_format_soft,ao,ao,stop,1
2187,ll_0437,Lisa Romero,p2_complexity,ao,ao,stop,1
2188,ll_0437,Lisa Romero,p4_role,ao,ao,stop,1
2189,ll_0437,Lisa Romero,p5_fewshot,ao,ao,stop,1
2190,ll_0438,Jose Allen,p1_format,en,en,stop,1
2191,ll_0438,Jose Allen,p1_format_soft,en,en,stop,1
2192,ll_0438,Jose Allen,p2_complexity,en,en,stop,1
2193,ll_0438,Jose Allen,p4_role,en,en,stop,1
2194,ll_0438,Jose Allen,p5_fewshot,en,en,stop,1
2195,ll_0439,Kimberly Gonzalez,p1_format,yz,yz,stop,1
2196,ll_0439,Kimberly Gonzalez,p1_format_soft,yz,yz,stop,1
2197,ll_0439,Kimberly Gonzalez,p2_complexity,yz,yz,stop,1
2198,ll_0439,Kimberly Gonzalez,p4_role,yz,yz,stop,1
2199,ll_0439,Kimberly Gonzalez,p5_fewshot,yz,yz,stop,1
2200,ll_0440,Javier Thomas,p1_format,rs,rs,stop,1
2201,ll_0440,Javier Thomas,p1_format_soft,rs,rs,stop,1
2202,ll_0440,Javier Thomas,p2_complexity,rs,rs,stop,1
2203,ll_0440,Javier Thomas,p4_role,rs,rs,stop,1
2204,ll_0440,Javier Thomas,p5_fewshot,rs,rs,stop,1
2205,ll_0441,Amy Khan,p1_format,yn,yn,stop,1
2206,ll_0441,Amy Khan,p1_format_soft,yn,yn,stop,1
2207,ll_0441,Amy Khan,p2_complexity,yn,yn,stop,1
2208,ll_0441,Amy Khan,p4_role,yn,yn,stop,1
2209,ll_0441,Amy Khan,p5_fewshot,yn,yn,stop,1
2210,ll_0442,Francisco Fernandez,p1_format,oz,oz,stop,1
2211,ll_0442,Francisco Fernandez,p1_format_soft,oz,oz,stop,1
2212,ll_0442,Francisco Fernandez,p2_complexity,oz,oz,stop,1
2213,ll_0442,Francisco Fernandez,p4_role,oz,oz,stop,1
2214,ll_0442,Francisco Fernandez,p5_fewshot,oz,oz,stop,1
2215,ll_0443,Paul Hall,p1_format,ll,ll,stop,1
2216,ll_0443,Paul Hall,p1_format_soft,ll,ll,stop,1
2217,ll_0443,Paul Hall,p2_complexity,ll,ll,stop,1
2218,ll_0443,Paul Hall,p4_role,ll,ll,stop,1
2219,ll_0443,Paul Hall,p5_fewshot,ll,ll,stop,1
2220,ll_0444,Christopher Khan,p1_format,rn,rn,stop,1
2221,ll_0444,Christopher Khan,p1_format_soft,rn,rn,stop,1
2222,ll_0444,Christopher Khan,p2_complexity,rn,rn,stop,1
2223,ll_0444,Christopher Khan,p4_role,rn,rn,stop,1
2224,ll_0444,Christopher Khan,p5_fewshot,rn,rn,stop,1
2225,ll_0445,Andrew Santiago,p1_format,wo,wo,stop,1
2226,ll_0445,Andrew Santiago,p1_format_soft,wo,wo,stop,1
2227,ll_0445,Andrew Santiago,p2_complexity,wo,wo,stop,1
2228,ll_0445,Andrew Santiago,p4_role,wo,wo,stop,1
2229,ll_0445,Andrew Santiago,p5_fewshot,wo,wo,stop,1
2230,ll_0446,Nicole Johnson,p1_format,en,en,stop,1
2231,ll_0446,Nicole Johnson,p1_format_soft,en,en,stop,1
2232,ll_0446,Nicole Johnson,p2_complexity,en,en,stop,1
2233,ll_0446,Nicole Johnson,p4_role,en,en,stop,1
2234,ll_0446,Nicole Johnson,p5_fewshot,en,en,stop,1
2235,ll_0447,Michelle Guzman,p1_format,en,en,stop,1
2236,ll_0447,Michelle Guzman,p1_format_soft,en,en,stop,1
2237,ll_0447,Michelle Guzman,p2_complexity,en,en,stop,1
2238,ll_0447,Michelle Guzman,p4_role,en,en,stop,1
2239,ll_0447,Michelle Guzman,p5_fewshot,en,en,stop,1
2240,ll_0448,Ryan Delgado,p1_format,no,no,stop,1
2241,ll_0448,Ryan Delgado,p1_format_soft,no,no,stop,1
2242,ll_0448,Ryan Delgado,p2_complexity,no,no,stop,1
2243,ll_0448,Ryan Delgado,p4_role,no,no,stop,1
2244,ll_0448,Ryan Delgado,p5_fewshot,no,no,stop,1
2245,ll_0449,Matt Miller,p1_format,tr,tr,stop,1
2246,ll_0449,Matt Miller,p1_format_soft,tr,tr,stop,1
2247,ll_0449,Matt Miller,p2_complexity,tr,tr,stop,1
2248,ll_0449,Matt Miller,p4_role,tr,tr,stop,1
2249,ll_0449,Matt Miller,p5_fewshot,tr,tr,stop,1
2250,ll_0450,Matthew Santiago,p1_format,wo,wo,stop,1
2251,ll_0450,Matthew Santiago,p1_format_soft,wo,wo,stop,1
2252,ll_0450,Matthew Santiago,p2_complexity,wo,wo,stop,1
2253,ll_0450,Matthew Santiago,p4_role,wo,wo,stop,1
2254,ll_0450,Matthew Santiago,p5_fewshot,wo,wo,stop,1
2255,ll_0451,Brandon Clark,p1_format,nk,nk,stop,1
2256,ll_0451,Brandon Clark,p1_format_soft,nk,nk,stop,1
2257,ll_0451,Brandon Clark,p2_complexity,nk,nk,stop,1
2258,ll_0451,Brandon Clark,p4_role,nk,nk,stop,1
2259,ll_0451,Brandon Clark,p5_fewshot,nk,nk,stop,1
2260,ll_0452,Chris Perez,p1_format,sz,sz,stop,1
2261,ll_0452,Chris Perez,p1_format_soft,sz,sz,stop,1
2262,ll_0452,Chris Perez,p2_complexity,sz,sz,stop,1
2263,ll_0452,Chris Perez,p4_role,sz,sz,stop,1
2264,ll_0452,Chris Perez,p5_fewshot,sz,sz,stop,1
2265,ll_0453,Anna Diaz,p1_format,az,az,stop,1
2266,ll_0453,Anna Diaz,p1_format_soft,az,az,stop,1
2267,ll_0453,Anna Diaz,p2_complexity,az,az,stop,1
2268,ll_0453,Anna Diaz,p4_role,az,az,stop,1
2269,ll_0453,Anna Diaz,p5_fewshot,az,az,stop,1
2270,ll_0454,Linda Perez,p1_format,az,az,stop,1
2271,ll_0454,Linda Perez,p1_format_soft,az,az,stop,1
2272,ll_0454,Linda Perez,p2_complexity,az,az,stop,1
2273,ll_0454,Linda Perez,p4_role,az,az,stop,1
2274,ll_0454,Linda Perez,p5_fewshot,az,az,stop,1
2275,ll_0455,Elizabeth Miller,p1_format,hr,hr,stop,1
2276,ll_0455,Elizabeth Miller,p1_format_soft,hr,hr,stop,1
2277,ll_0455,Elizabeth Miller,p2_complexity,hr,hr,stop,1
2278,ll_0455,Elizabeth Miller,p4_role,hr,hr,stop,1
2279,ll_0455,Elizabeth Miller,p5_fewshot,hr,hr,stop,1
2280,ll_0456,Sarah Guzman,p1_format,hn,hn,stop,1
2281,ll_0456,Sarah Guzman,p1_format_soft,hn,hn,stop,1
2282,ll_0456,Sarah Guzman,p2_complexity,hn,hn,stop,1
2283,ll_0456,Sarah Guzman,p4_role,hn,hn,stop,1
2284,ll_0456,Sarah Guzman,p5_fewshot,hn,hn,stop,1
2285,ll_0457,Kathy Hernandez,p1_format,yz,yz,stop,1
2286,ll_0457,Kathy Hernandez,p1_format_soft,yz,yz,stop,1
2287,ll_0457,Kathy Hernandez,p2_complexity,yz,yz,stop,1
2288,ll_0457,Kathy Hernandez,p4_role,yz,yz,stop,1
2289,ll_0457,Kathy Hernandez,p5_fewshot,yz,yz,stop,1
2290,ll_0458,Kimberly Garza,p1_format,ya,ya,stop,1
2291,ll_0458,Kimberly Garza,p1_format_soft,ya,ya,stop,1
2292,ll_0458,Kimberly Garza,p2_complexity,ya,ya,stop,1
2293,ll_0458,Kimberly Garza,p4_role,ya,ya,stop,1
2294,ll_0458,Kimberly Garza,p5_fewshot,ya,ya,stop,1
2295,ll_0459,Stephanie Carter,p1_format,er,er,stop,1
2296,ll_0459,Stephanie Carter,p1_format_soft,er,er,stop,1
2297,ll_0459,Stephanie Carter,p2_complexity,er,er,stop,1
2298,ll_0459,Stephanie Carter,p4_role,er,er,stop,1
2299,ll_0459,Stephanie Carter,p5_fewshot,er,er,stop,1
2300,ll_0460,Julie Thomas,p1_format,es,es,stop,1
2301,ll_0460,Julie Thomas,p1_format_soft,es,es,stop,1
2302,ll_0460,Julie Thomas,p2_complexity,es,es,stop,1
2303,ll_0460,Julie Thomas,p4_role,es,es,stop,1
2304,ll_0460,Julie Thomas,p5_fewshot,es,es,stop,1
2305,ll_0461,David Campbell,p1_format,dl,dl,stop,1
2306,ll_0461,David Campbell,p1_format_soft,dl,dl,stop,1
2307,ll_0461,David Campbell,p2_complexity,dl,dl,stop,1
2308,ll_0461,David Campbell,p4_role,dl,dl,stop,1
2309,ll_0461,David Campbell,p5_fewshot,dl,dl,stop,1
2310,ll_0462,Patricia Rivera,p1_format,aa,aa,stop,1
2311,ll_0462,Patricia Rivera,p1_format_soft,aa,aa,stop,1
2312,ll_0462,Patricia Rivera,p2_complexity,aa,aa,stop,1
2313,ll_0462,Patricia Rivera,p4_role,aa,aa,stop,1
2314,ll_0462,Patricia Rivera,p5_fewshot,aa,aa,stop,1
2315,ll_0463,Angel White,p1_format,le,le,stop,1
2316,ll_0463,Angel White,p1_format_soft,le,le,stop,1
2317,ll_0463,Angel White,p2_complexity,le,le,stop,1
2318,ll_0463,Angel White,p4_role,le,le,stop,1
2319,ll_0463,Angel White,p5_fewshot,le,le,stop,1
2320,ll_0464,Samantha Diaz,p1_format,az,az,stop,1
2321,ll_0464,Samantha Diaz,p1_format_soft,az,az,stop,1
2322,ll_0464,Samantha Diaz,p2_complexity,az,az,stop,1
2323,ll_0464,Samantha Diaz,p4_role,az,az,stop,1
2324,ll_0464,Samantha Diaz,p5_fewshot,az,az,stop,1
2325,ll_0465,Martha Gonzalez,p1_format,az,az,stop,1
2326,ll_0465,Martha Gonzalez,p1_format_soft,az,az,stop,1
2327,ll_0465,Martha Gonzalez,p2_complexity,az,az,stop,1
2328,ll_0465,Martha Gonzalez,p4_role,az,az,stop,1
2329,ll_0465,Martha Gonzalez,p5_fewshot,az,az,stop,1
2330,ll_0466,Nicole Williams,p1_format,es,es,stop,1
2331,ll_0466,Nicole Williams,p1_format_soft,es,es,stop,1
2332,ll_0466,Nicole Williams,p2_complexity,es,es,stop,1
2333,ll_0466,Nicole Williams,p4_role,es,es,stop,1
2334,ll_0466,Nicole Williams,p5_fewshot,es,es,stop,1
2335,ll_0467,Michael Moore,p1_format,le,le,stop,1
2336,ll_0467,Michael Moore,p1_format_soft,le,le,stop,1
2337,ll_0467,Michael Moore,p2_complexity,le,le,stop,1
2338,ll_0467,Michael Moore,p4_role,le,le,stop,1
2339,ll_0467,Michael Moore,p5_fewshot,le,le,stop,1
2340,ll_0468,Diana Flores,p1_format,as,as,stop,1
2341,ll_0468,Diana Flores,p1_format_soft,as,as,stop,1
2342,ll_0468,Diana Flores,p2_complexity,as,as,stop,1
2343,ll_0468,Diana Flores,p4_role,as,as,stop,1
2344,ll_0468,Diana Flores,p5_fewshot,as,as,stop,1
2345,ll_0469,Steven Guerrero,p1_format,no,no,stop,1
2346,ll_0469,Steven Guerrero,p1_format_soft,no,no,stop,1
2347,ll_0469,Steven Guerrero,p2_complexity,no,no,stop,1
2348,ll_0469,Steven Guerrero,p4_role,no,no,stop,1
2349,ll_0469,Steven Guerrero,p5_fewshot,no,no,stop,1
2350,ll_0470,Carmen Moore,p1_format,ne,ne,stop,1
2351,ll_0470,Carmen Moore,p1_format_soft,ne,ne,stop,1
2352,ll_0470,Carmen Moore,p2_complexity,ne,ne,stop,1
2353,ll_0470,Carmen Moore,p4_role,ne,ne,stop,1
2354,ll_0470,Carmen Moore,p5_fewshot,ne,ne,stop,1
2355,ll_0471,Claudia Kim,p1_format,am,am,stop,1
2356,ll_0471,Claudia Kim,p1_format_soft,am,am,stop,1
2357,ll_0471,Claudia Kim,p2_complexity,am,am,stop,1
2358,ll_0471,Claudia Kim,p4_role,am,am,stop,1
2359,ll_0471,Claudia Kim,p5_fewshot,am,am,stop,1
2360,ll_0472,Mario Jones,p1_format,os,os,stop,1
2361,ll_0472,Mario Jones,p1_format_soft,os,os,stop,1
2362,ll_0472,Mario Jones,p2_complexity,os,os,stop,1
2363,ll_0472,Mario Jones,p4_role,os,os,stop,1
2364,ll_0472,Mario Jones,p5_fewshot,os,os,stop,1
2365,ll_0473,Steven Luna,p1_format,na,na,stop,1
2366,ll_0473,Steven Luna,p1_format_soft,na,na,stop,1
2367,ll_0473,Steven Luna,p2_complexity,na,na,stop,1
2368,ll_0473,Steven Luna,p4_role,na,na,stop,1
2369,ll_0473,Steven Luna,p5_fewshot,na,na,stop,1
2370,ll_0474,Brenda Herrera,p1_format,aa,aa,stop,1
2371,ll_0474,Brenda Herrera,p1_format_soft,aa,aa,stop,1
2372,ll_0474,Brenda Herrera,p2_complexity,aa,aa,stop,1
2373,ll_0474,Brenda Herrera,p4_role,aa,aa,stop,1
2374,ll_0474,Brenda Herrera,p5_fewshot,aa,aa,stop,1
2375,ll_0475,Teresa Maldonado,p1_format,ao,ao,stop,1
2376,ll_0475,Teresa Maldonado,p1_format_soft,ao,ao,stop,1
2377,ll_0475,Teresa Maldonado,p2_complexity,ao,ao,stop,1
2378,ll_0475,Teresa Maldonado,p4_role,ao,ao,stop,1
2379,ll_0475,Teresa Maldonado,p5_fewshot,ao,ao,stop,1
2380,ll_0476,Jennifer Vasquez,p1_format,rz,rz,stop,1
2381,ll_0476,Jennifer Vasquez,p1_format_soft,rz,rz,stop,1
2382,ll_0476,Jennifer Vasquez,p2_complexity,rz,rz,stop,1
2383,ll_0476,Jennifer Vasquez,p4_role,rz,rz,stop,1
2384,ll_0476,Jennifer Vasquez,p5_fewshot,rz,rz,stop,1
2385,ll_0477,Mary Mitchell,p1_format,yl,yl,stop,1
2386,ll_0477,Mary Mitchell,p1_format_soft,yl,yl,stop,1
2387,ll_0477,Mary Mitchell,p2_complexity,yl,yl,stop,1
2388,ll_0477,Mary Mitchell,p4_role,yl,yl,stop,1
2389,ll_0477,Mary Mitchell,p5_fewshot,yl,yl,stop,1
2390,ll_0478,Steve Castro,p1_format,eo,eo,stop,1
2391,ll_0478,Steve Castro,p1_format_soft,eo,eo,stop,1
2392,ll_0478,Steve Castro,p2_complexity,eo,eo,stop,1
2393,ll_0478,Steve Castro,p4_role,eo,eo,stop,1
2394,ll_0478,Steve Castro,p5_fewshot,eo,eo,stop,1
2395,ll_0479,Lisa Kim,p1_format,am,am,stop,1
2396,ll_0479,Lisa Kim,p1_format_soft,am,am,stop,1
2397,ll_0479,Lisa Kim,p2_complexity,am,am,stop,1
2398,ll_0479,Lisa Kim,p4_role,am,am,stop,1
2399,ll_0479,Lisa Kim,p5_fewshot,am,am,stop,1
2400,ll_0480,Kim Sanchez,p1_format,mz,mz,stop,1
2401,ll_0480,Kim Sanchez,p1_format_soft,mz,mz,stop,1
2402,ll_0480,Kim Sanchez,p2_complexity,mz,mz,stop,1
2403,ll_0480,Kim Sanchez,p4_role,mz,mz,stop,1
2404,ll_0480,Kim Sanchez,p5_fewshot,mz,mz,stop,1
2405,ll_0481,Justin Harris,p1_format,ns,ns,stop,1
2406,ll_0481,Justin Harris,p1_format_soft,ns,ns,stop,1
2407,ll_0481,Justin Harris,p2_complexity,ns,ns,stop,1
2408,ll_0481,Justin Harris,p4_role,ns,ns,stop,1
2409,ll_0481,Justin Harris,p5_fewshot,ns,ns,stop,1
2410,ll_0482,Rachel Walker,p1_format,lr,lr,stop,1
2411,ll_0482,Rachel Walker,p1_format_soft,lr,lr,stop,1
2412,ll_0482,Rachel Walker,p2_complexity,lr,lr,stop,1
2413,ll_0482,Rachel Walker,p4_role,lr,lr,stop,1
2414,ll_0482,Rachel Walker,p5_fewshot,lr,lr,stop,1
2415,ll_0483,James Campbell,p1_format,sl,sl,stop,1
2416,ll_0483,James Campbell,p1_format_soft,sl,sl,stop,1
2417,ll_0483,James Campbell,p2_complexity,sl,sn,stop,0
2418,ll_0483,James Campbell,p4_role,sl,sl,stop,1
2419,ll_0483,James Campbell,p5_fewshot,sl,sl,stop,1
2420,ll_0484,Samantha Gutierrez,p1_format,az,az,stop,1
2421,ll_0484,Samantha Gutierrez,p1_format_soft,az,az,stop,1
2422,ll_0484,Samantha Gutierrez,p2_complexity,az,az,stop,1
2423,ll_0484,Samantha Gutierrez,p4_role,az,az,stop,1
2424,ll_0484,Samantha Gutierrez,p5_fewshot,az,az,stop,1
2425,ll_0485,Michelle Mitchell,p1_format,el,el,stop,1
2426,ll_0485,Michelle Mitchell,p1_format_soft,el,el,stop,1
2427,ll_0485,Michelle Mitchell,p2_complexity,el,el,stop,1
2428,ll_0485,Michelle Mitchell,p4_role,el,el,stop,1
2429,ll_0485,Michelle Mitchell,p5_fewshot,el,el,stop,1
2430,ll_0486,Jessica Gomez,p1_format,az,az,stop,1
2431,ll_0486,Jessica Gomez,p1_format_soft,az,az,stop,1
2432,ll_0486,Jessica Gomez,p2_complexity,az,az,stop,1
2433,ll_0486,Jessica Gomez,p4_role,az,az,stop,1
2434,ll_0486,Jessica Gomez,p5_fewshot,az,az,stop,1
2435,ll_0487,Jonathan Garcia,p1_format,na,na,stop,1
2436,ll_0487,Jonathan Garcia,p1_format_soft,na,na,stop,1
2437,ll_0487,Jonathan Garcia,p2_complexity,na,na,stop,1
2438,ll_0487,Jonathan Garcia,p4_role,na,na,stop,1
2439,ll_0487,Jonathan Garcia,p5_fewshot,na,na,stop,1
2440,ll_0488,Christina Rojas,p1_format,as,as,stop,1
2441,ll_0488,Christina Rojas,p1_format_soft,as,as,stop,1
2442,ll_0488,Christina Rojas,p2_complexity,as,as,stop,1
2443,ll_0488,Christina Rojas,p4_role,as,as,stop,1
2444,ll_0488,Christina Rojas,p5_fewshot,as,as,stop,1
2445,ll_0489,Jonathan Alvarado,p1_format,no,no,stop,1
2446,ll_0489,Jonathan Alvarado,p1_format_soft,no,no,stop,1
2447,ll_0489,Jonathan Alvarado,p2_complexity,no,no,stop,1
2448,ll_0489,Jonathan Alvarado,p4_role,no,no,stop,1
2449,ll_0489,Jonathan Alvarado,p5_fewshot,no,no,stop,1
2450,ll_0490,Ryan Smith,p1_format,nh,nh,stop,1
2451,ll_0490,Ryan Smith,p1_format_soft,nh,nh,stop,1
2452,ll_0490,Ryan Smith,p2_complexity,nh,nh,stop,1
2453,ll_0490,Ryan Smith,p4_role,nh,nh,stop,1
2454,ll_0490,Ryan Smith,p5_fewshot,nh,nh,stop,1
2455,ll_0491,Claudia Mendez,p1_format,az,az,stop,1
2456,ll_0491,Claudia Mendez,p1_format_soft,az,az,stop,1
2457,ll_0491,Claudia Mendez,p2_complexity,az,az,stop,1
2458,ll_0491,Claudia Mendez,p4_role,az,az,stop,1
2459,ll_0491,Claudia Mendez,p5_fewshot,az,az,stop,1
2460,ll_0492,Christina Vazquez,p1_format,az,az,stop,1
2461,ll_0492,Christina Vazquez,p1_format_soft,az,az,stop,1
2462,ll_0492,Christina Vazquez,p2_complexity,az,az,stop,1
2463,ll_0492,Christina Vazquez,p4_role,az,az,stop,1
2464,ll_0492,Christina Vazquez,p5_fewshot,az,az,stop,1
2465,ll_0493,John Chavez,p1_format,nz,nz,stop,1
2466,ll_0493,John Chavez,p1_format_soft,nz,nz,stop,1
2467,ll_0493,John Chavez,p2_complexity,nz,nz,stop,1
2468,ll_0493,John Chavez,p4_role,nz,nz,stop,1
2469,ll_0493,John Chavez,p5_fewshot,nz,nz,stop,1
2470,ll_0494,Angel Garcia,p1_format,la,la,stop,1
2471,ll_0494,Angel Garcia,p1_format_soft,la,la,stop,1
2472,ll_0494,Angel Garcia,p2_complexity,la,la,stop,1
2473,ll_0494,Angel Garcia,p4_role,la,la,stop,1
2474,ll_0494,Angel Garcia,p5_fewshot,la,la,stop,1
2475,ll_0495,Brandon Smith,p1_format,nh,nh,stop,1
2476,ll_0495,Brandon Smith,p1_format_soft,nh,nh,stop,1
2477,ll_0495,Brandon Smith,p2_complexity,nh,nh,stop,1
2478,ll_0495,Brandon Smith,p4_role,nh,nh,stop,1
2479,ll_0495,Brandon Smith,p5_fewshot,nh,nh,stop,1
2480,ll_0496,Jeff White,p1_format,fe,fe,stop,1
2481,ll_0496,Jeff White,p1_format_soft,fe,fe,stop,1
2482,ll_0496,Jeff White,p2_complexity,fe,fe,stop,1
2483,ll_0496,Jeff White,p4_role,fe,fe,stop,1
2484,ll_0496,Jeff White,p5_fewshot,fe,fe,stop,1
2485,ll_0497,Juan Lewis,p1_format,ns,ns,stop,1
2486,ll_0497,Juan Lewis,p1_format_soft,ns,ns,stop,1
2487,ll_0497,Juan Lewis,p2_complexity,ns,ns,stop,1
2488,ll_0497,Juan Lewis,p4_role,ns,ns,stop,1
2489,ll_0497,Juan Lewis,p5_fewshot,ns,ns,stop,1
2490,ll_0498,Christina Taylor,p1_format,ar,ar,stop,1
2491,ll_0498,Christina Taylor,p1_format_soft,ar,ar,stop,1
2492,ll_0498,Christina Taylor,p2_complexity,ar,ar,stop,1
2493,ll_0498,Christina Taylor,p4_role,ar,ar,stop,1
2494,ll_0498,Christina Taylor,p5_fewshot,ar,ar,stop,1
2495,ll_0499,Maria Estrada,p1_format,aa,aa,stop,1
2496,ll_0499,Maria Estrada,p1_format_soft,aa,aa,stop,1
2497,ll_0499,Maria Estrada,p2_complexity,aa,aa,stop,1
2498,ll_0499,Maria Estrada,p4_role,aa,aa,stop,1
2499,ll_0499,Maria Estrada,p5_fewshot,aa,aa,stop,1
2500,ll_0500,Andrew Martinez,p1_format,wz,wz,stop,1
2501,ll_0500,Andrew Martinez,p1_format_soft,wz,wz,stop,1
2502,ll_0500,Andrew Martinez,p2_complexity,wz,wz,stop,1
2503,ll_0500,Andrew Martinez,p4_role,wz,wz,stop,1
2504,ll_0500,Andrew Martinez,p5_fewshot,wz,wz,stop,1
2505,ll_0501,Kelly Hall,p1_format,yl,yl,stop,1
2506,ll_0501,Kelly Hall,p1_format_soft,yl,yl,stop,1
2507,ll_0501,Kelly Hall,p2_complexity,yl,yl,stop,1
2508,ll_0501,Kelly Hall,p4_role,yl,yl,stop,1
2509,ll_0501,Kelly Hall,p5_fewshot,yl,yl,stop,1
2510,ll_0502,Ryan Green,p1_format,nn,nn,stop,1
2511,ll_0502,Ryan Green,p1_format_soft,nn,nn,stop,1
2512,ll_0502,Ryan Green,p2_complexity,nn,nn,stop,1
2513,ll_0502,Ryan Green,p4_role,nn,nn,stop,1
2514,ll_0502,Ryan Green,p5_fewshot,nn,nn,stop,1
2515,ll_0503,Angel Ruiz,p1_format,lz,lz,stop,1
2516,ll_0503,Angel Ruiz,p1_format_soft,lz,lz,stop,1
2517,ll_0503,Angel Ruiz,p2_complexity,lz,lz,stop,1
2518,ll_0503,Angel Ruiz,p4_role,lz,lz,stop,1
2519,ll_0503,Angel Ruiz,p5_fewshot,lz,lz,stop,1
2520,ll_0504,Kevin Walker,p1_format,nr,nr,stop,1
2521,ll_0504,Kevin Walker,p1_format_soft,nr,nr,stop,1
2522,ll_0504,Kevin Walker,p2_complexity,nr,nr,stop,1
2523,ll_0504,Kevin Walker,p4_role,nr,nr,stop,1
2524,ll_0504,Kevin Walker,p5_fewshot,nr,nr,stop,1
2525,ll_0505,Teresa Ortega,p1_format,aa,aa,stop,1
2526,ll_0505,Teresa Ortega,p1_format_soft,aa,aa,stop,1
2527,ll_0505,Teresa Ortega,p2_complexity,aa,aa,stop,1
2528,ll_0505,Teresa Ortega,p4_role,aa,aa,stop,1
2529,ll_0505,Teresa Ortega,p5_fewshot,aa,aa,stop,1
2530,ll_0506,Carlos Fernandez,p1_format,sz,sz,stop,1
2531,ll_0506,Carlos Fernandez,p1_format_soft,sz,sz,stop,1
2532,ll_0506,Carlos Fernandez,p2_complexity,sz,sz,stop,1
2533,ll_0506,Carlos Fernandez,p4_role,sz,sz,stop,1
2534,ll_0506,Carlos Fernandez,p5_fewshot,sz,sz,stop,1
2535,ll_0507,Elizabeth Thomas,p1_format,hs,hs,stop,1
2536,ll_0507,Elizabeth Thomas,p1_format_soft,hs,hs,stop,1
2537,ll_0507,Elizabeth Thomas,p2_complexity,hs,hs,stop,1
2538,ll_0507,Elizabeth Thomas,p4_role,hs,hs,stop,1
2539,ll_0507,Elizabeth Thomas,p5_fewshot,hs,hs,stop,1
2540,ll_0508,Amy Gonzalez,p1_format,yz,yz,stop,1
2541,ll_0508,Amy Gonzalez,p1_format_soft,yz,yz,stop,1
2542,ll_0508,Amy Gonzalez,p2_complexity,yz,yz,stop,1
2543,ll_0508,Amy Gonzalez,p4_role,yz,yz,stop,1
2544,ll_0508,Amy Gonzalez,p5_fewshot,yz,yz,stop,1
2545,ll_0509,Jesus Thompson,p1_format,sn,sn,stop,1
2546,ll_0509,Jesus Thompson,p1_format_soft,sn,sn,stop,1
2547,ll_0509,Jesus Thompson,p2_complexity,sn,sn,stop,1
2548,ll_0509,Jesus Thompson,p4_role,sn,sn,stop,1
2549,ll_0509,Jesus Thompson,p5_fewshot,sn,sn,stop,1
2550,ll_0510,Richard Chavez,p1_format,dz,dz,stop,1
2551,ll_0510,Richard Chavez,p1_format_soft,dz,dz,stop,1
2552,ll_0510,Richard Chavez,p2_complexity,dz,dz,stop,1
2553,ll_0510,Richard Chavez,p4_role,dz,dz,stop,1
2554,ll_0510,Richard Chavez,p5_fewshot,dz,dz,stop,1
2555,ll_0511,Robert Rivera,p1_format,ta,ta,stop,1
2556,ll_0511,Robert Rivera,p1_format_soft,ta,ta,stop,1
2557,ll_0511,Robert Rivera,p2_complexity,ta,ta,stop,1
2558,ll_0511,Robert Rivera,p4_role,ta,ta,stop,1
2559,ll_0511,Robert Rivera,p5_fewshot,ta,ta,stop,1
2560,ll_0512,Julie Morales,p1_format,es,es,stop,1
2561,ll_0512,Julie Morales,p1_format_soft,es,es,stop,1
2562,ll_0512,Julie Morales,p2_complexity,es,es,stop,1
2563,ll_0512,Julie Morales,p4_role,es,es,stop,1
2564,ll_0512,Julie Morales,p5_fewshot,es,es,stop,1
2565,ll_0513,Jessica Chavez,p1_format,az,az,stop,1
2566,ll_0513,Jessica Chavez,p1_format_soft,az,az,stop,1
2567,ll_0513,Jessica Chavez,p2_complexity,az,az,stop,1
2568,ll_0513,Jessica Chavez,p4_role,az,az,stop,1
2569,ll_0513,Jessica Chavez,p5_fewshot,az,az,stop,1
2570,ll_0514,Daniel Romero,p1_format,lo,lo,stop,1
2571,ll_0514,Daniel Romero,p1_format_soft,lo,lo,stop,1
2572,ll_0514,Daniel Romero,p2_complexity,lo,lo,stop,1
2573,ll_0514,Daniel Romero,p4_role,lo,no,stop,0
2574,ll_0514,Daniel Romero,p5_fewshot,lo,no,stop,0
2575,ll_0515,Jennifer Thomas,p1_format,rs,rs,stop,1
2576,ll_0515,Jennifer Thomas,p1_format_soft,rs,rs,stop,1
2577,ll_0515,Jennifer Thomas,p2_complexity,rs,rs,stop,1
2578,ll_0515,Jennifer Thomas,p4_role,rs,rs,stop,1
2579,ll_0515,Jennifer Thomas,p5_fewshot,rs,rs,stop,1
2580,ll_0516,Mark Ramos,p1_format,ks,ks,stop,1
2581,ll_0516,Mark Ramos,p1_format_soft,ks,ks,stop,1
2582,ll_0516,Mark Ramos,p2_complexity,ks,ks,stop,1
2583,ll_0516,Mark Ramos,p4_role,ks,ks,stop,1
2584,ll_0516,Mark Ramos,p5_fewshot,ks,ks,stop,1
2585,ll_0517,Sharon Rios,p1_format,ns,ns,stop,1
2586,ll_0517,Sharon Rios,p1_format_soft,ns,ns,stop,1
2587,ll_0517,Sharon Rios,p2_complexity,ns,ns,stop,1
2588,ll_0517,Sharon Rios,p4_role,ns,ns,stop,1
2589,ll_0517,Sharon Rios,p5_fewshot,ns,ns,stop,1
2590,ll_0518,Kevin Aguilar,p1_format,nr,nr,stop,1
2591,ll_0518,Kevin Aguilar,p1_format_soft,nr,nr,stop,1
2592,ll_0518,Kevin Aguilar,p2_complexity,nr,nr,stop,1
2593,ll_0518,Kevin Aguilar,p4_role,nr,nr,stop,1
2594,ll_0518,Kevin Aguilar,p5_fewshot,nr,nr,stop,1
2595,ll_0519,Christopher Nelson,p1_format,rn,rn,stop,1
2596,ll_0519,Christopher Nelson,p1_format_soft,rn,rn,stop,1
2597,ll_0519,Christopher Nelson,p2_complexity,rn,rn,stop,1
2598,ll_0519,Christopher Nelson,p4_role,rn,rn,stop,1
2599,ll_0519,Christopher Nelson,p5_fewshot,rn,rn,stop,1
2600,ll_0520,Susan Davis,p1_format,ns,ns,stop,1
2601,ll_0520,Susan Davis,p1_format_soft,ns,ns,stop,1
2602,ll_0520,Susan Davis,p2_complexity,ns,ns,stop,1
2603,ll_0520,Susan Davis,p4_role,ns,ns,stop,1
2604,ll_0520,Susan Davis,p5_fewshot,ns,ns,stop,1
2605,ll_0521,Mary Santos,p1_format,ys,ys,stop,1
2606,ll_0521,Mary Santos,p1_format_soft,ys,ys,stop,1
2607,ll_0521,Mary Santos,p2_complexity,ys,ys,stop,1
2608,ll_0521,Mary Santos,p4_role,ys,ys,stop,1
2609,ll_0521,Mary Santos,p5_fewshot,ys,ys,stop,1
2610,ll_0522,Martha Smith,p1_format,ah,ah,stop,1
2611,ll_0522,Martha Smith,p1_format_soft,ah,ah,stop,1
2612,ll_0522,Martha Smith,p2_complexity,ah,ah,stop,1
2613,ll_0522,Martha Smith,p4_role,ah,ah,stop,1
2614,ll_0522,Martha Smith,p5_fewshot,ah,ah,stop,1
2615,ll_0523,Javier Jackson,p1_format,rn,rn,stop,1
2616,ll_0523,Javier Jackson,p1_format_soft,rn,rn,stop,1
2617,ll_0523,Javier Jackson,p2_complexity,rn,rn,stop,1
2618,ll_0523,Javier Jackson,p4_role,rn,rn,stop,1
2619,ll_0523,Javier Jackson,p5_fewshot,rn,rn,stop,1
2620,ll_0524,Pedro Martin,p1_format,on,on,stop,1
2621,ll_0524,Pedro Martin,p1_format_soft,on,on,stop,1
2622,ll_0524,Pedro Martin,p2_complexity,on,on,stop,1
2623,ll_0524,Pedro Martin,p4_role,on,on,stop,1
2624,ll_0524,Pedro Martin,p5_fewshot,on,on,stop,1
2625,ll_0525,Anthony Delgado,p1_format,yo,yo,stop,1
2626,ll_0525,Anthony Delgado,p1_format_soft,yo,yo,stop,1
2627,ll_0525,Anthony Delgado,p2_complexity,yo,yo,stop,1
2628,ll_0525,Anthony Delgado,p4_role,yo,yo,stop,1
2629,ll_0525,Anthony Delgado,p5_fewshot,yo,yo,stop,1
2630,ll_0526,Nicole Hernandez,p1_format,ez,ez,stop,1
2631,ll_0526,Nicole Hernandez,p1_format_soft,ez,ez,stop,1
2632,ll_0526,Nicole Hernandez,p2_complexity,ez,ez,stop,1
2633,ll_0526,Nicole Hernandez,p4_role,ez,ez,stop,1
2634,ll_0526,Nicole Hernandez,p5_fewshot,ez,en,stop,0
2635,ll_0527,Linda Castillo,p1_format,ao,ao,stop,1
2636,ll_0527,Linda Castillo,p1_format_soft,ao,ao,stop,1
2637,ll_0527,Linda Castillo,p2_complexity,ao,ao,stop,1
2638,ll_0527,Linda Castillo,p4_role,ao,ao,stop,1
2639,ll_0527,Linda Castillo,p5_fewshot,ao,ao,stop,1
2640,ll_0528,Susan King,p1_format,ng,ng,stop,1
2641,ll_0528,Susan King,p1_format_soft,ng,ng,stop,1
2642,ll_0528,Susan King,p2_complexity,ng,ng,stop,1
2643,ll_0528,Susan King,p4_role,ng,ng,stop,1
2644,ll_0528,Susan King,p5_fewshot,ng,ng,stop,1
2645,ll_0529,Brian Mitchell,p1_format,nl,nl,stop,1
2646,ll_0529,Brian Mitchell,p1_format_soft,nl,nl,stop,1
2647,ll_0529,Brian Mitchell,p2_complexity,nl,nl,stop,1
2648,ll_0529,Brian Mitchell,p4_role,nl,nl,stop,1
2649,ll_0529,Brian Mitchell,p5_fewshot,nl,nl,stop,1
2650,ll_0530,Sarah Martin,p1_format,hn,hn,stop,1
2651,ll_0530,Sarah Martin,p1_format_soft,hn,hn,stop,1
2652,ll_0530,Sarah Martin,p2_complexity,hn,hn,stop,1
2653,ll_0530,Sarah Martin,p4_role,hn,hn,stop,1
2654,ll_0530,Sarah Martin,p5_fewshot,hn,hn,stop,1
2655,ll_0531,Nick Guzman,p1_format,kn,kn,stop,1
2656,ll_0531,Nick Guzman,p1_format_soft,kn,kn,stop,1
2657,ll_0531,Nick Guzman,p2_complexity,kn,kn,stop,1
2658,ll_0531,Nick Guzman,p4_role,kn,kn,stop,1
2659,ll_0531,Nick Guzman,p5_fewshot,kn,kn,stop,1
2660,ll_0532,John Lewis,p1_format,ns,ns,stop,1
2661,ll_0532,John Lewis,p1_format_soft,ns,ns,stop,1
2662,ll_0532,John Lewis,p2_complexity,ns,ns,stop,1
2663,ll_0532,John Lewis,p4_role,ns,ns,stop,1
2664,ll_0532,John Lewis,p5_fewshot,ns,ns,stop,1
2665,ll_0533,Carmen Nguyen,p1_format,nn,nn,stop,1
2666,ll_0533,Carmen Nguyen,p1_format_soft,nn,nn,stop,1
2667,ll_0533,Carmen Nguyen,p2_complexity,nn,nn,stop,1
2668,ll_0533,Carmen Nguyen,p4_role,nn,nn,stop,1
2669,ll_0533,Carmen Nguyen,p5_fewshot,nn,nn,stop,1
2670,ll_0534,Sharon Vazquez,p1_format,nz,nz,stop,1
2671,ll_0534,Sharon Vazquez,p1_format_soft,nz,nz,stop,1
2672,ll_0534,Sharon Vazquez,p2_complexity,nz,nz,stop,1
2673,ll_0534,Sharon Vazquez,p4_role,nz,nz,stop,1
2674,ll_0534,Sharon Vazquez,p5_fewshot,nz,nz,stop,1
2675,ll_0535,Patricia Hill,p1_format,al,al,stop,1
2676,ll_0535,Patricia Hill,p1_format_soft,al,al,stop,1
2677,ll_0535,Patricia Hill,p2_complexity,al,al,stop,1
2678,ll_0535,Patricia Hill,p4_role,al,al,stop,1
2679,ll_0535,Patricia Hill,p5_fewshot,al,al,stop,1
2680,ll_0536,Michael Reyes,p1_format,ls,ls,stop,1
2681,ll_0536,Michael Reyes,p1_format_soft,ls,ls,stop,1
2682,ll_0536,Michael Reyes,p2_complexity,ls,ls,stop,1
2683,ll_0536,Michael Reyes,p4_role,ls,ls,stop,1
2684,ll_0536,Michael Reyes,p5_fewshot,ls,ls,stop,1
2685,ll_0537,Jason Marie,p1_format,ne,ne,stop,1
2686,ll_0537,Jason Marie,p1_format_soft,ne,ne,stop,1
2687,ll_0537,Jason Marie,p2_complexity,ne,ne,stop,1
2688,ll_0537,Jason Marie,p4_role,ne,ne,stop,1
2689,ll_0537,Jason Marie,p5_fewshot,ne,ne,stop,1
2690,ll_0538,Kim Torres,p1_format,ms,ms,stop,1
2691,ll_0538,Kim Torres,p1_format_soft,ms,ms,stop,1
2692,ll_0538,Kim Torres,p2_complexity,ms,ms,stop,1
2693,ll_0538,Kim Torres,p4_role,ms,ms,stop,1
2694,ll_0538,Kim Torres,p5_fewshot,ms,ms,stop,1
2695,ll_0539,Katie Contreras,p1_format,es,es,stop,1
2696,ll_0539,Katie Contreras,p1_format_soft,es,es,stop,1
2697,ll_0539,Katie Contreras,p2_complexity,es,es,stop,1
2698,ll_0539,Katie Contreras,p4_role,es,es,stop,1
2699,ll_0539,Katie Contreras,p5_fewshot,es,es,stop,1
2700,ll_0540,Manuel Luna,p1_format,la,la,stop,1
2701,ll_0540,Manuel Luna,p1_format_soft,la,la,stop,1
2702,ll_0540,Manuel Luna,p2_complexity,la,la,stop,1
2703,ll_0540,Manuel Luna,p4_role,la,la,stop,1
2704,ll_0540,Manuel Luna,p5_fewshot,la,la,stop,1
2705,ll_0541,Claudia White,p1_format,ae,ae,stop,1
2706,ll_0541,Claudia White,p1_format_soft,ae,ae,stop,1
2707,ll_0541,Claudia White,p2_complexity,ae,ae,stop,1
2708,ll_0541,Claudia White,p4_role,ae,ae,stop,1
2709,ll_0541,Claudia White,p5_fewshot,ae,ae,stop,1
2710,ll_0542,Richard Taylor,p1_format,dr,dr,stop,1
2711,ll_0542,Richard Taylor,p1_format_soft,dr,dr,stop,1
2712,ll_0542,Richard Taylor,p2_complexity,dr,dr,stop,1
2713,ll_0542,Richard Taylor,p4_role,dr,dr,stop,1
2714,ll_0542,Richard Taylor,p5_fewshot,dr,dr,stop,1
2715,ll_0543,Veronica Gomez,p1_format,az,az,stop,1
2716,ll_0543,Veronica Gomez,p1_format_soft,az,az,stop,1
2717,ll_0543,Veronica Gomez,p2_complexity,az,az,stop,1
2718,ll_0543,Veronica Gomez,p4_role,az,az,stop,1
2719,ll_0543,Veronica Gomez,p5_fewshot,az,az,stop,1
2720,ll_0544,Juan Hall,p1_format,nl,nl,stop,1
2721,ll_0544,Juan Hall,p1_format_soft,nl,nl,stop,1
2722,ll_0544,Juan Hall,p2_complexity,nl,nl,stop,1
2723,ll_0544,Juan Hall,p4_role,nl,nl,stop,1
2724,ll_0544,Juan Hall,p5_fewshot,nl,nl,stop,1
2725,ll_0545,Juan Ortega,p1_format,na,na,stop,1
2726,ll_0545,Juan Ortega,p1_format_soft,na,na,stop,1
2727,ll_0545,Juan Ortega,p2_complexity,na,na,stop,1
2728,ll_0545,Juan Ortega,p4_role,na,na,stop,1
2729,ll_0545,Juan Ortega,p5_fewshot,na,na,stop,1
2730,ll_0546,Paul Torres,p1_format,ls,ls,stop,1
2731,ll_0546,Paul Torres,p1_format_soft,ls,ls,stop,1
2732,ll_0546,Paul Torres,p2_complexity,ls,ls,stop,1
2733,ll_0546,Paul Torres,p4_role,ls,ls,stop,1
2734,ll_0546,Paul Torres,p5_fewshot,ls,ls,stop,1
2735,ll_0547,Jorge Gomez,p1_format,ez,ez,stop,1
2736,ll_0547,Jorge Gomez,p1_format_soft,ez,ez,stop,1
2737,ll_0547,Jorge Gomez,p2_complexity,ez,ez,stop,1
2738,ll_0547,Jorge Gomez,p4_role,ez,ez,stop,1
2739,ll_0547,Jorge Gomez,p5_fewshot,ez,ez,stop,1
2740,ll_0548,Patricia Scott,p1_format,at,at,stop,1
2741,ll_0548,Patricia Scott,p1_format_soft,at,at,stop,1
2742,ll_0548,Patricia Scott,p2_complexity,at,at,stop,1
2743,ll_0548,Patricia Scott,p4_role,at,at,stop,1
2744,ll_0548,Patricia Scott,p5_fewshot,at,at,stop,1
2745,ll_0549,Brandon Hill,p1_format,nl,nl,stop,1
2746,ll_0549,Brandon Hill,p1_format_soft,nl,nl,stop,1
2747,ll_0549,Brandon Hill,p2_complexity,nl,nl,stop,1
2748,ll_0549,Brandon Hill,p4_role,nl,nl,stop,1
2749,ll_0549,Brandon Hill,p5_fewshot,nl,nl,stop,1
2750,ll_0550,William Harris,p1_format,ms,ns,stop,0
2751,ll_0550,William Harris,p1_format_soft,ms,ns,stop,0
2752,ll_0550,William Harris,p2_complexity,ms,ns,stop,0
2753,ll_0550,William Harris,p4_role,ms,ns,stop,0
2754,ll_0550,William Harris,p5_fewshot,ms,ms,stop,1
2755,ll_0551,Daniel Anderson,p1_format,ln,ln,stop,1
2756,ll_0551,Daniel Anderson,p1_format_soft,ln,ln,stop,1
2757,ll_0551,Daniel Anderson,p2_complexity,ln,nn,stop,0
2758,ll_0551,Daniel Anderson,p4_role,ln,nn,stop,0
2759,ll_0551,Daniel Anderson,p5_fewshot,ln,nn,stop,0
2760,ll_0552,Anthony Allen,p1_format,yn,yn,stop,1
2761,ll_0552,Anthony Allen,p1_format_soft,yn,yn,stop,1
2762,ll_0552,Anthony Allen,p2_complexity,yn,yn,stop,1
2763,ll_0552,Anthony Allen,p4_role,yn,yn,stop,1
2764,ll_0552,Anthony Allen,p5_fewshot,yn,yn,stop,1
2765,ll_0553,Christopher Clark,p1_format,rk,rk,stop,1
2766,ll_0553,Christopher Clark,p1_format_soft,rk,rk,stop,1
2767,ll_0553,Christopher Clark,p2_complexity,rk,rk,stop,1
2768,ll_0553,Christopher Clark,p4_role,rk,rk,stop,1
2769,ll_0553,Christopher Clark,p5_fewshot,rk,rk,stop,1
2770,ll_0554,Oscar Torres,p1_format,rs,rs,stop,1
2771,ll_0554,Oscar Torres,p1_format_soft,rs,rs,stop,1
2772,ll_0554,Oscar Torres,p2_complexity,rs,rs,stop,1
2773,ll_0554,Oscar Torres,p4_role,rs,rs,stop,1
2774,ll_0554,Oscar Torres,p5_fewshot,rs,rs,stop,1
2775,ll_0555,Nick Robinson,p1_format,kn,kn,stop,1
2776,ll_0555,Nick Robinson,p1_format_soft,kn,kn,stop,1
2777,ll_0555,Nick Robinson,p2_complexity,kn,kn,stop,1
2778,ll_0555,Nick Robinson,p4_role,kn,kn,stop,1
2779,ll_0555,Nick Robinson,p5_fewshot,kn,kn,stop,1
2780,ll_0556,Monica White,p1_format,ae,ae,stop,1
2781,ll_0556,Monica White,p1_format_soft,ae,ae,stop,1
2782,ll_0556,Monica White,p2_complexity,ae,ae,stop,1
2783,ll_0556,Monica White,p4_role,ae,ae,stop,1
2784,ll_0556,Monica White,p5_fewshot,ae,ae,stop,1
2785,ll_0557,Rachel Nelson,p1_format,ln,ln,stop,1
2786,ll_0557,Rachel Nelson,p1_format_soft,ln,ln,stop,1
2787,ll_0557,Rachel Nelson,p2_complexity,ln,ln,stop,1
2788,ll_0557,Rachel Nelson,p4_role,ln,ln,stop,1
2789,ll_0557,Rachel Nelson,p5_fewshot,ln,ln,stop,1
2790,ll_0558,Juan Castillo,p1_format,no,no,stop,1
2791,ll_0558,Juan Castillo,p1_format_soft,no,no,stop,1
2792,ll_0558,Juan Castillo,p2_complexity,no,no,stop,1
2793,ll_0558,Juan Castillo,p4_role,no,no,stop,1
2794,ll_0558,Juan Castillo,p5_fewshot,no,no,stop,1
2795,ll_0559,Jonathan Miller,p1_format,nr,nr,stop,1
2796,ll_0559,Jonathan Miller,p1_format_soft,nr,nr,stop,1
2797,ll_0559,Jonathan Miller,p2_complexity,nr,nr,stop,1
2798,ll_0559,Jonathan Miller,p4_role,nr,nr,stop,1
2799,ll_0559,Jonathan Miller,p5_fewshot,nr,nr,stop,1
2800,ll_0560,Claudia Martinez,p1_format,az,az,stop,1
2801,ll_0560,Claudia Martinez,p1_format_soft,az,az,stop,1
2802,ll_0560,Claudia Martinez,p2_complexity,az,az,stop,1
2803,ll_0560,Claudia Martinez,p4_role,az,az,stop,1
2804,ll_0560,Claudia Martinez,p5_fewshot,az,az,stop,1
2805,ll_0561,Samantha Ramirez,p1_format,az,az,stop,1
2806,ll_0561,Samantha Ramirez,p1_format_soft,az,az,stop,1
2807,ll_0561,Samantha Ramirez,p2_complexity,az,az,stop,1
2808,ll_0561,Samantha Ramirez,p4_role,az,az,stop,1
2809,ll_0561,Samantha Ramirez,p5_fewshot,az,az,stop,1
2810,ll_0562,Michelle Adams,p1_format,es,es,stop,1
2811,ll_0562,Michelle Adams,p1_format_soft,es,es,stop,1
2812,ll_0562,Michelle Adams,p2_complexity,es,es,stop,1
2813,ll_0562,Michelle Adams,p4_role,es,es,stop,1
2814,ll_0562,Michelle Adams,p5_fewshot,es,es,stop,1
2815,ll_0563,Ashley Lopez,p1_format,yz,yz,stop,1
2816,ll_0563,Ashley Lopez,p1_format_soft,yz,yz,stop,1
2817,ll_0563,Ashley Lopez,p2_complexity,yz,yz,stop,1
2818,ll_0563,Ashley Lopez,p4_role,yz,yz,stop,1
2819,ll_0563,Ashley Lopez,p5_fewshot,yz,yz,stop,1
2820,ll_0564,Robert Davis,p1_format,ts,ts,stop,1
2821,ll_0564,Robert Davis,p1_format_soft,ts,ts,stop,1
2822,ll_0564,Robert Davis,p2_complexity,ts,ts,stop,1
2823,ll_0564,Robert Davis,p4_role,ts,ts,stop,1
2824,ll_0564,Robert Davis,p5_fewshot,ts,ts,stop,1
2825,ll_0565,Pedro Ruiz,p1_format,oz,oz,stop,1
2826,ll_0565,Pedro Ruiz,p1_format_soft,oz,oz,stop,1
2827,ll_0565,Pedro Ruiz,p2_complexity,oz,oz,stop,1
2828,ll_0565,Pedro Ruiz,p4_role,oz,oz,stop,1
2829,ll_0565,Pedro Ruiz,p5_fewshot,oz,oz,stop,1
2830,ll_0566,Matthew Vega,p1_format,wa,wa,stop,1
2831,ll_0566,Matthew Vega,p1_format_soft,wa,wa,stop,1
2832,ll_0566,Matthew Vega,p2_complexity,wa,wa,stop,1
2833,ll_0566,Matthew Vega,p4_role,wa,wa,stop,1
2834,ll_0566,Matthew Vega,p5_fewshot,wa,wa,stop,1
2835,ll_0567,Chris Jackson,p1_format,sn,sn,stop,1
2836,ll_0567,Chris Jackson,p1_format_soft,sn,sn,stop,1
2837,ll_0567,Chris Jackson,p2_complexity,sn,sn,stop,1
2838,ll_0567,Chris Jackson,p4_role,sn,sn,stop,1
2839,ll_0567,Chris Jackson,p5_fewshot,sn,sn,stop,1
2840,ll_0568,Jessica Garza,p1_format,aa,aa,stop,1
2841,ll_0568,Jessica Garza,p1_format_soft,aa,aa,stop,1
2842,ll_0568,Jessica Garza,p2_complexity,aa,aa,stop,1
2843,ll_0568,Jessica Garza,p4_role,aa,aa,stop,1
2844,ll_0568,Jessica Garza,p5_fewshot,aa,aa,stop,1
2845,ll_0569,Anna Gomez,p1_format,az,az,stop,1
2846,ll_0569,Anna Gomez,p1_format_soft,az,az,stop,1
2847,ll_0569,Anna Gomez,p2_complexity,az,az,stop,1
2848,ll_0569,Anna Gomez,p4_role,az,az,stop,1
2849,ll_0569,Anna Gomez,p5_fewshot,az,az,stop,1
2850,ll_0570,Tony Ramos,p1_format,ys,ys,stop,1
2851,ll_0570,Tony Ramos,p1_format_soft,ys,ys,stop,1
2852,ll_0570,Tony Ramos,p2_complexity,ys,ys,stop,1
2853,ll_0570,Tony Ramos,p4_role,ys,ys,stop,1
2854,ll_0570,Tony Ramos,p5_fewshot,ys,ys,stop,1
2855,ll_0571,Brandon Jimenez,p1_format,nz,nz,stop,1
2856,ll_0571,Brandon Jimenez,p1_format_soft,nz,nz,stop,1
2857,ll_0571,Brandon Jimenez,p2_complexity,nz,nz,stop,1
2858,ll_0571,Brandon Jimenez,p4_role,nz,nz,stop,1
2859,ll_0571,Brandon Jimenez,p5_fewshot,nz,nz,stop,1
2860,ll_0572,Carmen Singh,p1_format,nh,nh,stop,1
2861,ll_0572,Carmen Singh,p1_format_soft,nh,nh,stop,1
2862,ll_0572,Carmen Singh,p2_complexity,nh,nh,stop,1
2863,ll_0572,Carmen Singh,p4_role,nh,nh,stop,1
2864,ll_0572,Carmen Singh,p5_fewshot,nh,ng,stop,0
2865,ll_0573,Michelle Ramos,p1_format,es,es,stop,1
2866,ll_0573,Michelle Ramos,p1_format_soft,es,es,stop,1
2867,ll_0573,Michelle Ramos,p2_complexity,es,es,stop,1
2868,ll_0573,Michelle Ramos,p4_role,es,es,stop,1
2869,ll_0573,Michelle Ramos,p5_fewshot,es,es,stop,1
2870,ll_0574,Joseph Smith,p1_format,hh,hh,stop,1
2871,ll_0574,Joseph Smith,p1_format_soft,hh,hh,stop,1
2872,ll_0574,Joseph Smith,p2_complexity,hh,hh,stop,1
2873,ll_0574,Joseph Smith,p4_role,hh,hh,stop,1
2874,ll_0574,Joseph Smith,p5_fewshot,hh,hh,stop,1
2875,ll_0575,Elizabeth Marie,p1_format,he,he,stop,1
2876,ll_0575,Elizabeth Marie,p1_format_soft,he,he,stop,1
2877,ll_0575,Elizabeth Marie,p2_complexity,he,he,stop,1
2878,ll_0575,Elizabeth Marie,p4_role,he,he,stop,1
2879,ll_0575,Elizabeth Marie,p5_fewshot,he,he,stop,1
2880,ll_0576,Richard Alvarez,p1_format,dz,dz,stop,1
2881,ll_0576,Richard Alvarez,p1_format_soft,dz,dz,stop,1
2882,ll_0576,Richard Alvarez,p2_complexity,dz,dz,stop,1
2883,ll_0576,Richard Alvarez,p4_role,dz,dz,stop,1
2884,ll_0576,Richard Alvarez,p5_fewshot,dz,dz,stop,1
2885,ll_0577,Sara Castillo,p1_format,ao,ao,stop,1
2886,ll_0577,Sara Castillo,p1_format_soft,ao,ao,stop,1
2887,ll_0577,Sara Castillo,p2_complexity,ao,ao,stop,1
2888,ll_0577,Sara Castillo,p4_role,ao,ao,stop,1
2889,ll_0577,Sara Castillo,p5_fewshot,ao,ao,stop,1
2890,ll_0578,Angel Mendez,p1_format,lz,lz,stop,1
2891,ll_0578,Angel Mendez,p1_format_soft,lz,lz,stop,1
2892,ll_0578,Angel Mendez,p2_complexity,lz,lz,stop,1
2893,ll_0578,Angel Mendez,p4_role,lz,lz,stop,1
2894,ll_0578,Angel Mendez,p5_fewshot,lz,lz,stop,1
2895,ll_0579,Amanda Khan,p1_format,an,an,stop,1
2896,ll_0579,Amanda Khan,p1_format_soft,an,an,stop,1
2897,ll_0579,Amanda Khan,p2_complexity,an,an,stop,1
2898,ll_0579,Amanda Khan,p4_role,an,an,stop,1
2899,ll_0579,Amanda Khan,p5_fewshot,an,an,stop,1
2900,ll_0580,Miguel Thomas,p1_format,ls,ls,stop,1
2901,ll_0580,Miguel Thomas,p1_format_soft,ls,ls,stop,1
2902,ll_0580,Miguel Thomas,p2_complexity,ls,ls,stop,1
2903,ll_0580,Miguel Thomas,p4_role,ls,ls,stop,1
2904,ll_0580,Miguel Thomas,p5_fewshot,ls,ls,stop,1
2905,ll_0581,Anna Kim,p1_format,am,am,stop,1
2906,ll_0581,Anna Kim,p1_format_soft,am,am,stop,1
2907,ll_0581,Anna Kim,p2_complexity,am,am,stop,1
2908,ll_0581,Anna Kim,p4_role,am,am,stop,1
2909,ll_0581,Anna Kim,p5_fewshot,am,am,stop,1
2910,ll_0582,Justin Flores,p1_format,ns,ns,stop,1
2911,ll_0582,Justin Flores,p1_format_soft,ns,ns,stop,1
2912,ll_0582,Justin Flores,p2_complexity,ns,ns,stop,1
2913,ll_0582,Justin Flores,p4_role,ns,ns,stop,1
2914,ll_0582,Justin Flores,p5_fewshot,ns,ns,stop,1
2915,ll_0583,James Carter,p1_format,sr,sr,stop,1
2916,ll_0583,James Carter,p1_format_soft,sr,sr,stop,1
2917,ll_0583,James Carter,p2_complexity,sr,sr,stop,1
2918,ll_0583,James Carter,p4_role,sr,sr,stop,1
2919,ll_0583,James Carter,p5_fewshot,sr,sr,stop,1
2920,ll_0584,Kathy Salazar,p1_format,yr,yr,stop,1
2921,ll_0584,Kathy Salazar,p1_format_soft,yr,yr,stop,1
2922,ll_0584,Kathy Salazar,p2_complexity,yr,yr,stop,1
2923,ll_0584,Kathy Salazar,p4_role,yr,yr,stop,1
2924,ll_0584,Kathy Salazar,p5_fewshot,yr,yr,stop,1
2925,ll_0585,Katie Vargas,p1_format,es,es,stop,1
2926,ll_0585,Katie Vargas,p1_format_soft,es,es,stop,1
2927,ll_0585,Katie Vargas,p2_complexity,es,es,stop,1
2928,ll_0585,Katie Vargas,p4_role,es,es,stop,1
2929,ll_0585,Katie Vargas,p5_fewshot,es,es,stop,1
2930,ll_0586,Manuel Vasquez,p1_format,lz,lz,stop,1
2931,ll_0586,Manuel Vasquez,p1_format_soft,lz,lz,stop,1
2932,ll_0586,Manuel Vasquez,p2_complexity,lz,lz,stop,1
2933,ll_0586,Manuel Vasquez,p4_role,lz,lz,stop,1
2934,ll_0586,Manuel Vasquez,p5_fewshot,lz,lz,stop,1
2935,ll_0587,Stephanie Thompson,p1_format,en,en,stop,1
2936,ll_0587,Stephanie Thompson,p1_format_soft,en,en,stop,1
2937,ll_0587,Stephanie Thompson,p2_complexity,en,en,stop,1
2938,ll_0587,Stephanie Thompson,p4_role,en,en,stop,1
2939,ll_0587,Stephanie Thompson,p5_fewshot,en,en,stop,1
2940,ll_0588,Steve Ramirez,p1_format,ez,ez,stop,1
2941,ll_0588,Steve Ramirez,p1_format_soft,ez,ez,stop,1
2942,ll_0588,Steve Ramirez,p2_complexity,ez,ez,stop,1
2943,ll_0588,Steve Ramirez,p4_role,ez,ez,stop,1
2944,ll_0588,Steve Ramirez,p5_fewshot,ez,ez,stop,1
2945,ll_0589,Carmen Walker,p1_format,nr,nr,stop,1
2946,ll_0589,Carmen Walker,p1_format_soft,nr,nr,stop,1
2947,ll_0589,Carmen Walker,p2_complexity,nr,nr,stop,1
2948,ll_0589,Carmen Walker,p4_role,nr,nr,stop,1
2949,ll_0589,Carmen Walker,p5_fewshot,nr,nr,stop,1
2950,ll_0590,Veronica Gutierrez,p1_format,az,az,stop,1
2951,ll_0590,Veronica Gutierrez,p1_format_soft,az,az,stop,1
2952,ll_0590,Veronica Gutierrez,p2_complexity,az,az,stop,1
2953,ll_0590,Veronica Gutierrez,p4_role,az,az,stop,1
2954,ll_0590,Veronica Gutierrez,p5_fewshot,az,az,stop,1
2955,ll_0591,Anna Rojas,p1_format,as,as,stop,1
2956,ll_0591,Anna Rojas,p1_format_soft,as,as,stop,1
2957,ll_0591,Anna Rojas,p2_complexity,as,as,stop,1
2958,ll_0591,Anna Rojas,p4_role,as,as,stop,1
2959,ll_0591,Anna Rojas,p5_fewshot,as,as,stop,1
2960,ll_0592,Jessica Carter,p1_format,ar,ar,stop,1
2961,ll_0592,Jessica Carter,p1_format_soft,ar,ar,stop,1
2962,ll_0592,Jessica Carter,p2_complexity,ar,ar,stop,1
2963,ll_0592,Jessica Carter,p4_role,ar,ar,stop,1
2964,ll_0592,Jessica Carter,p5_fewshot,ar,ar,stop,1
2965,ll_0593,Daniel Sandoval,p1_format,ll,ll,stop,1
2966,ll_0593,Daniel Sandoval,p1_format_soft,ll,ll,stop,1
2967,ll_0593,Daniel Sandoval,p2_complexity,ll,nl,stop,0
2968,ll_0593,Daniel Sandoval,p4_role,ll,ll,stop,1
2969,ll_0593,Daniel Sandoval,p5_fewshot,ll,nl,stop,0
2970,ll_0594,Jennifer Moreno,p1_format,ro,ro,stop,1
2971,ll_0594,Jennifer Moreno,p1_format_soft,ro,ro,stop,1
2972,ll_0594,Jennifer Moreno,p2_complexity,ro,ro,stop,1
2973,ll_0594,Jennifer Moreno,p4_role,ro,ro,stop,1
2974,ll_0594,Jennifer Moreno,p5_fewshot,ro,ro,stop,1
2975,ll_0595,Lauren Hill,p1_format,nl,nl,stop,1
2976,ll_0595,Lauren Hill,p1_format_soft,nl,nl,stop,1
2977,ll_0595,Lauren Hill,p2_complexity,nl,nl,stop,1
2978,ll_0595,Lauren Hill,p4_role,nl,nl,stop,1
2979,ll_0595,Lauren Hill,p5_fewshot,nl,nl,stop,1
2980,ll_0596,Ashley Miller,p1_format,yr,yr,stop,1
2981,ll_0596,Ashley Miller,p1_format_soft,yr,yr,stop,1
2982,ll_0596,Ashley Miller,p2_complexity,yr,yr,stop,1
2983,ll_0596,Ashley Miller,p4_role,yr,yr,stop,1
2984,ll_0596,Ashley Miller,p5_fewshot,yr,yr,stop,1
2985,ll_0597,Manuel Morales,p1_format,ls,ls,stop,1
2986,ll_0597,Manuel Morales,p1_format_soft,ls,ls,stop,1
2987,ll_0597,Manuel Morales,p2_complexity,ls,ls,stop,1
2988,ll_0597,Manuel Morales,p4_role,ls,ls,stop,1
2989,ll_0597,Manuel Morales,p5_fewshot,ls,ls,stop,1
2990,ll_0598,Christina Alvarez,p1_format,az,az,stop,1
2991,ll_0598,Christina Alvarez,p1_format_soft,az,az,stop,1
2992,ll_0598,Christina Alvarez,p2_complexity,az,az,stop,1
2993,ll_0598,Christina Alvarez,p4_role,az,az,stop,1
2994,ll_0598,Christina Alvarez,p5_fewshot,az,az,stop,1
2995,ll_0599,Francisco Martin,p1_format,on,on,stop,1
2996,ll_0599,Francisco Martin,p1_format_soft,on,on,stop,1
2997,ll_0599,Francisco Martin,p2_complexity,on,on,stop,1
2998,ll_0599,Francisco Martin,p4_role,on,on,stop,1
2999,ll_0599,Francisco Martin,p5_fewshot,on,on,stop,1
3000,ll_0600,Elizabeth Lopez,p1_format,hz,hz,stop,1
3001,ll_0600,Elizabeth Lopez,p1_format_soft,hz,hz,stop,1
3002,ll_0600,Elizabeth Lopez,p2_complexity,hz,hz,stop,1
3003,ll_0600,Elizabeth Lopez,p4_role,hz,hz,stop,1
3004,ll_0600,Elizabeth Lopez,p5_fewshot,hz,hz,stop,1
3005,ll_0601,Sharon Castillo,p1_format,no,no,stop,1
3006,ll_0601,Sharon Castillo,p1_format_soft,no,no,stop,1
3007,ll_0601,Sharon Castillo,p2_complexity,no,no,stop,1
3008,ll_0601,Sharon Castillo,p4_role,no,no,stop,1
3009,ll_0601,Sharon Castillo,p5_fewshot,no,no,stop,1
3010,ll_0602,Carmen Morales,p1_format,ns,ns,stop,1
3011,ll_0602,Carmen Morales,p1_format_soft,ns,ns,stop,1
3012,ll_0602,Carmen Morales,p2_complexity,ns,ns,stop,1
3013,ll_0602,Carmen Morales,p4_role,ns,ns,stop,1
3014,ll_0602,Carmen Morales,p5_fewshot,ns,ns,stop,1
3015,ll_0603,Barbara Clark,p1_format,ak,ak,stop,1
3016,ll_0603,Barbara Clark,p1_format_soft,ak,ak,stop,1
3017,ll_0603,Barbara Clark,p2_complexity,ak,ak,stop,1
3018,ll_0603,Barbara Clark,p4_role,ak,ak,stop,1
3019,ll_0603,Barbara Clark,p5_fewshot,ak,ak,stop,1
3020,ll_0604,Kim Green,p1_format,mn,mn,stop,1
3021,ll_0604,Kim Green,p1_format_soft,mn,mn,stop,1
3022,ll_0604,Kim Green,p2_complexity,mn,mn,stop,1
3023,ll_0604,Kim Green,p4_role,mn,mn,stop,1
3024,ll_0604,Kim Green,p5_fewshot,mn,mn,stop,1
3025,ll_0605,Juan Castillo,p1_format,no,no,stop,1
3026,ll_0605,Juan Castillo,p1_format_soft,no,no,stop,1
3027,ll_0605,Juan Castillo,p2_complexity,no,no,stop,1
3028,ll_0605,Juan Castillo,p4_role,no,no,stop,1
3029,ll_0605,Juan Castillo,p5_fewshot,no,no,stop,1
3030,ll_0606,Samantha Thomas,p1_format,as,as,stop,1
3031,ll_0606,Samantha Thomas,p1_format_soft,as,as,stop,1
3032,ll_0606,Samantha Thomas,p2_complexity,as,as,stop,1
3033,ll_0606,Samantha Thomas,p4_role,as,as,stop,1
3034,ll_0606,Samantha Thomas,p5_fewshot,as,as,stop,1
3035,ll_0607,Jonathan Garza,p1_format,na,na,stop,1
3036,ll_0607,Jonathan Garza,p1_format_soft,na,na,stop,1
3037,ll_0607,Jonathan Garza,p2_complexity,na,na,stop,1
3038,ll_0607,Jonathan Garza,p4_role,na,na,stop,1
3039,ll_0607,Jonathan Garza,p5_fewshot,na,na,stop,1
3040,ll_0608,Sharon Jackson,p1_format,nn,nn,stop,1
3041,ll_0608,Sharon Jackson,p1_format_soft,nn,nn,stop,1
3042,ll_0608,Sharon Jackson,p2_complexity,nn,nn,stop,1
3043,ll_0608,Sharon Jackson,p4_role,nn,nn,stop,1
3044,ll_0608,Sharon Jackson,p5_fewshot,nn,nn,stop,1
3045,ll_0609,Jason Hall,p1_format,nl,nl,stop,1
3046,ll_0609,Jason Hall,p1_format_soft,nl,nl,stop,1
3047,ll_0609,Jason Hall,p2_complexity,nl,nl,stop,1
3048,ll_0609,Jason Hall,p4_role,nl,nl,stop,1
3049,ll_0609,Jason Hall,p5_fewshot,nl,nl,stop,1
3050,ll_0610,Katie Mitchell,p1_format,el,el,stop,1
3051,ll_0610,Katie Mitchell,p1_format_soft,el,el,stop,1
3052,ll_0610,Katie Mitchell,p2_complexity,el,el,stop,1
3053,ll_0610,Katie Mitchell,p4_role,el,el,stop,1
3054,ll_0610,Katie Mitchell,p5_fewshot,el,eh,stop,0
3055,ll_0611,Kim Gonzalez,p1_format,mz,mz,stop,1
3056,ll_0611,Kim Gonzalez,p1_format_soft,mz,mz,stop,1
3057,ll_0611,Kim Gonzalez,p2_complexity,mz,mz,stop,1
3058,ll_0611,Kim Gonzalez,p4_role,mz,mz,stop,1
3059,ll_0611,Kim Gonzalez,p5_fewshot,mz,mz,stop,1
3060,ll_0612,Kim Flores,p1_format,ms,ms,stop,1
3061,ll_0612,Kim Flores,p1_format_soft,ms,ms,stop,1
3062,ll_0612,Kim Flores,p2_complexity,ms,ms,stop,1
3063,ll_0612,Kim Flores,p4_role,ms,ms,stop,1
3064,ll_0612,Kim Flores,p5_fewshot,ms,ms,stop,1
3065,ll_0613,Anna Maldonado,p1_format,ao,ao,stop,1
3066,ll_0613,Anna Maldonado,p1_format_soft,ao,ao,stop,1
3067,ll_0613,Anna Maldonado,p2_complexity,ao,ao,stop,1
3068,ll_0613,Anna Maldonado,p4_role,ao,ao,stop,1
3069,ll_0613,Anna Maldonado,p5_fewshot,ao,ao,stop,1
3070,ll_0614,Daniel Miller,p1_format,lr,lr,stop,1
3071,ll_0614,Daniel Miller,p1_format_soft,lr,lr,stop,1
3072,ll_0614,Daniel Miller,p2_complexity,lr,lr,stop,1
3073,ll_0614,Daniel Miller,p4_role,lr,nr,stop,0
3074,ll_0614,Daniel Miller,p5_fewshot,lr,lr,stop,1
3075,ll_0615,Jonathan Allen,p1_format,nn,nn,stop,1
3076,ll_0615,Jonathan Allen,p1_format_soft,nn,nn,stop,1
3077,ll_0615,Jonathan Allen,p2_complexity,nn,nn,stop,1
3078,ll_0615,Jonathan Allen,p4_role,nn,nn,stop,1
3079,ll_0615,Jonathan Allen,p5_fewshot,nn,nn,stop,1
3080,ll_0616,Christopher Lopez,p1_format,rz,rz,stop,1
3081,ll_0616,Christopher Lopez,p1_format_soft,rz,rz,stop,1
3082,ll_0616,Christopher Lopez,p2_complexity,rz,rz,stop,1
3083,ll_0616,Christopher Lopez,p4_role,rz,rz,stop,1
3084,ll_0616,Christopher Lopez,p5_fewshot,rz,rz,stop,1
3085,ll_0617,Scott Taylor,p1_format,tr,tr,stop,1
3086,ll_0617,Scott Taylor,p1_format_soft,tr,tr,stop,1
3087,ll_0617,Scott Taylor,p2_complexity,tr,tr,stop,1
3088,ll_0617,Scott Taylor,p4_role,tr,tr,stop,1
3089,ll_0617,Scott Taylor,p5_fewshot,tr,tr,stop,1
3090,ll_0618,Sandra Hall,p1_format,al,al,stop,1
3091,ll_0618,Sandra Hall,p1_format_soft,al,al,stop,1
3092,ll_0618,Sandra Hall,p2_complexity,al,al,stop,1
3093,ll_0618,Sandra Hall,p4_role,al,al,stop,1
3094,ll_0618,Sandra Hall,p5_fewshot,al,al,stop,1
3095,ll_0619,Michelle Young,p1_format,eg,eg,stop,1
3096,ll_0619,Michelle Young,p1_format_soft,eg,eg,stop,1
3097,ll_0619,Michelle Young,p2_complexity,eg,eg,stop,1
3098,ll_0619,Michelle Young,p4_role,eg,eg,stop,1
3099,ll_0619,Michelle Young,p5_fewshot,eg,eg,stop,1
3100,ll_0620,Matt Kim,p1_format,tm,tm,stop,1
3101,ll_0620,Matt Kim,p1_format_soft,tm,tm,stop,1
3102,ll_0620,Matt Kim,p2_complexity,tm,tm,stop,1
3103,ll_0620,Matt Kim,p4_role,tm,tm,stop,1
3104,ll_0620,Matt Kim,p5_fewshot,tm,tm,stop,1
3105,ll_0621,Mary Gutierrez,p1_format,yz,yz,stop,1
3106,ll_0621,Mary Gutierrez,p1_format_soft,yz,yz,stop,1
3107,ll_0621,Mary Gutierrez,p2_complexity,yz,yz,stop,1
3108,ll_0621,Mary Gutierrez,p4_role,yz,yz,stop,1
3109,ll_0621,Mary Gutierrez,p5_fewshot,yz,yz,stop,1
3110,ll_0622,Kim Lee,p1_format,me,me,stop,1
3111,ll_0622,Kim Lee,p1_format_soft,me,me,stop,1
3112,ll_0622,Kim Lee,p2_complexity,me,me,stop,1
3113,ll_0622,Kim Lee,p4_role,me,me,stop,1
3114,ll_0622,Kim Lee,p5_fewshot,me,me,stop,1
3115,ll_0623,Melissa Williams,p1_format,as,as,stop,1
3116,ll_0623,Melissa Williams,p1_format_soft,as,as,stop,1
3117,ll_0623,Melissa Williams,p2_complexity,as,as,stop,1
3118,ll_0623,Melissa Williams,p4_role,as,as,stop,1
3119,ll_0623,Melissa Williams,p5_fewshot,as,as,stop,1
3120,ll_0624,Pedro Moreno,p1_format,oo,oo,stop,1
3121,ll_0624,Pedro Moreno,p1_format_soft,oo,oo,stop,1
3122,ll_0624,Pedro Moreno,p2_complexity,oo,oo,stop,1
3123,ll_0624,Pedro Moreno,p4_role,oo,oo,stop,1
3124,ll_0624,Pedro Moreno,p5_fewshot,oo,oo,stop,1
3125,ll_0625,Rachel Gonzales,p1_format,ls,hs,stop,0
3126,ll_0625,Rachel Gonzales,p1_format_soft,ls,ls,stop,1
3127,ll_0625,Rachel Gonzales,p2_complexity,ls,ls,stop,1
3128,ll_0625,Rachel Gonzales,p4_role,ls,ls,stop,1
3129,ll_0625,Rachel Gonzales,p5_fewshot,ls,ls,stop,1
3130,ll_0626,Karen Diaz,p1_format,nz,nz,stop,1
3131,ll_0626,Karen Diaz,p1_format_soft,nz,nz,stop,1
3132,ll_0626,Karen Diaz,p2_complexity,nz,nz,stop,1
3133,ll_0626,Karen Diaz,p4_role,nz,nz,stop,1
3134,ll_0626,Karen Diaz,p5_fewshot,nz,nz,stop,1
3135,ll_0627,Gloria Young,p1_format,ag,ag,stop,1
3136,ll_0627,Gloria Young,p1_format_soft,ag,ag,stop,1
3137,ll_0627,Gloria Young,p2_complexity,ag,ag,stop,1
3138,ll_0627,Gloria Young,p4_role,ag,ag,stop,1
3139,ll_0627,Gloria Young,p5_fewshot,ag,ag,stop,1
3140,ll_0628,Kimberly Adams,p1_format,ys,ys,stop,1
3141,ll_0628,Kimberly Adams,p1_format_soft,ys,ys,stop,1
3142,ll_0628,Kimberly Adams,p2_complexity,ys,ys,stop,1
3143,ll_0628,Kimberly Adams,p4_role,ys,ys,stop,1
3144,ll_0628,Kimberly Adams,p5_fewshot,ys,ys,stop,1
3145,ll_0629,Michelle Contreras,p1_format,es,es,stop,1
3146,ll_0629,Michelle Contreras,p1_format_soft,es,es,stop,1
3147,ll_0629,Michelle Contreras,p2_complexity,es,es,stop,1
3148,ll_0629,Michelle Contreras,p4_role,es,es,stop,1
3149,ll_0629,Michelle Contreras,p5_fewshot,es,es,stop,1
3150,ll_0630,Juan Garcia,p1_format,na,na,stop,1
3151,ll_0630,Juan Garcia,p1_format_soft,na,na,stop,1
3152,ll_0630,Juan Garcia,p2_complexity,na,na,stop,1
3153,ll_0630,Juan Garcia,p4_role,na,na,stop,1
3154,ll_0630,Juan Garcia,p5_fewshot,na,na,stop,1
3155,ll_0631,Susan King,p1_format,ng,ng,stop,1
3156,ll_0631,Susan King,p1_format_soft,ng,ng,stop,1
3157,ll_0631,Susan King,p2_complexity,ng,ng,stop,1
3158,ll_0631,Susan King,p4_role,ng,ng,stop,1
3159,ll_0631,Susan King,p5_fewshot,ng,ng,stop,1
3160,ll_0632,Amanda Hill,p1_format,al,al,stop,1
3161,ll_0632,Amanda Hill,p1_format_soft,al,al,stop,1
3162,ll_0632,Amanda Hill,p2_complexity,al,al,stop,1
3163,ll_0632,Amanda Hill,p4_role,al,al,stop,1
3164,ll_0632,Amanda Hill,p5_fewshot,al,al,stop,1
3165,ll_0633,Steven Aguilar,p1_format,nr,nr,stop,1
3166,ll_0633,Steven Aguilar,p1_format_soft,nr,nr,stop,1
3167,ll_0633,Steven Aguilar,p2_complexity,nr,nr,stop,1
3168,ll_0633,Steven Aguilar,p4_role,nr,nr,stop,1
3169,ll_0633,Steven Aguilar,p5_fewshot,nr,nr,stop,1
3170,ll_0634,Linda Wright,p1_format,at,at,stop,1
3171,ll_0634,Linda Wright,p1_format_soft,at,at,stop,1
3172,ll_0634,Linda Wright,p2_complexity,at,at,stop,1
3173,ll_0634,Linda Wright,p4_role,at,at,stop,1
3174,ll_0634,Linda Wright,p5_fewshot,at,at,stop,1
3175,ll_0635,Matt James,p1_format,ts,ts,stop,1
3176,ll_0635,Matt James,p1_format_soft,ts,ts,stop,1
3177,ll_0635,Matt James,p2_complexity,ts,ts,stop,1
3178,ll_0635,Matt James,p4_role,ts,ts,stop,1
3179,ll_0635,Matt James,p5_fewshot,ts,ts,stop,1
3180,ll_0636,James Walker,p1_format,sr,sr,stop,1
3181,ll_0636,James Walker,p1_format_soft,sr,sr,stop,1
3182,ll_0636,James Walker,p2_complexity,sr,sr,stop,1
3183,ll_0636,James Walker,p4_role,sr,sr,stop,1
3184,ll_0636,James Walker,p5_fewshot,sr,sr,stop,1
3185,ll_0637,Carmen Anderson,p1_format,nn,nn,stop,1
3186,ll_0637,Carmen Anderson,p1_format_soft,nn,nn,stop,1
3187,ll_0637,Carmen Anderson,p2_complexity,nn,nn,stop,1
3188,ll_0637,Carmen Anderson,p4_role,nn,nn,stop,1
3189,ll_0637,Carmen Anderson,p5_fewshot,nn,nn,stop,1
3190,ll_0638,Luis Gutierrez,p1_format,sz,sz,stop,1
3191,ll_0638,Luis Gutierrez,p1_format_soft,sz,sz,stop,1
3192,ll_0638,Luis Gutierrez,p2_complexity,sz,sz,stop,1
3193,ll_0638,Luis Gutierrez,p4_role,sz,sz,stop,1
3194,ll_0638,Luis Gutierrez,p5_fewshot,sz,sz,stop,1
3195,ll_0639,Chris Williams,p1_format,ss,ss,stop,1
3196,ll_0639,Chris Williams,p1_format_soft,ss,ss,stop,1
3197,ll_0639,Chris Williams,p2_complexity,ss,ss,stop,1
3198,ll_0639,Chris Williams,p4_role,ss,ss,stop,1
3199,ll_0639,Chris Williams,p5_fewshot,ss,ss,stop,1
3200,ll_0640,Samantha Moore,p1_format,ae,ae,stop,1
3201,ll_0640,Samantha Moore,p1_format_soft,ae,ae,stop,1
3202,ll_0640,Samantha Moore,p2_complexity,ae,ae,stop,1
3203,ll_0640,Samantha Moore,p4_role,ae,ae,stop,1
3204,ll_0640,Samantha Moore,p5_fewshot,ae,ae,stop,1
3205,ll_0641,Jesus Brown,p1_format,sn,sn,stop,1
3206,ll_0641,Jesus Brown,p1_format_soft,sn,sn,stop,1
3207,ll_0641,Jesus Brown,p2_complexity,sn,sn,stop,1
3208,ll_0641,Jesus Brown,p4_role,sn,sn,stop,1
3209,ll_0641,Jesus Brown,p5_fewshot,sn,sn,stop,1
3210,ll_0642,Maria Delgado,p1_format,ao,ao,stop,1
3211,ll_0642,Maria Delgado,p1_format_soft,ao,ao,stop,1
3212,ll_0642,Maria Delgado,p2_complexity,ao,ao,stop,1
3213,ll_0642,Maria Delgado,p4_role,ao,ao,stop,1
3214,ll_0642,Maria Delgado,p5_fewshot,ao,ao,stop,1
3215,ll_0643,Manuel Ruiz,p1_format,lz,lz,stop,1
3216,ll_0643,Manuel Ruiz,p1_format_soft,lz,lz,stop,1
3217,ll_0643,Manuel Ruiz,p2_complexity,lz,lz,stop,1
3218,ll_0643,Manuel Ruiz,p4_role,lz,lz,stop,1
3219,ll_0643,Manuel Ruiz,p5_fewshot,lz,lz,stop,1
3220,ll_0644,Eric Alvarado,p1_format,co,co,stop,1
3221,ll_0644,Eric Alvarado,p1_format_soft,co,co,stop,1
3222,ll_0644,Eric Alvarado,p2_complexity,co,co,stop,1
3223,ll_0644,Eric Alvarado,p4_role,co,co,stop,1
3224,ll_0644,Eric Alvarado,p5_fewshot,co,co,stop,1
3225,ll_0645,Richard Hall,p1_format,dl,dl,stop,1
3226,ll_0645,Richard Hall,p1_format_soft,dl,dl,stop,1
3227,ll_0645,Richard Hall,p2_complexity,dl,dl,stop,1
3228,ll_0645,Richard Hall,p4_role,dl,dl,stop,1
3229,ll_0645,Richard Hall,p5_fewshot,dl,dl,stop,1
3230,ll_0646,Luis Brown,p1_format,sn,sn,stop,1
3231,ll_0646,Luis Brown,p1_format_soft,sn,sn,stop,1
3232,ll_0646,Luis Brown,p2_complexity,sn,sn,stop,1
3233,ll_0646,Luis Brown,p4_role,sn,sn,stop,1
3234,ll_0646,Luis Brown,p5_fewshot,sn,sn,stop,1
3235,ll_0647,Steve Johnson,p1_format,en,en,stop,1
3236,ll_0647,Steve Johnson,p1_format_soft,en,en,stop,1
3237,ll_0647,Steve Johnson,p2_complexity,en,en,stop,1
3238,ll_0647,Steve Johnson,p4_role,en,en,stop,1
3239,ll_0647,Steve Johnson,p5_fewshot,en,en,stop,1
3240,ll_0648,Christopher Lopez,p1_format,rz,rz,stop,1
3241,ll_0648,Christopher Lopez,p1_format_soft,rz,rz,stop,1
3242,ll_0648,Christopher Lopez,p2_complexity,rz,rz,stop,1
3243,ll_0648,Christopher Lopez,p4_role,rz,rz,stop,1
3244,ll_0648,Christopher Lopez,p5_fewshot,rz,rz,stop,1
3245,ll_0649,Veronica Green,p1_format,an,an,stop,1
3246,ll_0649,Veronica Green,p1_format_soft,an,an,stop,1
3247,ll_0649,Veronica Green,p2_complexity,an,an,stop,1
3248,ll_0649,Veronica Green,p4_role,an,an,stop,1
3249,ll_0649,Veronica Green,p5_fewshot,an,an,stop,1
3250,ll_0650,Jose King,p1_format,eg,eg,stop,1
3251,ll_0650,Jose King,p1_format_soft,eg,eg,stop,1
3252,ll_0650,Jose King,p2_complexity,eg,eg,stop,1
3253,ll_0650,Jose King,p4_role,eg,eg,stop,1
3254,ll_0650,Jose King,p5_fewshot,eg,eg,stop,1
3255,ll_0651,James Lewis,p1_format,ss,ss,stop,1
3256,ll_0651,James Lewis,p1_format_soft,ss,ss,stop,1
3257,ll_0651,James Lewis,p2_complexity,ss,ss,stop,1
3258,ll_0651,James Lewis,p4_role,ss,ss,stop,1
3259,ll_0651,James Lewis,p5_fewshot,ss,ss,stop,1
3260,ll_0652,Robert Lewis,p1_format,ts,ts,stop,1
3261,ll_0652,Robert Lewis,p1_format_soft,ts,ts,stop,1
3262,ll_0652,Robert Lewis,p2_complexity,ts,ts,stop,1
3263,ll_0652,Robert Lewis,p4_role,ts,ts,stop,1
3264,ll_0652,Robert Lewis,p5_fewshot,ts,ts,stop,1
3265,ll_0653,Jeff Gutierrez,p1_format,fz,fz,stop,1
3266,ll_0653,Jeff Gutierrez,p1_format_soft,fz,fz,stop,1
3267,ll_0653,Jeff Gutierrez,p2_complexity,fz,fz,stop,1
3268,ll_0653,Jeff Gutierrez,p4_role,fz,fz,stop,1
3269,ll_0653,Jeff Gutierrez,p5_fewshot,fz,fz,stop,1
3270,ll_0654,Kelly Garcia,p1_format,ya,ya,stop,1
3271,ll_0654,Kelly Garcia,p1_format_soft,ya,ya,stop,1
3272,ll_0654,Kelly Garcia,p2_complexity,ya,ya,stop,1
3273,ll_0654,Kelly Garcia,p4_role,ya,ya,stop,1
3274,ll_0654,Kelly Garcia,p5_fewshot,ya,ya,stop,1
3275,ll_0655,Oscar Flores,p1_format,rs,rs,stop,1
3276,ll_0655,Oscar Flores,p1_format_soft,rs,rs,stop,1
3277,ll_0655,Oscar Flores,p2_complexity,rs,rs,stop,1
3278,ll_0655,Oscar Flores,p4_role,rs,rs,stop,1
3279,ll_0655,Oscar Flores,p5_fewshot,rs,rs,stop,1
3280,ll_0656,Sara Aguilar,p1_format,ar,ar,stop,1
3281,ll_0656,Sara Aguilar,p1_format_soft,ar,ar,stop,1
3282,ll_0656,Sara Aguilar,p2_complexity,ar,ar,stop,1
3283,ll_0656,Sara Aguilar,p4_role,ar,ar,stop,1
3284,ll_0656,Sara Aguilar,p5_fewshot,ar,ar,stop,1
3285,ll_0657,Mark Kim,p1_format,km,km,stop,1
3286,ll_0657,Mark Kim,p1_format_soft,km,km,stop,1
3287,ll_0657,Mark Kim,p2_complexity,km,km,stop,1
3288,ll_0657,Mark Kim,p4_role,km,km,stop,1
3289,ll_0657,Mark Kim,p5_fewshot,km,km,stop,1
3290,ll_0658,Patricia Rivera,p1_format,aa,aa,stop,1
3291,ll_0658,Patricia Rivera,p1_format_soft,aa,aa,stop,1
3292,ll_0658,Patricia Rivera,p2_complexity,aa,aa,stop,1
3293,ll_0658,Patricia Rivera,p4_role,aa,aa,stop,1
3294,ll_0658,Patricia Rivera,p5_fewshot,aa,aa,stop,1
3295,ll_0659,Laura Vasquez,p1_format,az,az,stop,1
3296,ll_0659,Laura Vasquez,p1_format_soft,az,az,stop,1
3297,ll_0659,Laura Vasquez,p2_complexity,az,az,stop,1
3298,ll_0659,Laura Vasquez,p4_role,az,az,stop,1
3299,ll_0659,Laura Vasquez,p5_fewshot,az,az,stop,1
3300,ll_0660,Ana Johnson,p1_format,an,an,stop,1
3301,ll_0660,Ana Johnson,p1_format_soft,an,an,stop,1
3302,ll_0660,Ana Johnson,p2_complexity,an,an,stop,1
3303,ll_0660,Ana Johnson,p4_role,an,an,stop,1
3304,ll_0660,Ana Johnson,p5_fewshot,an,an,stop,1
3305,ll_0661,Michael Vargas,p1_format,ls,ls,stop,1
3306,ll_0661,Michael Vargas,p1_format_soft,ls,ls,stop,1
3307,ll_0661,Michael Vargas,p2_complexity,ls,ls,stop,1
3308,ll_0661,Michael Vargas,p4_role,ls,ls,stop,1
3309,ll_0661,Michael Vargas,p5_fewshot,ls,ls,stop,1
3310,ll_0662,Tony Wright,p1_format,yt,yt,stop,1
3311,ll_0662,Tony Wright,p1_format_soft,yt,yt,stop,1
3312,ll_0662,Tony Wright,p2_complexity,yt,yt,stop,1
3313,ll_0662,Tony Wright,p4_role,yt,yt,stop,1
3314,ll_0662,Tony Wright,p5_fewshot,yt,yt,stop,1
3315,ll_0663,Luis Rojas,p1_format,ss,ss,stop,1
3316,ll_0663,Luis Rojas,p1_format_soft,ss,ss,stop,1
3317,ll_0663,Luis Rojas,p2_complexity,ss,ss,stop,1
3318,ll_0663,Luis Rojas,p4_role,ss,ss,stop,1
3319,ll_0663,Luis Rojas,p5_fewshot,ss,ss,stop,1
3320,ll_0664,Sharon Jones,p1_format,ns,ns,stop,1
3321,ll_0664,Sharon Jones,p1_format_soft,ns,ns,stop,1
3322,ll_0664,Sharon Jones,p2_complexity,ns,ns,stop,1
3323,ll_0664,Sharon Jones,p4_role,ns,ns,stop,1
3324,ll_0664,Sharon Jones,p5_fewshot,ns,ns,stop,1
3325,ll_0665,Carmen Thomas,p1_format,ns,ns,stop,1
3326,ll_0665,Carmen Thomas,p1_format_soft,ns,ns,stop,1
3327,ll_0665,Carmen Thomas,p2_complexity,ns,ns,stop,1
3328,ll_0665,Carmen Thomas,p4_role,ns,ns,stop,1
3329,ll_0665,Carmen Thomas,p5_fewshot,ns,ns,stop,1
3330,ll_0666,Ashley Patel,p1_format,yl,yl,stop,1
3331,ll_0666,Ashley Patel,p1_format_soft,yl,yl,stop,1
3332,ll_0666,Ashley Patel,p2_complexity,yl,yl,stop,1
3333,ll_0666,Ashley Patel,p4_role,yl,yl,stop,1
3334,ll_0666,Ashley Patel,p5_fewshot,yl,yl,stop,1
3335,ll_0667,Laura Romero,p1_format,ao,ao,stop,1
3336,ll_0667,Laura Romero,p1_format_soft,ao,ao,stop,1
3337,ll_0667,Laura Romero,p2_complexity,ao,ao,stop,1
3338,ll_0667,Laura Romero,p4_role,ao,ao,stop,1
3339,ll_0667,Laura Romero,p5_fewshot,ao,ao,stop,1
3340,ll_0668,Jason Scott,p1_format,nt,nt,stop,1
3341,ll_0668,Jason Scott,p1_format_soft,nt,nt,stop,1
3342,ll_0668,Jason Scott,p2_complexity,nt,nt,stop,1
3343,ll_0668,Jason Scott,p4_role,nt,nt,stop,1
3344,ll_0668,Jason Scott,p5_fewshot,nt,nt,stop,1
3345,ll_0669,Jorge Thompson,p1_format,en,en,stop,1
3346,ll_0669,Jorge Thompson,p1_format_soft,en,en,stop,1
3347,ll_0669,Jorge Thompson,p2_complexity,en,en,stop,1
3348,ll_0669,Jorge Thompson,p4_role,en,en,stop,1
3349,ll_0669,Jorge Thompson,p5_fewshot,en,en,stop,1
3350,ll_0670,Maria Alvarado,p1_format,ao,ao,stop,1
3351,ll_0670,Maria Alvarado,p1_format_soft,ao,ao,stop,1
3352,ll_0670,Maria Alvarado,p2_complexity,ao,ao,stop,1
3353,ll_0670,Maria Alvarado,p4_role,ao,ao,stop,1
3354,ll_0670,Maria Alvarado,p5_fewshot,ao,ao,stop,1
3355,ll_0671,Anna Khan,p1_format,an,an,stop,1
3356,ll_0671,Anna Khan,p1_format_soft,an,an,stop,1
3357,ll_0671,Anna Khan,p2_complexity,an,an,stop,1
3358,ll_0671,Anna Khan,p4_role,an,an,stop,1
3359,ll_0671,Anna Khan,p5_fewshot,an,an,stop,1
3360,ll_0672,Rosa Smith,p1_format,ah,ah,stop,1
3361,ll_0672,Rosa Smith,p1_format_soft,ah,ah,stop,1
3362,ll_0672,Rosa Smith,p2_complexity,ah,ah,stop,1
3363,ll_0672,Rosa Smith,p4_role,ah,ah,stop,1
3364,ll_0672,Rosa Smith,p5_fewshot,ah,ah,stop,1
3365,ll_0673,Miguel Hall,p1_format,ll,ll,stop,1
3366,ll_0673,Miguel Hall,p1_format_soft,ll,ll,stop,1
3367,ll_0673,Miguel Hall,p2_complexity,ll,ll,stop,1
3368,ll_0673,Miguel Hall,p4_role,ll,ll,stop,1
3369,ll_0673,Miguel Hall,p5_fewshot,ll,ll,stop,1
3370,ll_0674,Rosa Castillo,p1_format,ao,ao,stop,1
3371,ll_0674,Rosa Castillo,p1_format_soft,ao,ao,stop,1
3372,ll_0674,Rosa Castillo,p2_complexity,ao,ao,stop,1
3373,ll_0674,Rosa Castillo,p4_role,ao,ao,stop,1
3374,ll_0674,Rosa Castillo,p5_fewshot,ao,ao,stop,1
3375,ll_0675,Victor Vasquez,p1_format,rz,rz,stop,1
3376,ll_0675,Victor Vasquez,p1_format_soft,rz,rz,stop,1
3377,ll_0675,Victor Vasquez,p2_complexity,rz,rz,stop,1
3378,ll_0675,Victor Vasquez,p4_role,rz,rz,stop,1
3379,ll_0675,Victor Vasquez,p5_fewshot,rz,rz,stop,1
3380,ll_0676,Susan Garza,p1_format,na,na,stop,1
3381,ll_0676,Susan Garza,p1_format_soft,na,na,stop,1
3382,ll_0676,Susan Garza,p2_complexity,na,na,stop,1
3383,ll_0676,Susan Garza,p4_role,na,na,stop,1
3384,ll_0676,Susan Garza,p5_fewshot,na,na,stop,1
3385,ll_0677,Joseph Carter,p1_format,hr,hr,stop,1
3386,ll_0677,Joseph Carter,p1_format_soft,hr,hr,stop,1
3387,ll_0677,Joseph Carter,p2_complexity,hr,hr,stop,1
3388,ll_0677,Joseph Carter,p4_role,hr,hr,stop,1
3389,ll_0677,Joseph Carter,p5_fewshot,hr,hr,stop,1
3390,ll_0678,Nick Taylor,p1_format,kr,kr,stop,1
3391,ll_0678,Nick Taylor,p1_format_soft,kr,kr,stop,1
3392,ll_0678,Nick Taylor,p2_complexity,kr,kr,stop,1
3393,ll_0678,Nick Taylor,p4_role,kr,kr,stop,1
3394,ll_0678,Nick Taylor,p5_fewshot,kr,kr,stop,1
3395,ll_0679,Joe Mejia,p1_format,ea,ea,stop,1
3396,ll_0679,Joe Mejia,p1_format_soft,ea,ea,stop,1
3397,ll_0679,Joe Mejia,p2_complexity,ea,ea,stop,1
3398,ll_0679,Joe Mejia,p4_role,ea,ea,stop,1
3399,ll_0679,Joe Mejia,p5_fewshot,ea,ea,stop,1
3400,ll_0680,Matthew Lee,p1_format,we,we,stop,1
3401,ll_0680,Matthew Lee,p1_format_soft,we,we,stop,1
3402,ll_0680,Matthew Lee,p2_complexity,we,we,stop,1
3403,ll_0680,Matthew Lee,p4_role,we,we,stop,1
3404,ll_0680,Matthew Lee,p5_fewshot,we,we,stop,1
3405,ll_0681,Mary Sanchez,p1_format,yz,yz,stop,1
3406,ll_0681,Mary Sanchez,p1_format_soft,yz,yz,stop,1
3407,ll_0681,Mary Sanchez,p2_complexity,yz,yz,stop,1
3408,ll_0681,Mary Sanchez,p4_role,yz,yz,stop,1
3409,ll_0681,Mary Sanchez,p5_fewshot,yz,yz,stop,1
3410,ll_0682,Manuel Nelson,p1_format,ln,ln,stop,1
3411,ll_0682,Manuel Nelson,p1_format_soft,ln,ln,stop,1
3412,ll_0682,Manuel Nelson,p2_complexity,ln,ln,stop,1
3413,ll_0682,Manuel Nelson,p4_role,ln,ln,stop,1
3414,ll_0682,Manuel Nelson,p5_fewshot,ln,ln,stop,1
3415,ll_0683,Jorge Mendez,p1_format,ez,ez,stop,1
3416,ll_0683,Jorge Mendez,p1_format_soft,ez,ez,stop,1
3417,ll_0683,Jorge Mendez,p2_complexity,ez,ez,stop,1
3418,ll_0683,Jorge Mendez,p4_role,ez,ez,stop,1
3419,ll_0683,Jorge Mendez,p5_fewshot,ez,ez,stop,1
3420,ll_0684,Victor Marie,p1_format,re,re,stop,1
3421,ll_0684,Victor Marie,p1_format_soft,re,re,stop,1
3422,ll_0684,Victor Marie,p2_complexity,re,re,stop,1
3423,ll_0684,Victor Marie,p4_role,re,re,stop,1
3424,ll_0684,Victor Marie,p5_fewshot,re,re,stop,1
3425,ll_0685,Michael Guzman,p1_format,ln,ln,stop,1
3426,ll_0685,Michael Guzman,p1_format_soft,ln,ln,stop,1
3427,ll_0685,Michael Guzman,p2_complexity,ln,ln,stop,1
3428,ll_0685,Michael Guzman,p4_role,ln,ln,stop,1
3429,ll_0685,Michael Guzman,p5_fewshot,ln,ln,stop,1
3430,ll_0686,Luis Martin,p1_format,sn,sn,stop,1
3431,ll_0686,Luis Martin,p1_format_soft,sn,sn,stop,1
3432,ll_0686,Luis Martin,p2_complexity,sn,sn,stop,1
3433,ll_0686,Luis Martin,p4_role,sn,sn,stop,1
3434,ll_0686,Luis Martin,p5_fewshot,sn,sn,stop,1
3435,ll_0687,Jorge Moore,p1_format,ee,ee,stop,1
3436,ll_0687,Jorge Moore,p1_format_soft,ee,ee,stop,1
3437,ll_0687,Jorge Moore,p2_complexity,ee,ee,stop,1
3438,ll_0687,Jorge Moore,p4_role,ee,ee,stop,1
3439,ll_0687,Jorge Moore,p5_fewshot,ee,ee,stop,1
3440,ll_0688,Stephanie Castro,p1_format,eo,eo,stop,1
3441,ll_0688,Stephanie Castro,p1_format_soft,eo,eo,stop,1
3442,ll_0688,Stephanie Castro,p2_complexity,eo,eo,stop,1
3443,ll_0688,Stephanie Castro,p4_role,eo,eo,stop,1
3444,ll_0688,Stephanie Castro,p5_fewshot,eo,eo,stop,1
3445,ll_0689,Oscar Gomez,p1_format,rz,rz,stop,1
3446,ll_0689,Oscar Gomez,p1_format_soft,rz,rz,stop,1
3447,ll_0689,Oscar Gomez,p2_complexity,rz,rz,stop,1
3448,ll_0689,Oscar Gomez,p4_role,rz,rz,stop,1
3449,ll_0689,Oscar Gomez,p5_fewshot,rz,rz,stop,1
3450,ll_0690,Antonio Fernandez,p1_format,oz,oz,stop,1
3451,ll_0690,Antonio Fernandez,p1_format_soft,oz,oz,stop,1
3452,ll_0690,Antonio Fernandez,p2_complexity,oz,oz,stop,1
3453,ll_0690,Antonio Fernandez,p4_role,oz,oz,stop,1
3454,ll_0690,Antonio Fernandez,p5_fewshot,oz,oz,stop,1
3455,ll_0691,Jessica Gutierrez,p1_format,az,az,stop,1
3456,ll_0691,Jessica Gutierrez,p1_format_soft,az,az,stop,1
3457,ll_0691,Jessica Gutierrez,p2_complexity,az,az,stop,1
3458,ll_0691,Jessica Gutierrez,p4_role,az,az,stop,1
3459,ll_0691,Jessica Gutierrez,p5_fewshot,az,az,stop,1
3460,ll_0692,Jessica Cruz,p1_format,az,az,stop,1
3461,ll_0692,Jessica Cruz,p1_format_soft,az,az,stop,1
3462,ll_0692,Jessica Cruz,p2_complexity,az,az,stop,1
3463,ll_0692,Jessica Cruz,p4_role,az,az,stop,1
3464,ll_0692,Jessica Cruz,p5_fewshot,az,az,stop,1
3465,ll_0693,Kelly Miller,p1_format,yr,yr,stop,1
3466,ll_0693,Kelly Miller,p1_format_soft,yr,yr,stop,1
3467,ll_0693,Kelly Miller,p2_complexity,yr,yr,stop,1
3468,ll_0693,Kelly Miller,p4_role,yr,yr,stop,1
3469,ll_0693,Kelly Miller,p5_fewshot,yr,yr,stop,1
3470,ll_0694,Juan Singh,p1_format,nh,nh,stop,1
3471,ll_0694,Juan Singh,p1_format_soft,nh,nh,stop,1
3472,ll_0694,Juan Singh,p2_complexity,nh,nh,stop,1
3473,ll_0694,Juan Singh,p4_role,nh,nh,stop,1
3474,ll_0694,Juan Singh,p5_fewshot,nh,nh,stop,1
3475,ll_0695,Ashley Reyes,p1_format,ys,ys,stop,1
3476,ll_0695,Ashley Reyes,p1_format_soft,ys,ys,stop,1
3477,ll_0695,Ashley Reyes,p2_complexity,ys,ys,stop,1
3478,ll_0695,Ashley Reyes,p4_role,ys,ys,stop,1
3479,ll_0695,Ashley Reyes,p5_fewshot,ys,ys,stop,1
3480,ll_0696,Mark Castillo,p1_format,ko,ko,stop,1
3481,ll_0696,Mark Castillo,p1_format_soft,ko,ko,stop,1
3482,ll_0696,Mark Castillo,p2_complexity,ko,ko,stop,1
3483,ll_0696,Mark Castillo,p4_role,ko,ko,stop,1
3484,ll_0696,Mark Castillo,p5_fewshot,ko,ko,stop,1
3485,ll_0697,Justin King,p1_format,ng,ng,stop,1
3486,ll_0697,Justin King,p1_format_soft,ng,ng,stop,1
3487,ll_0697,Justin King,p2_complexity,ng,ng,stop,1
3488,ll_0697,Justin King,p4_role,ng,ng,stop,1
3489,ll_0697,Justin King,p5_fewshot,ng,ng,stop,1
3490,ll_0698,Susan Fernandez,p1_format,nz,nz,stop,1
3491,ll_0698,Susan Fernandez,p1_format_soft,nz,nz,stop,1
3492,ll_0698,Susan Fernandez,p2_complexity,nz,nz,stop,1
3493,ll_0698,Susan Fernandez,p4_role,nz,nz,stop,1
3494,ll_0698,Susan Fernandez,p5_fewshot,nz,nz,stop,1
3495,ll_0699,Brian Vasquez,p1_format,nz,nz,stop,1
3496,ll_0699,Brian Vasquez,p1_format_soft,nz,nz,stop,1
3497,ll_0699,Brian Vasquez,p2_complexity,nz,nz,stop,1
3498,ll_0699,Brian Vasquez,p4_role,nz,nz,stop,1
3499,ll_0699,Brian Vasquez,p5_fewshot,nz,nz,stop,1
3500,ll_0700,Jessica Gutierrez,p1_format,az,az,stop,1
3501,ll_0700,Jessica Gutierrez,p1_format_soft,az,az,stop,1
3502,ll_0700,Jessica Gutierrez,p2_complexity,az,az,stop,1
3503,ll_0700,Jessica Gutierrez,p4_role,az,az,stop,1
3504,ll_0700,Jessica Gutierrez,p5_fewshot,az,az,stop,1
3505,ll_0701,Susan Soto,p1_format,no,no,stop,1
3506,ll_0701,Susan Soto,p1_format_soft,no,no,stop,1
3507,ll_0701,Susan Soto,p2_complexity,no,no,stop,1
3508,ll_0701,Susan Soto,p4_role,no,no,stop,1
3509,ll_0701,Susan Soto,p5_fewshot,no,no,stop,1
3510,ll_0702,Melissa Chavez,p1_format,az,az,stop,1
3511,ll_0702,Melissa Chavez,p1_format_soft,az,az,stop,1
3512,ll_0702,Melissa Chavez,p2_complexity,az,az,stop,1
3513,ll_0702,Melissa Chavez,p4_role,az,az,stop,1
3514,ll_0702,Melissa Chavez,p5_fewshot,az,az,stop,1
3515,ll_0703,Amy Moore,p1_format,ye,ye,stop,1
3516,ll_0703,Amy Moore,p1_format_soft,ye,ye,stop,1
3517,ll_0703,Amy Moore,p2_complexity,ye,ye,stop,1
3518,ll_0703,Amy Moore,p4_role,ye,ye,stop,1
3519,ll_0703,Amy Moore,p5_fewshot,ye,ye,stop,1
3520,ll_0704,Luis Ramos,p1_format,ss,ss,stop,1
3521,ll_0704,Luis Ramos,p1_format_soft,ss,ss,stop,1
3522,ll_0704,Luis Ramos,p2_complexity,ss,ss,stop,1
3523,ll_0704,Luis Ramos,p4_role,ss,ss,stop,1
3524,ll_0704,Luis Ramos,p5_fewshot,ss,ss,stop,1
3525,ll_0705,Joe Ramos,p1_format,es,es,stop,1
3526,ll_0705,Joe Ramos,p1_format_soft,es,es,stop,1
3527,ll_0705,Joe Ramos,p2_complexity,es,es,stop,1
3528,ll_0705,Joe Ramos,p4_role,es,es,stop,1
3529,ll_0705,Joe Ramos,p5_fewshot,es,es,stop,1
3530,ll_0706,Teresa Ortega,p1_format,aa,aa,stop,1
3531,ll_0706,Teresa Ortega,p1_format_soft,aa,aa,stop,1
3532,ll_0706,Teresa Ortega,p2_complexity,aa,aa,stop,1
3533,ll_0706,Teresa Ortega,p4_role,aa,aa,stop,1
3534,ll_0706,Teresa Ortega,p5_fewshot,aa,aa,stop,1
3535,ll_0707,Teresa Jimenez,p1_format,az,az,stop,1
3536,ll_0707,Teresa Jimenez,p1_format_soft,az,az,stop,1
3537,ll_0707,Teresa Jimenez,p2_complexity,az,az,stop,1
3538,ll_0707,Teresa Jimenez,p4_role,az,az,stop,1
3539,ll_0707,Teresa Jimenez,p5_fewshot,az,az,stop,1
3540,ll_0708,Steve Mendoza,p1_format,ea,eo,stop,0
3541,ll_0708,Steve Mendoza,p1_format_soft,ea,ea,stop,1
3542,ll_0708,Steve Mendoza,p2_complexity,ea,ea,stop,1
3543,ll_0708,Steve Mendoza,p4_role,ea,ea,stop,1
3544,ll_0708,Steve Mendoza,p5_fewshot,ea,ea,stop,1
3545,ll_0709,Angel Gonzalez,p1_format,lz,lz,stop,1
3546,ll_0709,Angel Gonzalez,p1_format_soft,lz,lz,stop,1
3547,ll_0709,Angel Gonzalez,p2_complexity,lz,lz,stop,1
3548,ll_0709,Angel Gonzalez,p4_role,lz,lz,stop,1
3549,ll_0709,Angel Gonzalez,p5_fewshot,lz,lz,stop,1
3550,ll_0710,Sarah Rios,p1_format,hs,hs,stop,1
3551,ll_0710,Sarah Rios,p1_format_soft,hs,hs,stop,1
3552,ll_0710,Sarah Rios,p2_complexity,hs,hs,stop,1
3553,ll_0710,Sarah Rios,p4_role,hs,hs,stop,1
3554,ll_0710,Sarah Rios,p5_fewshot,hs,hs,stop,1
3555,ll_0711,Alex Alvarado,p1_format,xo,xo,stop,1
3556,ll_0711,Alex Alvarado,p1_format_soft,xo,xo,stop,1
3557,ll_0711,Alex Alvarado,p2_complexity,xo,xo,stop,1
3558,ll_0711,Alex Alvarado,p4_role,xo,xo,stop,1
3559,ll_0711,Alex Alvarado,p5_fewshot,xo,xo,stop,1
3560,ll_0712,Kevin Jackson,p1_format,nn,nn,stop,1
3561,ll_0712,Kevin Jackson,p1_format_soft,nn,nn,stop,1
3562,ll_0712,Kevin Jackson,p2_complexity,nn,nn,stop,1
3563,ll_0712,Kevin Jackson,p4_role,nn,nn,stop,1
3564,ll_0712,Kevin Jackson,p5_fewshot,nn,nn,stop,1
3565,ll_0713,Rachel Lopez,p1_format,lz,lz,stop,1
3566,ll_0713,Rachel Lopez,p1_format_soft,lz,lz,stop,1
3567,ll_0713,Rachel Lopez,p2_complexity,lz,lz,stop,1
3568,ll_0713,Rachel Lopez,p4_role,lz,lz,stop,1
3569,ll_0713,Rachel Lopez,p5_fewshot,lz,lz,stop,1
3570,ll_0714,Juan Delgado,p1_format,no,no,stop,1
3571,ll_0714,Juan Delgado,p1_format_soft,no,no,stop,1
3572,ll_0714,Juan Delgado,p2_complexity,no,no,stop,1
3573,ll_0714,Juan Delgado,p4_role,no,no,stop,1
3574,ll_0714,Juan Delgado,p5_fewshot,no,no,stop,1
3575,ll_0715,Maria Jackson,p1_format,an,an,stop,1
3576,ll_0715,Maria Jackson,p1_format_soft,an,an,stop,1
3577,ll_0715,Maria Jackson,p2_complexity,an,an,stop,1
3578,ll_0715,Maria Jackson,p4_role,an,an,stop,1
3579,ll_0715,Maria Jackson,p5_fewshot,an,an,stop,1
3580,ll_0716,Joe Maldonado,p1_format,eo,eo,stop,1
3581,ll_0716,Joe Maldonado,p1_format_soft,eo,eo,stop,1
3582,ll_0716,Joe Maldonado,p2_complexity,eo,eo,stop,1
3583,ll_0716,Joe Maldonado,p4_role,eo,eo,stop,1
3584,ll_0716,Joe Maldonado,p5_fewshot,eo,eo,stop,1
3585,ll_0717,Miguel Williams,p1_format,ls,ls,stop,1
3586,ll_0717,Miguel Williams,p1_format_soft,ls,ls,stop,1
3587,ll_0717,Miguel Williams,p2_complexity,ls,ls,stop,1
3588,ll_0717,Miguel Williams,p4_role,ls,ls,stop,1
3589,ll_0717,Miguel Williams,p5_fewshot,ls,ls,stop,1
3590,ll_0718,Laura Wilson,p1_format,an,an,stop,1
3591,ll_0718,Laura Wilson,p1_format_soft,an,an,stop,1
3592,ll_0718,Laura Wilson,p2_complexity,an,an,stop,1
3593,ll_0718,Laura Wilson,p4_role,an,an,stop,1
3594,ll_0718,Laura Wilson,p5_fewshot,an,an,stop,1
3595,ll_0719,Tony Medina,p1_format,ya,ya,stop,1
3596,ll_0719,Tony Medina,p1_format_soft,ya,ya,stop,1
3597,ll_0719,Tony Medina,p2_complexity,ya,ya,stop,1
3598,ll_0719,Tony Medina,p4_role,ya,ya,stop,1
3599,ll_0719,Tony Medina,p5_fewshot,ya,ya,stop,1
3600,ll_0720,Diana Sandoval,p1_format,al,al,stop,1
3601,ll_0720,Diana Sandoval,p1_format_soft,al,al,stop,1
3602,ll_0720,Diana Sandoval,p2_complexity,al,al,stop,1
3603,ll_0720,Diana Sandoval,p4_role,al,al,stop,1
3604,ll_0720,Diana Sandoval,p5_fewshot,al,al,stop,1
3605,ll_0721,Steve Rios,p1_format,es,es,stop,1
3606,ll_0721,Steve Rios,p1_format_soft,es,es,stop,1
3607,ll_0721,Steve Rios,p2_complexity,es,es,stop,1
3608,ll_0721,Steve Rios,p4_role,es,es,stop,1
3609,ll_0721,Steve Rios,p5_fewshot,es,es,stop,1
3610,ll_0722,Mike Scott,p1_format,et,et,stop,1
3611,ll_0722,Mike Scott,p1_format_soft,et,et,stop,1
3612,ll_0722,Mike Scott,p2_complexity,et,et,stop,1
3613,ll_0722,Mike Scott,p4_role,et,et,stop,1
3614,ll_0722,Mike Scott,p5_fewshot,et,et,stop,1
3615,ll_0723,Rosa Scott,p1_format,at,at,stop,1
3616,ll_0723,Rosa Scott,p1_format_soft,at,at,stop,1
3617,ll_0723,Rosa Scott,p2_complexity,at,at,stop,1
3618,ll_0723,Rosa Scott,p4_role,at,at,stop,1
3619,ll_0723,Rosa Scott,p5_fewshot,at,at,stop,1
3620,ll_0724,Mario Ruiz,p1_format,oz,oz,stop,1
3621,ll_0724,Mario Ruiz,p1_format_soft,oz,oz,stop,1
3622,ll_0724,Mario Ruiz,p2_complexity,oz,oz,stop,1
3623,ll_0724,Mario Ruiz,p4_role,oz,oz,stop,1
3624,ll_0724,Mario Ruiz,p5_fewshot,oz,oz,stop,1
3625,ll_0725,Monica Castillo,p1_format,ao,ao,stop,1
3626,ll_0725,Monica Castillo,p1_format_soft,ao,ao,stop,1
3627,ll_0725,Monica Castillo,p2_complexity,ao,ao,stop,1
3628,ll_0725,Monica Castillo,p4_role,ao,ao,stop,1
3629,ll_0725,Monica Castillo,p5_fewshot,ao,ao,stop,1
3630,ll_0726,Veronica Castro,p1_format,ao,ao,stop,1
3631,ll_0726,Veronica Castro,p1_format_soft,ao,ao,stop,1
3632,ll_0726,Veronica Castro,p2_complexity,ao,ao,stop,1
3633,ll_0726,Veronica Castro,p4_role,ao,ao,stop,1
3634,ll_0726,Veronica Castro,p5_fewshot,ao,ao,stop,1
3635,ll_0727,Francisco Santiago,p1_format,oo,oo,stop,1
3636,ll_0727,Francisco Santiago,p1_format_soft,oo,oo,stop,1
3637,ll_0727,Francisco Santiago,p2_complexity,oo,oo,stop,1
3638,ll_0727,Francisco Santiago,p4_role,oo,oo,stop,1
3639,ll_0727,Francisco Santiago,p5_fewshot,oo,oo,stop,1
3640,ll_0728,Carlos Herrera,p1_format,sa,sa,stop,1
3641,ll_0728,Carlos Herrera,p1_format_soft,sa,sa,stop,1
3642,ll_0728,Carlos Herrera,p2_complexity,sa,sa,stop,1
3643,ll_0728,Carlos Herrera,p4_role,sa,sa,stop,1
3644,ll_0728,Carlos Herrera,p5_fewshot,sa,sa,stop,1
3645,ll_0729,Teresa Carter,p1_format,ar,ar,stop,1
3646,ll_0729,Teresa Carter,p1_format_soft,ar,ar,stop,1
3647,ll_0729,Teresa Carter,p2_complexity,ar,ar,stop,1
3648,ll_0729,Teresa Carter,p4_role,ar,ar,stop,1
3649,ll_0729,Teresa Carter,p5_fewshot,ar,ar,stop,1
3650,ll_0730,Rachel Young,p1_format,lg,lg,stop,1
3651,ll_0730,Rachel Young,p1_format_soft,lg,lg,stop,1
3652,ll_0730,Rachel Young,p2_complexity,lg,lg,stop,1
3653,ll_0730,Rachel Young,p4_role,lg,lg,stop,1
3654,ll_0730,Rachel Young,p5_fewshot,lg,lg,stop,1
3655,ll_0731,Andrew Soto,p1_format,wo,wo,stop,1
3656,ll_0731,Andrew Soto,p1_format_soft,wo,wo,stop,1
3657,ll_0731,Andrew Soto,p2_complexity,wo,wo,stop,1
3658,ll_0731,Andrew Soto,p4_role,wo,wo,stop,1
3659,ll_0731,Andrew Soto,p5_fewshot,wo,wo,stop,1
3660,ll_0732,Carlos Anderson,p1_format,sn,sn,stop,1
3661,ll_0732,Carlos Anderson,p1_format_soft,sn,sn,stop,1
3662,ll_0732,Carlos Anderson,p2_complexity,sn,sn,stop,1
3663,ll_0732,Carlos Anderson,p4_role,sn,sn,stop,1
3664,ll_0732,Carlos Anderson,p5_fewshot,sn,sn,stop,1
3665,ll_0733,Francisco Sanchez,p1_format,oz,oz,stop,1
3666,ll_0733,Francisco Sanchez,p1_format_soft,oz,oz,stop,1
3667,ll_0733,Francisco Sanchez,p2_complexity,oz,oz,stop,1
3668,ll_0733,Francisco Sanchez,p4_role,oz,oz,stop,1
3669,ll_0733,Francisco Sanchez,p5_fewshot,oz,oz,stop,1
3670,ll_0734,Jose Clark,p1_format,ek,ek,stop,1
3671,ll_0734,Jose Clark,p1_format_soft,ek,ek,stop,1
3672,ll_0734,Jose Clark,p2_complexity,ek,ek,stop,1
3673,ll_0734,Jose Clark,p4_role,ek,ek,stop,1
3674,ll_0734,Jose Clark,p5_fewshot,ek,ek,stop,1
3675,ll_0735,Victor Wilson,p1_format,rn,rn,stop,1
3676,ll_0735,Victor Wilson,p1_format_soft,rn,rn,stop,1
3677,ll_0735,Victor Wilson,p2_complexity,rn,rn,stop,1
3678,ll_0735,Victor Wilson,p4_role,rn,rn,stop,1
3679,ll_0735,Victor Wilson,p5_fewshot,rn,rn,stop,1
3680,ll_0736,Matt Taylor,p1_format,tr,tr,stop,1
3681,ll_0736,Matt Taylor,p1_format_soft,tr,tr,stop,1
3682,ll_0736,Matt Taylor,p2_complexity,tr,tr,stop,1
3683,ll_0736,Matt Taylor,p4_role,tr,tr,stop,1
3684,ll_0736,Matt Taylor,p5_fewshot,tr,tr,stop,1
3685,ll_0737,Rachel Rivera,p1_format,la,la,stop,1
3686,ll_0737,Rachel Rivera,p1_format_soft,la,la,stop,1
3687,ll_0737,Rachel Rivera,p2_complexity,la,la,stop,1
3688,ll_0737,Rachel Rivera,p4_role,la,la,stop,1
3689,ll_0737,Rachel Rivera,p5_fewshot,la,la,stop,1
3690,ll_0738,Daniel Miller,p1_format,lr,lr,stop,1
3691,ll_0738,Daniel Miller,p1_format_soft,lr,lr,stop,1
3692,ll_0738,Daniel Miller,p2_complexity,lr,nr,stop,0
3693,ll_0738,Daniel Miller,p4_role,lr,nr,stop,0
3694,ll_0738,Daniel Miller,p5_fewshot,lr,nr,stop,0
3695,ll_0739,Mark Lee,p1_format,ke,ke,stop,1
3696,ll_0739,Mark Lee,p1_format_soft,ke,ke,stop,1
3697,ll_0739,Mark Lee,p2_complexity,ke,ke,stop,1
3698,ll_0739,Mark Lee,p4_role,ke,ke,stop,1
3699,ll_0739,Mark Lee,p5_fewshot,ke,ke,stop,1
3700,ll_0740,Elizabeth Maldonado,p1_format,ho,ho,stop,1
3701,ll_0740,Elizabeth Maldonado,p1_format_soft,ho,ho,stop,1
3702,ll_0740,Elizabeth Maldonado,p2_complexity,ho,ho,stop,1
3703,ll_0740,Elizabeth Maldonado,p4_role,ho,ho,stop,1
3704,ll_0740,Elizabeth Maldonado,p5_fewshot,ho,ho,stop,1
3705,ll_0741,Tony Garcia,p1_format,ya,ya,stop,1
3706,ll_0741,Tony Garcia,p1_format_soft,ya,ya,stop,1
3707,ll_0741,Tony Garcia,p2_complexity,ya,ya,stop,1
3708,ll_0741,Tony Garcia,p4_role,ya,ya,stop,1
3709,ll_0741,Tony Garcia,p5_fewshot,ya,ya,stop,1
3710,ll_0742,Tony Mendoza,p1_format,ya,ya,stop,1
3711,ll_0742,Tony Mendoza,p1_format_soft,ya,ya,stop,1
3712,ll_0742,Tony Mendoza,p2_complexity,ya,ya,stop,1
3713,ll_0742,Tony Mendoza,p4_role,ya,ya,stop,1
3714,ll_0742,Tony Mendoza,p5_fewshot,ya,ya,stop,1
3715,ll_0743,Martha Estrada,p1_format,aa,aa,stop,1
3716,ll_0743,Martha Estrada,p1_format_soft,aa,aa,stop,1
3717,ll_0743,Martha Estrada,p2_complexity,aa,aa,stop,1
3718,ll_0743,Martha Estrada,p4_role,aa,aa,stop,1
3719,ll_0743,Martha Estrada,p5_fewshot,aa,aa,stop,1
3720,ll_0744,Anna Mendoza,p1_format,aa,aa,stop,1
3721,ll_0744,Anna Mendoza,p1_format_soft,aa,aa,stop,1
3722,ll_0744,Anna Mendoza,p2_complexity,aa,aa,stop,1
3723,ll_0744,Anna Mendoza,p4_role,aa,aa,stop,1
3724,ll_0744,Anna Mendoza,p5_fewshot,aa,aa,stop,1
3725,ll_0745,Kelly Silva,p1_format,ya,ya,stop,1
3726,ll_0745,Kelly Silva,p1_format_soft,ya,ya,stop,1
3727,ll_0745,Kelly Silva,p2_complexity,ya,ya,stop,1
3728,ll_0745,Kelly Silva,p4_role,ya,ya,stop,1
3729,ll_0745,Kelly Silva,p5_fewshot,ya,ya,stop,1
3730,ll_0746,Ryan Santos,p1_format,ns,ns,stop,1
3731,ll_0746,Ryan Santos,p1_format_soft,ns,ns,stop,1
3732,ll_0746,Ryan Santos,p2_complexity,ns,ns,stop,1
3733,ll_0746,Ryan Santos,p4_role,ns,ns,stop,1
3734,ll_0746,Ryan Santos,p5_fewshot,ns,ns,stop,1
3735,ll_0747,Paul Mejia,p1_format,la,la,stop,1
3736,ll_0747,Paul Mejia,p1_format_soft,la,la,stop,1
3737,ll_0747,Paul Mejia,p2_complexity,la,la,stop,1
3738,ll_0747,Paul Mejia,p4_role,la,la,stop,1
3739,ll_0747,Paul Mejia,p5_fewshot,la,la,stop,1
3740,ll_0748,Tony Alvarado,p1_format,yo,yo,stop,1
3741,ll_0748,Tony Alvarado,p1_format_soft,yo,yo,stop,1
3742,ll_0748,Tony Alvarado,p2_complexity,yo,yo,stop,1
3743,ll_0748,Tony Alvarado,p4_role,yo,yo,stop,1
3744,ll_0748,Tony Alvarado,p5_fewshot,yo,yo,stop,1
3745,ll_0749,Tony Silva,p1_format,ya,ya,stop,1
3746,ll_0749,Tony Silva,p1_format_soft,ya,ya,stop,1
3747,ll_0749,Tony Silva,p2_complexity,ya,ya,stop,1
3748,ll_0749,Tony Silva,p4_role,ya,ya,stop,1
3749,ll_0749,Tony Silva,p5_fewshot,ya,ya,stop,1
3750,ll_0750,Amanda Hernandez,p1_format,az,az,stop,1
3751,ll_0750,Amanda Hernandez,p1_format_soft,az,az,stop,1
3752,ll_0750,Amanda Hernandez,p2_complexity,az,az,stop,1
3753,ll_0750,Amanda Hernandez,p4_role,az,az,stop,1
3754,ll_0750,Amanda Hernandez,p5_fewshot,az,az,stop,1
3755,ll_0751,Miguel Mejia,p1_format,la,la,stop,1
3756,ll_0751,Miguel Mejia,p1_format_soft,la,la,stop,1
3757,ll_0751,Miguel Mejia,p2_complexity,la,la,stop,1
3758,ll_0751,Miguel Mejia,p4_role,la,la,stop,1
3759,ll_0751,Miguel Mejia,p5_fewshot,la,la,stop,1
3760,ll_0752,Amy Singh,p1_format,yh,yh,stop,1
3761,ll_0752,Amy Singh,p1_format_soft,yh,yh,stop,1
3762,ll_0752,Amy Singh,p2_complexity,yh,yh,stop,1
3763,ll_0752,Amy Singh,p4_role,yh,yh,stop,1
3764,ll_0752,Amy Singh,p5_fewshot,yh,yh,stop,1
3765,ll_0753,Maria Kim,p1_format,am,am,stop,1
3766,ll_0753,Maria Kim,p1_format_soft,am,am,stop,1
3767,ll_0753,Maria Kim,p2_complexity,am,am,stop,1
3768,ll_0753,Maria Kim,p4_role,am,am,stop,1
3769,ll_0753,Maria Kim,p5_fewshot,am,am,stop,1
3770,ll_0754,Angela Martin,p1_format,an,an,stop,1
3771,ll_0754,Angela Martin,p1_format_soft,an,an,stop,1
3772,ll_0754,Angela Martin,p2_complexity,an,an,stop,1
3773,ll_0754,Angela Martin,p4_role,an,an,stop,1
3774,ll_0754,Angela Martin,p5_fewshot,an,an,stop,1
3775,ll_0755,Martha Carter,p1_format,ar,ar,stop,1
3776,ll_0755,Martha Carter,p1_format_soft,ar,ar,stop,1
3777,ll_0755,Martha Carter,p2_complexity,ar,ar,stop,1
3778,ll_0755,Martha Carter,p4_role,ar,ar,stop,1
3779,ll_0755,Martha Carter,p5_fewshot,ar,ar,stop,1
3780,ll_0756,Heather Maldonado,p1_format,ro,ro,stop,1
3781,ll_0756,Heather Maldonado,p1_format_soft,ro,ro,stop,1
3782,ll_0756,Heather Maldonado,p2_complexity,ro,ro,stop,1
3783,ll_0756,Heather Maldonado,p4_role,ro,ro,stop,1
3784,ll_0756,Heather Maldonado,p5_fewshot,ro,ro,stop,1
3785,ll_0757,Mario Romero,p1_format,oo,oo,stop,1
3786,ll_0757,Mario Romero,p1_format_soft,oo,oo,stop,1
3787,ll_0757,Mario Romero,p2_complexity,oo,oo,stop,1
3788,ll_0757,Mario Romero,p4_role,oo,oo,stop,1
3789,ll_0757,Mario Romero,p5_fewshot,oo,oo,stop,1
3790,ll_0758,Miguel Miller,p1_format,lr,lr,stop,1
3791,ll_0758,Miguel Miller,p1_format_soft,lr,lr,stop,1
3792,ll_0758,Miguel Miller,p2_complexity,lr,lr,stop,1
3793,ll_0758,Miguel Miller,p4_role,lr,lr,stop,1
3794,ll_0758,Miguel Miller,p5_fewshot,lr,lr,stop,1
3795,ll_0759,Samantha Martinez,p1_format,az,az,stop,1
3796,ll_0759,Samantha Martinez,p1_format_soft,az,az,stop,1
3797,ll_0759,Samantha Martinez,p2_complexity,az,az,stop,1
3798,ll_0759,Samantha Martinez,p4_role,az,az,stop,1
3799,ll_0759,Samantha Martinez,p5_fewshot,az,az,stop,1
3800,ll_0760,Sara Flores,p1_format,as,as,stop,1
3801,ll_0760,Sara Flores,p1_format_soft,as,as,stop,1
3802,ll_0760,Sara Flores,p2_complexity,as,as,stop,1
3803,ll_0760,Sara Flores,p4_role,as,as,stop,1
3804,ll_0760,Sara Flores,p5_fewshot,as,as,stop,1
3805,ll_0761,Daniel Gonzales,p1_format,ls,ls,stop,1
3806,ll_0761,Daniel Gonzales,p1_format_soft,ls,ls,stop,1
3807,ll_0761,Daniel Gonzales,p2_complexity,ls,ls,stop,1
3808,ll_0761,Daniel Gonzales,p4_role,ls,ns,stop,0
3809,ll_0761,Daniel Gonzales,p5_fewshot,ls,ns,stop,0
3810,ll_0762,Joseph Patel,p1_format,hl,hl,stop,1
3811,ll_0762,Joseph Patel,p1_format_soft,hl,hl,stop,1
3812,ll_0762,Joseph Patel,p2_complexity,hl,hl,stop,1
3813,ll_0762,Joseph Patel,p4_role,hl,hl,stop,1
3814,ll_0762,Joseph Patel,p5_fewshot,hl,hl,stop,1
3815,ll_0763,Susan Lopez,p1_format,nz,nz,stop,1
3816,ll_0763,Susan Lopez,p1_format_soft,nz,nz,stop,1
3817,ll_0763,Susan Lopez,p2_complexity,nz,nz,stop,1
3818,ll_0763,Susan Lopez,p4_role,nz,nz,stop,1
3819,ll_0763,Susan Lopez,p5_fewshot,nz,np,stop,0
3820,ll_0764,Daniel Lewis,p1_format,ls,ns,stop,0
3821,ll_0764,Daniel Lewis,p1_format_soft,ls,ns,stop,0
3822,ll_0764,Daniel Lewis,p2_complexity,ls,ns,stop,0
3823,ll_0764,Daniel Lewis,p4_role,ls,ns,stop,0
3824,ll_0764,Daniel Lewis,p5_fewshot,ls,ns,stop,0
3825,ll_0765,Jason Wright,p1_format,nt,nt,stop,1
3826,ll_0765,Jason Wright,p1_format_soft,nt,nt,stop,1
3827,ll_0765,Jason Wright,p2_complexity,nt,nt,stop,1
3828,ll_0765,Jason Wright,p4_role,nt,nt,stop,1
3829,ll_0765,Jason Wright,p5_fewshot,nt,nt,stop,1
3830,ll_0766,Mike Brown,p1_format,en,en,stop,1
3831,ll_0766,Mike Brown,p1_format_soft,en,en,stop,1
3832,ll_0766,Mike Brown,p2_complexity,en,en,stop,1
3833,ll_0766,Mike Brown,p4_role,en,en,stop,1
3834,ll_0766,Mike Brown,p5_fewshot,en,en,stop,1
3835,ll_0767,Paul Mejia,p1_format,la,la,stop,1
3836,ll_0767,Paul Mejia,p1_format_soft,la,la,stop,1
3837,ll_0767,Paul Mejia,p2_complexity,la,la,stop,1
3838,ll_0767,Paul Mejia,p4_role,la,la,stop,1
3839,ll_0767,Paul Mejia,p5_fewshot,la,la,stop,1
3840,ll_0768,Kathy Alvarado,p1_format,yo,yo,stop,1
3841,ll_0768,Kathy Alvarado,p1_format_soft,yo,yo,stop,1
3842,ll_0768,Kathy Alvarado,p2_complexity,yo,yo,stop,1
3843,ll_0768,Kathy Alvarado,p4_role,yo,yo,stop,1
3844,ll_0768,Kathy Alvarado,p5_fewshot,yo,yo,stop,1
3845,ll_0769,Samantha Anderson,p1_format,an,an,stop,1
3846,ll_0769,Samantha Anderson,p1_format_soft,an,an,stop,1
3847,ll_0769,Samantha Anderson,p2_complexity,an,an,stop,1
3848,ll_0769,Samantha Anderson,p4_role,an,an,stop,1
3849,ll_0769,Samantha Anderson,p5_fewshot,an,an,stop,1
3850,ll_0770,Javier King,p1_format,rg,rg,stop,1
3851,ll_0770,Javier King,p1_format_soft,rg,rg,stop,1
3852,ll_0770,Javier King,p2_complexity,rg,rg,stop,1
3853,ll_0770,Javier King,p4_role,rg,rg,stop,1
3854,ll_0770,Javier King,p5_fewshot,rg,rg,stop,1
3855,ll_0771,Rachel Santiago,p1_format,lo,lo,stop,1
3856,ll_0771,Rachel Santiago,p1_format_soft,lo,lo,stop,1
3857,ll_0771,Rachel Santiago,p2_complexity,lo,lo,stop,1
3858,ll_0771,Rachel Santiago,p4_role,lo,lo,stop,1
3859,ll_0771,Rachel Santiago,p5_fewshot,lo,ho,stop,0
3860,ll_0772,Christopher Young,p1_format,rg,rg,stop,1
3861,ll_0772,Christopher Young,p1_format_soft,rg,rg,stop,1
3862,ll_0772,Christopher Young,p2_complexity,rg,rg,stop,1
3863,ll_0772,Christopher Young,p4_role,rg,rg,stop,1
3864,ll_0772,Christopher Young,p5_fewshot,rg,rg,stop,1
3865,ll_0773,Sara Lewis,p1_format,as,as,stop,1
3866,ll_0773,Sara Lewis,p1_format_soft,as,as,stop,1
3867,ll_0773,Sara Lewis,p2_complexity,as,as,stop,1
3868,ll_0773,Sara Lewis,p4_role,as,as,stop,1
3869,ll_0773,Sara Lewis,p5_fewshot,as,as,stop,1
3870,ll_0774,Steven Guzman,p1_format,nn,nn,stop,1
3871,ll_0774,Steven Guzman,p1_format_soft,nn,nn,stop,1
3872,ll_0774,Steven Guzman,p2_complexity,nn,nn,stop,1
3873,ll_0774,Steven Guzman,p4_role,nn,nn,stop,1
3874,ll_0774,Steven Guzman,p5_fewshot,nn,nn,stop,1
3875,ll_0775,Manuel Diaz,p1_format,lz,lz,stop,1
3876,ll_0775,Manuel Diaz,p1_format_soft,lz,lz,stop,1
3877,ll_0775,Manuel Diaz,p2_complexity,lz,lz,stop,1
3878,ll_0775,Manuel Diaz,p4_role,lz,lz,stop,1
3879,ll_0775,Manuel Diaz,p5_fewshot,lz,lz,stop,1
3880,ll_0776,Veronica Vasquez,p1_format,az,az,stop,1
3881,ll_0776,Veronica Vasquez,p1_format_soft,az,az,stop,1
3882,ll_0776,Veronica Vasquez,p2_complexity,az,az,stop,1
3883,ll_0776,Veronica Vasquez,p4_role,az,az,stop,1
3884,ll_0776,Veronica Vasquez,p5_fewshot,az,az,stop,1
3885,ll_0777,Lisa Vazquez,p1_format,az,az,stop,1
3886,ll_0777,Lisa Vazquez,p1_format_soft,az,az,stop,1
3887,ll_0777,Lisa Vazquez,p2_complexity,az,az,stop,1
3888,ll_0777,Lisa Vazquez,p4_role,az,az,stop,1
3889,ll_0777,Lisa Vazquez,p5_fewshot,az,az,stop,1
3890,ll_0778,Robert Castillo,p1_format,to,to,stop,1
3891,ll_0778,Robert Castillo,p1_format_soft,to,to,stop,1
3892,ll_0778,Robert Castillo,p2_complexity,to,to,stop,1
3893,ll_0778,Robert Castillo,p4_role,to,to,stop,1
3894,ll_0778,Robert Castillo,p5_fewshot,to,to,stop,1
3895,ll_0779,Jason Estrada,p1_format,na,na,stop,1
3896,ll_0779,Jason Estrada,p1_format_soft,na,na,stop,1
3897,ll_0779,Jason Estrada,p2_complexity,na,na,stop,1
3898,ll_0779,Jason Estrada,p4_role,na,na,stop,1
3899,ll_0779,Jason Estrada,p5_fewshot,na,na,stop,1
3900,ll_0780,Rosa Rios,p1_format,as,as,stop,1
3901,ll_0780,Rosa Rios,p1_format_soft,as,as,stop,1
3902,ll_0780,Rosa Rios,p2_complexity,as,as,stop,1
3903,ll_0780,Rosa Rios,p4_role,as,as,stop,1
3904,ll_0780,Rosa Rios,p5_fewshot,as,as,stop,1
3905,ll_0781,Lisa Anderson,p1_format,an,an,stop,1
3906,ll_0781,Lisa Anderson,p1_format_soft,an,an,stop,1
3907,ll_0781,Lisa Anderson,p2_complexity,an,an,stop,1
3908,ll_0781,Lisa Anderson,p4_role,an,an,stop,1
3909,ll_0781,Lisa Anderson,p5_fewshot,an,an,stop,1
3910,ll_0782,Mario Campbell,p1_format,ol,ol,stop,1
3911,ll_0782,Mario Campbell,p1_format_soft,ol,ol,stop,1
3912,ll_0782,Mario Campbell,p2_complexity,ol,ol,stop,1
3913,ll_0782,Mario Campbell,p4_role,ol,ol,stop,1
3914,ll_0782,Mario Campbell,p5_fewshot,ol,ol,stop,1
3915,ll_0783,Nick Mendoza,p1_format,ka,ka,stop,1
3916,ll_0783,Nick Mendoza,p1_format_soft,ka,ka,stop,1
3917,ll_0783,Nick Mendoza,p2_complexity,ka,ka,stop,1
3918,ll_0783,Nick Mendoza,p4_role,ka,ka,stop,1
3919,ll_0783,Nick Mendoza,p5_fewshot,ka,ka,stop,1
3920,ll_0784,Angel Williams,p1_format,ls,ls,stop,1
3921,ll_0784,Angel Williams,p1_format_soft,ls,ls,stop,1
3922,ll_0784,Angel Williams,p2_complexity,ls,ls,stop,1
3923,ll_0784,Angel Williams,p4_role,ls,ls,stop,1
3924,ll_0784,Angel Williams,p5_fewshot,ls,ls,stop,1
3925,ll_0785,Jonathan Gutierrez,p1_format,nz,nz,stop,1
3926,ll_0785,Jonathan Gutierrez,p1_format_soft,nz,nz,stop,1
3927,ll_0785,Jonathan Gutierrez,p2_complexity,nz,nz,stop,1
3928,ll_0785,Jonathan Gutierrez,p4_role,nz,nz,stop,1
3929,ll_0785,Jonathan Gutierrez,p5_fewshot,nz,nz,stop,1
3930,ll_0786,Anna Hill,p1_format,al,al,stop,1
3931,ll_0786,Anna Hill,p1_format_soft,al,al,stop,1
3932,ll_0786,Anna Hill,p2_complexity,al,al,stop,1
3933,ll_0786,Anna Hill,p4_role,al,al,stop,1
3934,ll_0786,Anna Hill,p5_fewshot,al,al,stop,1
3935,ll_0787,David Allen,p1_format,dn,dn,stop,1
3936,ll_0787,David Allen,p1_format_soft,dn,dn,stop,1
3937,ll_0787,David Allen,p2_complexity,dn,dn,stop,1
3938,ll_0787,David Allen,p4_role,dn,dn,stop,1
3939,ll_0787,David Allen,p5_fewshot,dn,dn,stop,1
3940,ll_0788,Miguel White,p1_format,le,le,stop,1
3941,ll_0788,Miguel White,p1_format_soft,le,le,stop,1
3942,ll_0788,Miguel White,p2_complexity,le,le,stop,1
3943,ll_0788,Miguel White,p4_role,le,le,stop,1
3944,ll_0788,Miguel White,p5_fewshot,le,le,stop,1
3945,ll_0789,Brenda Morales,p1_format,as,as,stop,1
3946,ll_0789,Brenda Morales,p1_format_soft,as,as,stop,1
3947,ll_0789,Brenda Morales,p2_complexity,as,as,stop,1
3948,ll_0789,Brenda Morales,p4_role,as,as,stop,1
3949,ll_0789,Brenda Morales,p5_fewshot,as,as,stop,1
3950,ll_0790,James Perez,p1_format,sz,sz,stop,1
3951,ll_0790,James Perez,p1_format_soft,sz,sz,stop,1
3952,ll_0790,James Perez,p2_complexity,sz,sz,stop,1
3953,ll_0790,James Perez,p4_role,sz,sz,stop,1
3954,ll_0790,James Perez,p5_fewshot,sz,sz,stop,1
3955,ll_0791,Carlos Nelson,p1_format,sn,sn,stop,1
3956,ll_0791,Carlos Nelson,p1_format_soft,sn,sn,stop,1
3957,ll_0791,Carlos Nelson,p2_complexity,sn,sn,stop,1
3958,ll_0791,Carlos Nelson,p4_role,sn,sn,stop,1
3959,ll_0791,Carlos Nelson,p5_fewshot,sn,sn,stop,1
3960,ll_0792,Barbara Romero,p1_format,ao,ao,stop,1
3961,ll_0792,Barbara Romero,p1_format_soft,ao,ao,stop,1
3962,ll_0792,Barbara Romero,p2_complexity,ao,ao,stop,1
3963,ll_0792,Barbara Romero,p4_role,ao,ao,stop,1
3964,ll_0792,Barbara Romero,p5_fewshot,ao,Answer: ao,stop,0
3965,ll_0793,Carmen Walker,p1_format,nr,nr,stop,1
3966,ll_0793,Carmen Walker,p1_format_soft,nr,nr,stop,1
3967,ll_0793,Carmen Walker,p2_complexity,nr,nr,stop,1
3968,ll_0793,Carmen Walker,p4_role,nr,nr,stop,1
3969,ll_0793,Carmen Walker,p5_fewshot,nr,nr,stop,1
3970,ll_0794,Barbara King,p1_format,ag,ag,stop,1
3971,ll_0794,Barbara King,p1_format_soft,ag,ag,stop,1
3972,ll_0794,Barbara King,p2_complexity,ag,ag,stop,1
3973,ll_0794,Barbara King,p4_role,ag,ag,stop,1
3974,ll_0794,Barbara King,p5_fewshot,ag,ag,stop,1
3975,ll_0795,David Gomez,p1_format,dz,dz,stop,1
3976,ll_0795,David Gomez,p1_format_soft,dz,dz,stop,1
3977,ll_0795,David Gomez,p2_complexity,dz,dz,stop,1
3978,ll_0795,David Gomez,p4_role,dz,dz,stop,1
3979,ll_0795,David Gomez,p5_fewshot,dz,dz,stop,1
3980,ll_0796,James Delgado,p1_format,so,so,stop,1
3981,ll_0796,James Delgado,p1_format_soft,so,so,stop,1
3982,ll_0796,James Delgado,p2_complexity,so,so,stop,1
3983,ll_0796,James Delgado,p4_role,so,so,stop,1
3984,ll_0796,James Delgado,p5_fewshot,so,so,stop,1
3985,ll_0797,Oscar White,p1_format,re,re,stop,1
3986,ll_0797,Oscar White,p1_format_soft,re,re,stop,1
3987,ll_0797,Oscar White,p2_complexity,re,re,stop,1
3988,ll_0797,Oscar White,p4_role,re,re,stop,1
3989,ll_0797,Oscar White,p5_fewshot,re,re,stop,1
3990,ll_0798,Lauren Diaz,p1_format,nz,nz,stop,1
3991,ll_0798,Lauren Diaz,p1_format_soft,nz,nz,stop,1
3992,ll_0798,Lauren Diaz,p2_complexity,nz,nz,stop,1
3993,ll_0798,Lauren Diaz,p4_role,nz,nz,stop,1
3994,ll_0798,Lauren Diaz,p5_fewshot,nz,nz,stop,1
3995,ll_0799,Oscar Green,p1_format,rn,rn,stop,1
3996,ll_0799,Oscar Green,p1_format_soft,rn,rn,stop,1
3997,ll_0799,Oscar Green,p2_complexity,rn,rn,stop,1
3998,ll_0799,Oscar Green,p4_role,rn,rn,stop,1
3999,ll_0799,Oscar Green,p5_fewshot,rn,rn,stop,1
4000,ll_0800,Ashley Wilson,p1_format,yn,yn,stop,1
4001,ll_0800,Ashley Wilson,p1_format_soft,yn,yn,stop,1
4002,ll_0800,Ashley Wilson,p2_complexity,yn,yn,stop,1
4003,ll_0800,Ashley Wilson,p4_role,yn,yn,stop,1
4004,ll_0800,Ashley Wilson,p5_fewshot,yn,yn,stop,1
4005,ll_0801,Andrew Ortiz,p1_format,wz,wz,stop,1
4006,ll_0801,Andrew Ortiz,p1_format_soft,wz,wz,stop,1
4007,ll_0801,Andrew Ortiz,p2_complexity,wz,wz,stop,1
4008,ll_0801,Andrew Ortiz,p4_role,wz,wz,stop,1
4009,ll_0801,Andrew Ortiz,p5_fewshot,wz,wz,stop,1
4010,ll_0802,Steve Garza,p1_format,ea,ea,stop,1
4011,ll_0802,Steve Garza,p1_format_soft,ea,ea,stop,1
4012,ll_0802,Steve Garza,p2_complexity,ea,ea,stop,1
4013,ll_0802,Steve Garza,p4_role,ea,ea,stop,1
4014,ll_0802,Steve Garza,p5_fewshot,ea,ea,stop,1
4015,ll_0803,Carlos Gonzalez,p1_format,sz,sz,stop,1
4016,ll_0803,Carlos Gonzalez,p1_format_soft,sz,sz,stop,1
4017,ll_0803,Carlos Gonzalez,p2_complexity,sz,sz,stop,1
4018,ll_0803,Carlos Gonzalez,p4_role,sz,sz,stop,1
4019,ll_0803,Carlos Gonzalez,p5_fewshot,sz,sz,stop,1
4020,ll_0804,Joe Moore,p1_format,ee,ee,stop,1
4021,ll_0804,Joe Moore,p1_format_soft,ee,ee,stop,1
4022,ll_0804,Joe Moore,p2_complexity,ee,ee,stop,1
4023,ll_0804,Joe Moore,p4_role,ee,ee,stop,1
4024,ll_0804,Joe Moore,p5_fewshot,ee,ee,stop,1
4025,ll_0805,Brandon Carter,p1_format,nr,nr,stop,1
4026,ll_0805,Brandon Carter,p1_format_soft,nr,nr,stop,1
4027,ll_0805,Brandon Carter,p2_complexity,nr,nr,stop,1
4028,ll_0805,Brandon Carter,p4_role,nr,nr,stop,1
4029,ll_0805,Brandon Carter,p5_fewshot,nr,nr,stop,1
4030,ll_0806,Brenda Marie,p1_format,ae,ae,stop,1
4031,ll_0806,Brenda Marie,p1_format_soft,ae,ae,stop,1
4032,ll_0806,Brenda Marie,p2_complexity,ae,ae,stop,1
4033,ll_0806,Brenda Marie,p4_role,ae,ae,stop,1
4034,ll_0806,Brenda Marie,p5_fewshot,ae,ae,stop,1
4035,ll_0807,Patricia Morales,p1_format,as,as,stop,1
4036,ll_0807,Patricia Morales,p1_format_soft,as,as,stop,1
4037,ll_0807,Patricia Morales,p2_complexity,as,as,stop,1
4038,ll_0807,Patricia Morales,p4_role,as,as,stop,1
4039,ll_0807,Patricia Morales,p5_fewshot,as,as,stop,1
4040,ll_0808,Carlos Vega,p1_format,sa,sa,stop,1
4041,ll_0808,Carlos Vega,p1_format_soft,sa,sa,stop,1
4042,ll_0808,Carlos Vega,p2_complexity,sa,sa,stop,1
4043,ll_0808,Carlos Vega,p4_role,sa,sa,stop,1
4044,ll_0808,Carlos Vega,p5_fewshot,sa,sa,stop,1
4045,ll_0809,Javier Sanchez,p1_format,rz,rz,stop,1
4046,ll_0809,Javier Sanchez,p1_format_soft,rz,rz,stop,1
4047,ll_0809,Javier Sanchez,p2_complexity,rz,rz,stop,1
4048,ll_0809,Javier Sanchez,p4_role,rz,rz,stop,1
4049,ll_0809,Javier Sanchez,p5_fewshot,rz,rz,stop,1
4050,ll_0810,Daniel Alvarado,p1_format,lo,lo,stop,1
4051,ll_0810,Daniel Alvarado,p1_format_soft,lo,lo,stop,1
4052,ll_0810,Daniel Alvarado,p2_complexity,lo,no,stop,0
4053,ll_0810,Daniel Alvarado,p4_role,lo,no,stop,0
4054,ll_0810,Daniel Alvarado,p5_fewshot,lo,no,stop,0
4055,ll_0811,Karen Kim,p1_format,nm,nm,stop,1
4056,ll_0811,Karen Kim,p1_format_soft,nm,nm,stop,1
4057,ll_0811,Karen Kim,p2_complexity,nm,nm,stop,1
4058,ll_0811,Karen Kim,p4_role,nm,nm,stop,1
4059,ll_0811,Karen Kim,p5_fewshot,nm,nm,stop,1
4060,ll_0812,Linda Delgado,p1_format,ao,ao,stop,1
4061,ll_0812,Linda Delgado,p1_format_soft,ao,ao,stop,1
4062,ll_0812,Linda Delgado,p2_complexity,ao,ao,stop,1
4063,ll_0812,Linda Delgado,p4_role,ao,ao,stop,1
4064,ll_0812,Linda Delgado,p5_fewshot,ao,ao,stop,1
4065,ll_0813,Francisco Moreno,p1_format,oo,oo,stop,1
4066,ll_0813,Francisco Moreno,p1_format_soft,oo,oo,stop,1
4067,ll_0813,Francisco Moreno,p2_complexity,oo,oo,stop,1
4068,ll_0813,Francisco Moreno,p4_role,oo,oo,stop,1
4069,ll_0813,Francisco Moreno,p5_fewshot,oo,oo,stop,1
4070,ll_0814,Brandon Salazar,p1_format,nr,nr,stop,1
4071,ll_0814,Brandon Salazar,p1_format_soft,nr,nr,stop,1
4072,ll_0814,Brandon Salazar,p2_complexity,nr,nr,stop,1
4073,ll_0814,Brandon Salazar,p4_role,nr,nr,stop,1
4074,ll_0814,Brandon Salazar,p5_fewshot,nr,nr,stop,1
4075,ll_0815,Linda Adams,p1_format,as,as,stop,1
4076,ll_0815,Linda Adams,p1_format_soft,as,as,stop,1
4077,ll_0815,Linda Adams,p2_complexity,as,as,stop,1
4078,ll_0815,Linda Adams,p4_role,as,as,stop,1
4079,ll_0815,Linda Adams,p5_fewshot,as,as,stop,1
4080,ll_0816,Anthony Guzman,p1_format,yn,yn,stop,1
4081,ll_0816,Anthony Guzman,p1_format_soft,yn,yn,stop,1
4082,ll_0816,Anthony Guzman,p2_complexity,yn,yn,stop,1
4083,ll_0816,Anthony Guzman,p4_role,yn,yn,stop,1
4084,ll_0816,Anthony Guzman,p5_fewshot,yn,yn,stop,1
4085,ll_0817,Joseph Santiago,p1_format,ho,ho,stop,1
4086,ll_0817,Joseph Santiago,p1_format_soft,ho,ho,stop,1
4087,ll_0817,Joseph Santiago,p2_complexity,ho,ho,stop,1
4088,ll_0817,Joseph Santiago,p4_role,ho,ho,stop,1
4089,ll_0817,Joseph Santiago,p5_fewshot,ho,ho,stop,1
4090,ll_0818,Steve Alvarez,p1_format,ez,ez,stop,1
4091,ll_0818,Steve Alvarez,p1_format_soft,ez,ez,stop,1
4092,ll_0818,Steve Alvarez,p2_complexity,ez,ez,stop,1
4093,ll_0818,Steve Alvarez,p4_role,ez,ez,stop,1
4094,ll_0818,Steve Alvarez,p5_fewshot,ez,ez,stop,1
4095,ll_0819,Susan Gutierrez,p1_format,nz,nz,stop,1
4096,ll_0819,Susan Gutierrez,p1_format_soft,nz,nz,stop,1
4097,ll_0819,Susan Gutierrez,p2_complexity,nz,nz,stop,1
4098,ll_0819,Susan Gutierrez,p4_role,nz,nz,stop,1
4099,ll_0819,Susan Gutierrez,p5_fewshot,nz,nz,stop,1
4100,ll_0820,Mario Garza,p1_format,oa,oa,stop,1
4101,ll_0820,Mario Garza,p1_format_soft,oa,oa,stop,1
4102,ll_0820,Mario Garza,p2_complexity,oa,oa,stop,1
4103,ll_0820,Mario Garza,p4_role,oa,oa,stop,1
4104,ll_0820,Mario Garza,p5_fewshot,oa,oa,stop,1
4105,ll_0821,Nick Chavez,p1_format,kz,kz,stop,1
4106,ll_0821,Nick Chavez,p1_format_soft,kz,kz,stop,1
4107,ll_0821,Nick Chavez,p2_complexity,kz,kz,stop,1
4108,ll_0821,Nick Chavez,p4_role,kz,kz,stop,1
4109,ll_0821,Nick Chavez,p5_fewshot,kz,kz,stop,1
4110,ll_0822,Jennifer Harris,p1_format,rs,rs,stop,1
4111,ll_0822,Jennifer Harris,p1_format_soft,rs,rs,stop,1
4112,ll_0822,Jennifer Harris,p2_complexity,rs,rs,stop,1
4113,ll_0822,Jennifer Harris,p4_role,rs,rs,stop,1
4114,ll_0822,Jennifer Harris,p5_fewshot,rs,ns,stop,0
4115,ll_0823,Jorge Salazar,p1_format,er,er,stop,1
4116,ll_0823,Jorge Salazar,p1_format_soft,er,er,stop,1
4117,ll_0823,Jorge Salazar,p2_complexity,er,er,stop,1
4118,ll_0823,Jorge Salazar,p4_role,er,er,stop,1
4119,ll_0823,Jorge Salazar,p5_fewshot,er,er,stop,1
4120,ll_0824,Steven Jones,p1_format,ns,ns,stop,1
4121,ll_0824,Steven Jones,p1_format_soft,ns,ns,stop,1
4122,ll_0824,Steven Jones,p2_complexity,ns,ns,stop,1
4123,ll_0824,Steven Jones,p4_role,ns,ns,stop,1
4124,ll_0824,Steven Jones,p5_fewshot,ns,ns,stop,1
4125,ll_0825,Robert Torres,p1_format,ts,ts,stop,1
4126,ll_0825,Robert Torres,p1_format_soft,ts,ts,stop,1
4127,ll_0825,Robert Torres,p2_complexity,ts,ts,stop,1
4128,ll_0825,Robert Torres,p4_role,ts,ts,stop,1
4129,ll_0825,Robert Torres,p5_fewshot,ts,ts,stop,1
4130,ll_0826,Michael Carter,p1_format,lr,lr,stop,1
4131,ll_0826,Michael Carter,p1_format_soft,lr,lr,stop,1
4132,ll_0826,Michael Carter,p2_complexity,lr,lr,stop,1
4133,ll_0826,Michael Carter,p4_role,lr,lr,stop,1
4134,ll_0826,Michael Carter,p5_fewshot,lr,lr,stop,1
4135,ll_0827,Cindy Lee,p1_format,ye,ye,stop,1
4136,ll_0827,Cindy Lee,p1_format_soft,ye,ye,stop,1
4137,ll_0827,Cindy Lee,p2_complexity,ye,ye,stop,1
4138,ll_0827,Cindy Lee,p4_role,ye,ye,stop,1
4139,ll_0827,Cindy Lee,p5_fewshot,ye,ye,stop,1
4140,ll_0828,Karen Green,p1_format,nn,nn,stop,1
4141,ll_0828,Karen Green,p1_format_soft,nn,nn,stop,1
4142,ll_0828,Karen Green,p2_complexity,nn,nn,stop,1
4143,ll_0828,Karen Green,p4_role,nn,nn,stop,1
4144,ll_0828,Karen Green,p5_fewshot,nn,nn,stop,1
4145,ll_0829,Angel Martin,p1_format,ln,ln,stop,1
4146,ll_0829,Angel Martin,p1_format_soft,ln,ln,stop,1
4147,ll_0829,Angel Martin,p2_complexity,ln,ln,stop,1
4148,ll_0829,Angel Martin,p4_role,ln,ln,stop,1
4149,ll_0829,Angel Martin,p5_fewshot,ln,ln,stop,1
4150,ll_0830,Miguel Castro,p1_format,lo,lo,stop,1
4151,ll_0830,Miguel Castro,p1_format_soft,lo,lo,stop,1
4152,ll_0830,Miguel Castro,p2_complexity,lo,lo,stop,1
4153,ll_0830,Miguel Castro,p4_role,lo,lo,stop,1
4154,ll_0830,Miguel Castro,p5_fewshot,lo,lo,stop,1
4155,ll_0831,Kim Jones,p1_format,ms,ms,stop,1
4156,ll_0831,Kim Jones,p1_format_soft,ms,ms,stop,1
4157,ll_0831,Kim Jones,p2_complexity,ms,ms,stop,1
4158,ll_0831,Kim Jones,p4_role,ms,ms,stop,1
4159,ll_0831,Kim Jones,p5_fewshot,ms,ms,stop,1
4160,ll_0832,Chris Hernandez,p1_format,sz,sz,stop,1
4161,ll_0832,Chris Hernandez,p1_format_soft,sz,sz,stop,1
4162,ll_0832,Chris Hernandez,p2_complexity,sz,sz,stop,1
4163,ll_0832,Chris Hernandez,p4_role,sz,sz,stop,1
4164,ll_0832,Chris Hernandez,p5_fewshot,sz,sz,stop,1
4165,ll_0833,Pedro Sanchez,p1_format,oz,oz,stop,1
4166,ll_0833,Pedro Sanchez,p1_format_soft,oz,oz,stop,1
4167,ll_0833,Pedro Sanchez,p2_complexity,oz,oz,stop,1
4168,ll_0833,Pedro Sanchez,p4_role,oz,oz,stop,1
4169,ll_0833,Pedro Sanchez,p5_fewshot,oz,oz,stop,1
4170,ll_0834,Teresa Gutierrez,p1_format,az,az,stop,1
4171,ll_0834,Teresa Gutierrez,p1_format_soft,az,az,stop,1
4172,ll_0834,Teresa Gutierrez,p2_complexity,az,az,stop,1
4173,ll_0834,Teresa Gutierrez,p4_role,az,az,stop,1
4174,ll_0834,Teresa Gutierrez,p5_fewshot,az,az,stop,1
4175,ll_0835,Jose Jackson,p1_format,en,en,stop,1
4176,ll_0835,Jose Jackson,p1_format_soft,en,en,stop,1
4177,ll_0835,Jose Jackson,p2_complexity,en,en,stop,1
4178,ll_0835,Jose Jackson,p4_role,en,en,stop,1
4179,ll_0835,Jose Jackson,p5_fewshot,en,en,stop,1
4180,ll_0836,Matthew Lewis,p1_format,ws,ws,stop,1
4181,ll_0836,Matthew Lewis,p1_format_soft,ws,ws,stop,1
4182,ll_0836,Matthew Lewis,p2_complexity,ws,ws,stop,1
4183,ll_0836,Matthew Lewis,p4_role,ws,ws,stop,1
4184,ll_0836,Matthew Lewis,p5_fewshot,ws,ws,stop,1
4185,ll_0837,Samantha Ortiz,p1_format,az,az,stop,1
4186,ll_0837,Samantha Ortiz,p1_format_soft,az,az,stop,1
4187,ll_0837,Samantha Ortiz,p2_complexity,az,az,stop,1
4188,ll_0837,Samantha Ortiz,p4_role,az,az,stop,1
4189,ll_0837,Samantha Ortiz,p5_fewshot,az,az,stop,1
4190,ll_0838,Sara Johnson,p1_format,an,an,stop,1
4191,ll_0838,Sara Johnson,p1_format_soft,an,an,stop,1
4192,ll_0838,Sara Johnson,p2_complexity,an,an,stop,1
4193,ll_0838,Sara Johnson,p4_role,an,an,stop,1
4194,ll_0838,Sara Johnson,p5_fewshot,an,an,stop,1
4195,ll_0839,Gloria Walker,p1_format,ar,ar,stop,1
4196,ll_0839,Gloria Walker,p1_format_soft,ar,ar,stop,1
4197,ll_0839,Gloria Walker,p2_complexity,ar,ar,stop,1
4198,ll_0839,Gloria Walker,p4_role,ar,ar,stop,1
4199,ll_0839,Gloria Walker,p5_fewshot,ar,ar,stop,1
4200,ll_0840,Diana Vazquez,p1_format,az,az,stop,1
4201,ll_0840,Diana Vazquez,p1_format_soft,az,az,stop,1
4202,ll_0840,Diana Vazquez,p2_complexity,az,az,stop,1
4203,ll_0840,Diana Vazquez,p4_role,az,az,stop,1
4204,ll_0840,Diana Vazquez,p5_fewshot,az,az,stop,1
4205,ll_0841,Matthew Luna,p1_format,wa,wa,stop,1
4206,ll_0841,Matthew Luna,p1_format_soft,wa,wa,stop,1
4207,ll_0841,Matthew Luna,p2_complexity,wa,wa,stop,1
4208,ll_0841,Matthew Luna,p4_role,wa,wa,stop,1
4209,ll_0841,Matthew Luna,p5_fewshot,wa,wa,stop,1
4210,ll_0842,Maria Flores,p1_format,as,as,stop,1
4211,ll_0842,Maria Flores,p1_format_soft,as,as,stop,1
4212,ll_0842,Maria Flores,p2_complexity,as,as,stop,1
4213,ll_0842,Maria Flores,p4_role,as,as,stop,1
4214,ll_0842,Maria Flores,p5_fewshot,as,as,stop,1
4215,ll_0843,Kimberly Gutierrez,p1_format,yz,yz,stop,1
4216,ll_0843,Kimberly Gutierrez,p1_format_soft,yz,yz,stop,1
4217,ll_0843,Kimberly Gutierrez,p2_complexity,yz,yz,stop,1
4218,ll_0843,Kimberly Gutierrez,p4_role,yz,yz,stop,1
4219,ll_0843,Kimberly Gutierrez,p5_fewshot,yz,yz,stop,1
4220,ll_0844,Jennifer Young,p1_format,rg,rg,stop,1
4221,ll_0844,Jennifer Young,p1_format_soft,rg,rg,stop,1
4222,ll_0844,Jennifer Young,p2_complexity,rg,rg,stop,1
4223,ll_0844,Jennifer Young,p4_role,rg,rg,stop,1
4224,ll_0844,Jennifer Young,p5_fewshot,rg,rg,stop,1
4225,ll_0845,Nancy Lewis,p1_format,ys,ys,stop,1
4226,ll_0845,Nancy Lewis,p1_format_soft,ys,ys,stop,1
4227,ll_0845,Nancy Lewis,p2_complexity,ys,ys,stop,1
4228,ll_0845,Nancy Lewis,p4_role,ys,ys,stop,1
4229,ll_0845,Nancy Lewis,p5_fewshot,ys,ys,stop,1
4230,ll_0846,Eric Harris,p1_format,cs,cs,stop,1
4231,ll_0846,Eric Harris,p1_format_soft,cs,cs,stop,1
4232,ll_0846,Eric Harris,p2_complexity,cs,cs,stop,1
4233,ll_0846,Eric Harris,p4_role,cs,cs,stop,1
4234,ll_0846,Eric Harris,p5_fewshot,cs,cs,stop,1
4235,ll_0847,Eric Cruz,p1_format,cz,cz,stop,1
4236,ll_0847,Eric Cruz,p1_format_soft,cz,cz,stop,1
4237,ll_0847,Eric Cruz,p2_complexity,cz,cz,stop,1
4238,ll_0847,Eric Cruz,p4_role,cz,cz,stop,1
4239,ll_0847,Eric Cruz,p5_fewshot,cz,cz,stop,1
4240,ll_0848,Jessica Mejia,p1_format,aa,aa,stop,1
4241,ll_0848,Jessica Mejia,p1_format_soft,aa,aa,stop,1
4242,ll_0848,Jessica Mejia,p2_complexity,aa,aa,stop,1
4243,ll_0848,Jessica Mejia,p4_role,aa,aa,stop,1
4244,ll_0848,Jessica Mejia,p5_fewshot,aa,aa,stop,1
4245,ll_0849,Christopher Rios,p1_format,rs,rs,stop,1
4246,ll_0849,Christopher Rios,p1_format_soft,rs,rs,stop,1
4247,ll_0849,Christopher Rios,p2_complexity,rs,rs,stop,1
4248,ll_0849,Christopher Rios,p4_role,rs,rs,stop,1
4249,ll_0849,Christopher Rios,p5_fewshot,rs,rs,stop,1
4250,ll_0850,Richard Romero,p1_format,do,do,stop,1
4251,ll_0850,Richard Romero,p1_format_soft,do,do,stop,1
4252,ll_0850,Richard Romero,p2_complexity,do,do,stop,1
4253,ll_0850,Richard Romero,p4_role,do,do,stop,1
4254,ll_0850,Richard Romero,p5_fewshot,do,do,stop,1
4255,ll_0851,Anna Davis,p1_format,as,as,stop,1
4256,ll_0851,Anna Davis,p1_format_soft,as,as,stop,1
4257,ll_0851,Anna Davis,p2_complexity,as,as,stop,1
4258,ll_0851,Anna Davis,p4_role,as,as,stop,1
4259,ll_0851,Anna Davis,p5_fewshot,as,as,stop,1
4260,ll_0852,Anna Khan,p1_format,an,an,stop,1
4261,ll_0852,Anna Khan,p1_format_soft,an,an,stop,1
4262,ll_0852,Anna Khan,p2_complexity,an,an,stop,1
4263,ll_0852,Anna Khan,p4_role,an,an,stop,1
4264,ll_0852,Anna Khan,p5_fewshot,an,an,stop,1
4265,ll_0853,Rosa Alvarado,p1_format,ao,ao,stop,1
4266,ll_0853,Rosa Alvarado,p1_format_soft,ao,ao,stop,1
4267,ll_0853,Rosa Alvarado,p2_complexity,ao,ao,stop,1
4268,ll_0853,Rosa Alvarado,p4_role,ao,ao,stop,1
4269,ll_0853,Rosa Alvarado,p5_fewshot,ao,ao,stop,1
4270,ll_0854,John Mejia,p1_format,na,na,stop,1
4271,ll_0854,John Mejia,p1_format_soft,na,na,stop,1
4272,ll_0854,John Mejia,p2_complexity,na,na,stop,1
4273,ll_0854,John Mejia,p4_role,na,na,stop,1
4274,ll_0854,John Mejia,p5_fewshot,na,na,stop,1
4275,ll_0855,Carlos Guerrero,p1_format,so,so,stop,1
4276,ll_0855,Carlos Guerrero,p1_format_soft,so,so,stop,1
4277,ll_0855,Carlos Guerrero,p2_complexity,so,so,stop,1
4278,ll_0855,Carlos Guerrero,p4_role,so,so,stop,1
4279,ll_0855,Carlos Guerrero,p5_fewshot,so,so,stop,1
4280,ll_0856,Nick King,p1_format,kg,kg,stop,1
4281,ll_0856,Nick King,p1_format_soft,kg,kg,stop,1
4282,ll_0856,Nick King,p2_complexity,kg,kg,stop,1
4283,ll_0856,Nick King,p4_role,kg,kg,stop,1
4284,ll_0856,Nick King,p5_fewshot,kg,kg,stop,1
4285,ll_0857,Martha Guerrero,p1_format,ao,ao,stop,1
4286,ll_0857,Martha Guerrero,p1_format_soft,ao,ao,stop,1
4287,ll_0857,Martha Guerrero,p2_complexity,ao,ao,stop,1
4288,ll_0857,Martha Guerrero,p4_role,ao,ao,stop,1
4289,ll_0857,Martha Guerrero,p5_fewshot,ao,ao,stop,1
4290,ll_0858,James Cruz,p1_format,sz,sz,stop,1
4291,ll_0858,James Cruz,p1_format_soft,sz,sz,stop,1
4292,ll_0858,James Cruz,p2_complexity,sz,sz,stop,1
4293,ll_0858,James Cruz,p4_role,sz,sz,stop,1
4294,ll_0858,James Cruz,p5_fewshot,sz,sz,stop,1
4295,ll_0859,Jonathan Flores,p1_format,ns,ns,stop,1
4296,ll_0859,Jonathan Flores,p1_format_soft,ns,ns,stop,1
4297,ll_0859,Jonathan Flores,p2_complexity,ns,ns,stop,1
4298,ll_0859,Jonathan Flores,p4_role,ns,ns,stop,1
4299,ll_0859,Jonathan Flores,p5_fewshot,ns,ns,stop,1
4300,ll_0860,Joe Cruz,p1_format,ez,ez,stop,1
4301,ll_0860,Joe Cruz,p1_format_soft,ez,ez,stop,1
4302,ll_0860,Joe Cruz,p2_complexity,ez,ez,stop,1
4303,ll_0860,Joe Cruz,p4_role,ez,ez,stop,1
4304,ll_0860,Joe Cruz,p5_fewshot,ez,ez,stop,1
4305,ll_0861,Elizabeth Harris,p1_format,hs,hs,stop,1
4306,ll_0861,Elizabeth Harris,p1_format_soft,hs,hs,stop,1
4307,ll_0861,Elizabeth Harris,p2_complexity,hs,hs,stop,1
4308,ll_0861,Elizabeth Harris,p4_role,hs,hs,stop,1
4309,ll_0861,Elizabeth Harris,p5_fewshot,hs,hs,stop,1
4310,ll_0862,Diana Morales,p1_format,as,as,stop,1
4311,ll_0862,Diana Morales,p1_format_soft,as,as,stop,1
4312,ll_0862,Diana Morales,p2_complexity,as,as,stop,1
4313,ll_0862,Diana Morales,p4_role,as,as,stop,1
4314,ll_0862,Diana Morales,p5_fewshot,as,as,stop,1
4315,ll_0863,Juan White,p1_format,ne,ne,stop,1
4316,ll_0863,Juan White,p1_format_soft,ne,ne,stop,1
4317,ll_0863,Juan White,p2_complexity,ne,ne,stop,1
4318,ll_0863,Juan White,p4_role,ne,ne,stop,1
4319,ll_0863,Juan White,p5_fewshot,ne,ne,stop,1
4320,ll_0864,Monica Campbell,p1_format,al,al,stop,1
4321,ll_0864,Monica Campbell,p1_format_soft,al,al,stop,1
4322,ll_0864,Monica Campbell,p2_complexity,al,al,stop,1
4323,ll_0864,Monica Campbell,p4_role,al,al,stop,1
4324,ll_0864,Monica Campbell,p5_fewshot,al,al,stop,1
4325,ll_0865,Amy Ramos,p1_format,ys,ys,stop,1
4326,ll_0865,Amy Ramos,p1_format_soft,ys,ys,stop,1
4327,ll_0865,Amy Ramos,p2_complexity,ys,ys,stop,1
4328,ll_0865,Amy Ramos,p4_role,ys,ys,stop,1
4329,ll_0865,Amy Ramos,p5_fewshot,ys,ys,stop,1
4330,ll_0866,Jose Vazquez,p1_format,ez,ez,stop,1
4331,ll_0866,Jose Vazquez,p1_format_soft,ez,ez,stop,1
4332,ll_0866,Jose Vazquez,p2_complexity,ez,ez,stop,1
4333,ll_0866,Jose Vazquez,p4_role,ez,ez,stop,1
4334,ll_0866,Jose Vazquez,p5_fewshot,ez,ez,stop,1
4335,ll_0867,Christopher Hill,p1_format,rl,rl,stop,1
4336,ll_0867,Christopher Hill,p1_format_soft,rl,rl,stop,1
4337,ll_0867,Christopher Hill,p2_complexity,rl,rl,stop,1
4338,ll_0867,Christopher Hill,p4_role,rl,rl,stop,1
4339,ll_0867,Christopher Hill,p5_fewshot,rl,rl,stop,1
4340,ll_0868,Matt Maldonado,p1_format,to,to,stop,1
4341,ll_0868,Matt Maldonado,p1_format_soft,to,to,stop,1
4342,ll_0868,Matt Maldonado,p2_complexity,to,to,stop,1
4343,ll_0868,Matt Maldonado,p4_role,to,to,stop,1
4344,ll_0868,Matt Maldonado,p5_fewshot,to,to,stop,1
4345,ll_0869,Amy James,p1_format,ys,ys,stop,1
4346,ll_0869,Amy James,p1_format_soft,ys,ys,stop,1
4347,ll_0869,Amy James,p2_complexity,ys,ys,stop,1
4348,ll_0869,Amy James,p4_role,ys,ys,stop,1
4349,ll_0869,Amy James,p5_fewshot,ys,ys,stop,1
4350,ll_0870,Martha Mejia,p1_format,aa,aa,stop,1
4351,ll_0870,Martha Mejia,p1_format_soft,aa,aa,stop,1
4352,ll_0870,Martha Mejia,p2_complexity,aa,aa,stop,1
4353,ll_0870,Martha Mejia,p4_role,aa,aa,stop,1
4354,ll_0870,Martha Mejia,p5_fewshot,aa,aa,stop,1
4355,ll_0871,Daniel Smith,p1_format,lh,nh,stop,0
4356,ll_0871,Daniel Smith,p1_format_soft,lh,nh,stop,0
4357,ll_0871,Daniel Smith,p2_complexity,lh,nh,stop,0
4358,ll_0871,Daniel Smith,p4_role,lh,nh,stop,0
4359,ll_0871,Daniel Smith,p5_fewshot,lh,nh,stop,0
4360,ll_0872,Angel Ramos,p1_format,ls,ls,stop,1
4361,ll_0872,Angel Ramos,p1_format_soft,ls,ls,stop,1
4362,ll_0872,Angel Ramos,p2_complexity,ls,ls,stop,1
4363,ll_0872,Angel Ramos,p4_role,ls,ls,stop,1
4364,ll_0872,Angel Ramos,p5_fewshot,ls,ls,stop,1
4365,ll_0873,Anthony Harris,p1_format,ys,ys,stop,1
4366,ll_0873,Anthony Harris,p1_format_soft,ys,ys,stop,1
4367,ll_0873,Anthony Harris,p2_complexity,ys,ys,stop,1
4368,ll_0873,Anthony Harris,p4_role,ys,ys,stop,1
4369,ll_0873,Anthony Harris,p5_fewshot,ys,ys,stop,1
4370,ll_0874,Martha Sandoval,p1_format,al,al,stop,1
4371,ll_0874,Martha Sandoval,p1_format_soft,al,al,stop,1
4372,ll_0874,Martha Sandoval,p2_complexity,al,al,stop,1
4373,ll_0874,Martha Sandoval,p4_role,al,al,stop,1
4374,ll_0874,Martha Sandoval,p5_fewshot,al,al,stop,1
4375,ll_0875,Laura Guzman,p1_format,an,an,stop,1
4376,ll_0875,Laura Guzman,p1_format_soft,an,an,stop,1
4377,ll_0875,Laura Guzman,p2_complexity,an,an,stop,1
4378,ll_0875,Laura Guzman,p4_role,an,an,stop,1
4379,ll_0875,Laura Guzman,p5_fewshot,an,an,stop,1
4380,ll_0876,Tony Allen,p1_format,yn,yn,stop,1
4381,ll_0876,Tony Allen,p1_format_soft,yn,yn,stop,1
4382,ll_0876,Tony Allen,p2_complexity,yn,yn,stop,1
4383,ll_0876,Tony Allen,p4_role,yn,yn,stop,1
4384,ll_0876,Tony Allen,p5_fewshot,yn,yn,stop,1
4385,ll_0877,Martha Garza,p1_format,aa,aa,stop,1
4386,ll_0877,Martha Garza,p1_format_soft,aa,aa,stop,1
4387,ll_0877,Martha Garza,p2_complexity,aa,aa,stop,1
4388,ll_0877,Martha Garza,p4_role,aa,aa,stop,1
4389,ll_0877,Martha Garza,p5_fewshot,aa,aa,stop,1
4390,ll_0878,Cindy Hill,p1_format,yl,yl,stop,1
4391,ll_0878,Cindy Hill,p1_format_soft,yl,yl,stop,1
4392,ll_0878,Cindy Hill,p2_complexity,yl,yl,stop,1
4393,ll_0878,Cindy Hill,p4_role,yl,yl,stop,1
4394,ll_0878,Cindy Hill,p5_fewshot,yl,yl,stop,1
4395,ll_0879,Claudia Clark,p1_format,ak,ak,stop,1
4396,ll_0879,Claudia Clark,p1_format_soft,ak,ak,stop,1
4397,ll_0879,Claudia Clark,p2_complexity,ak,ak,stop,1
4398,ll_0879,Claudia Clark,p4_role,ak,ak,stop,1
4399,ll_0879,Claudia Clark,p5_fewshot,ak,ak,stop,1
4400,ll_0880,Angela Mendez,p1_format,az,az,stop,1
4401,ll_0880,Angela Mendez,p1_format_soft,az,az,stop,1
4402,ll_0880,Angela Mendez,p2_complexity,az,az,stop,1
4403,ll_0880,Angela Mendez,p4_role,az,az,stop,1
4404,ll_0880,Angela Mendez,p5_fewshot,az,az,stop,1
4405,ll_0881,Michelle Ortega,p1_format,ea,ea,stop,1
4406,ll_0881,Michelle Ortega,p1_format_soft,ea,ea,stop,1
4407,ll_0881,Michelle Ortega,p2_complexity,ea,ea,stop,1
4408,ll_0881,Michelle Ortega,p4_role,ea,ea,stop,1
4409,ll_0881,Michelle Ortega,p5_fewshot,ea,ea,stop,1
4410,ll_0882,Carmen Mitchell,p1_format,nl,nl,stop,1
4411,ll_0882,Carmen Mitchell,p1_format_soft,nl,nl,stop,1
4412,ll_0882,Carmen Mitchell,p2_complexity,nl,nl,stop,1
4413,ll_0882,Carmen Mitchell,p4_role,nl,nl,stop,1
4414,ll_0882,Carmen Mitchell,p5_fewshot,nl,nl,stop,1
4415,ll_0883,Kimberly James,p1_format,ys,ys,stop,1
4416,ll_0883,Kimberly James,p1_format_soft,ys,ys,stop,1
4417,ll_0883,Kimberly James,p2_complexity,ys,ys,stop,1
4418,ll_0883,Kimberly James,p4_role,ys,ys,stop,1
4419,ll_0883,Kimberly James,p5_fewshot,ys,ys,stop,1
4420,ll_0884,Lauren Mendez,p1_format,nz,nz,stop,1
4421,ll_0884,Lauren Mendez,p1_format_soft,nz,nz,stop,1
4422,ll_0884,Lauren Mendez,p2_complexity,nz,nz,stop,1
4423,ll_0884,Lauren Mendez,p4_role,nz,nz,stop,1
4424,ll_0884,Lauren Mendez,p5_fewshot,nz,nz,stop,1
4425,ll_0885,Oscar Nelson,p1_format,rn,rn,stop,1
4426,ll_0885,Oscar Nelson,p1_format_soft,rn,rn,stop,1
4427,ll_0885,Oscar Nelson,p2_complexity,rn,rn,stop,1
4428,ll_0885,Oscar Nelson,p4_role,rn,rn,stop,1
4429,ll_0885,Oscar Nelson,p5_fewshot,rn,rn,stop,1
4430,ll_0886,Steve Ramirez,p1_format,ez,ez,stop,1
4431,ll_0886,Steve Ramirez,p1_format_soft,ez,ez,stop,1
4432,ll_0886,Steve Ramirez,p2_complexity,ez,ez,stop,1
4433,ll_0886,Steve Ramirez,p4_role,ez,ez,stop,1
4434,ll_0886,Steve Ramirez,p5_fewshot,ez,ez,stop,1
4435,ll_0887,Karen Lee,p1_format,ne,ne,stop,1
4436,ll_0887,Karen Lee,p1_format_soft,ne,ne,stop,1
4437,ll_0887,Karen Lee,p2_complexity,ne,ne,stop,1
4438,ll_0887,Karen Lee,p4_role,ne,ne,stop,1
4439,ll_0887,Karen Lee,p5_fewshot,ne,ne,stop,1
4440,ll_0888,John Fernandez,p1_format,nz,nz,stop,1
4441,ll_0888,John Fernandez,p1_format_soft,nz,nz,stop,1
4442,ll_0888,John Fernandez,p2_complexity,nz,nz,stop,1
4443,ll_0888,John Fernandez,p4_role,nz,nz,stop,1
4444,ll_0888,John Fernandez,p5_fewshot,nz,nz,stop,1
4445,ll_0889,Angela Herrera,p1_format,aa,aa,stop,1
4446,ll_0889,Angela Herrera,p1_format_soft,aa,aa,stop,1
4447,ll_0889,Angela Herrera,p2_complexity,aa,aa,stop,1
4448,ll_0889,Angela Herrera,p4_role,aa,aa,stop,1
4449,ll_0889,Angela Herrera,p5_fewshot,aa,aa,stop,1
4450,ll_0890,Rachel Sanchez,p1_format,lz,lz,stop,1
4451,ll_0890,Rachel Sanchez,p1_format_soft,lz,hz,stop,0
4452,ll_0890,Rachel Sanchez,p2_complexity,lz,lz,stop,1
4453,ll_0890,Rachel Sanchez,p4_role,lz,lz,stop,1
4454,ll_0890,Rachel Sanchez,p5_fewshot,lz,hz,stop,0
4455,ll_0891,David Hernandez,p1_format,dz,dz,stop,1
4456,ll_0891,David Hernandez,p1_format_soft,dz,dz,stop,1
4457,ll_0891,David Hernandez,p2_complexity,dz,dz,stop,1
4458,ll_0891,David Hernandez,p4_role,dz,dz,stop,1
4459,ll_0891,David Hernandez,p5_fewshot,dz,dz,stop,1
4460,ll_0892,Javier Gutierrez,p1_format,rz,rz,stop,1
4461,ll_0892,Javier Gutierrez,p1_format_soft,rz,rz,stop,1
4462,ll_0892,Javier Gutierrez,p2_complexity,rz,rz,stop,1
4463,ll_0892,Javier Gutierrez,p4_role,rz,rz,stop,1
4464,ll_0892,Javier Gutierrez,p5_fewshot,rz,rz,stop,1
4465,ll_0893,Kimberly Reyes,p1_format,ys,ys,stop,1
4466,ll_0893,Kimberly Reyes,p1_format_soft,ys,ys,stop,1
4467,ll_0893,Kimberly Reyes,p2_complexity,ys,ys,stop,1
4468,ll_0893,Kimberly Reyes,p4_role,ys,ys,stop,1
4469,ll_0893,Kimberly Reyes,p5_fewshot,ys,ys,stop,1
4470,ll_0894,Lisa Mitchell,p1_format,al,ah,stop,0
4471,ll_0894,Lisa Mitchell,p1_format_soft,al,al,stop,1
4472,ll_0894,Lisa Mitchell,p2_complexity,al,al,stop,1
4473,ll_0894,Lisa Mitchell,p4_role,al,al,stop,1
4474,ll_0894,Lisa Mitchell,p5_fewshot,al,al,stop,1
4475,ll_0895,Diana Carter,p1_format,ar,ar,stop,1
4476,ll_0895,Diana Carter,p1_format_soft,ar,ar,stop,1
4477,ll_0895,Diana Carter,p2_complexity,ar,ar,stop,1
4478,ll_0895,Diana Carter,p4_role,ar,ar,stop,1
4479,ll_0895,Diana Carter,p5_fewshot,ar,ar,stop,1
4480,ll_0896,Alex Nelson,p1_format,xn,xn,stop,1
4481,ll_0896,Alex Nelson,p1_format_soft,xn,xn,stop,1
4482,ll_0896,Alex Nelson,p2_complexity,xn,xn,stop,1
4483,ll_0896,Alex Nelson,p4_role,xn,xn,stop,1
4484,ll_0896,Alex Nelson,p5_fewshot,xn,xn,stop,1
4485,ll_0897,Pedro Davis,p1_format,os,os,stop,1
4486,ll_0897,Pedro Davis,p1_format_soft,os,os,stop,1
4487,ll_0897,Pedro Davis,p2_complexity,os,os,stop,1
4488,ll_0897,Pedro Davis,p4_role,os,os,stop,1
4489,ll_0897,Pedro Davis,p5_fewshot,os,os,stop,1
4490,ll_0898,Kevin Aguilar,p1_format,nr,nr,stop,1
4491,ll_0898,Kevin Aguilar,p1_format_soft,nr,nr,stop,1
4492,ll_0898,Kevin Aguilar,p2_complexity,nr,nr,stop,1
4493,ll_0898,Kevin Aguilar,p4_role,nr,nr,stop,1
4494,ll_0898,Kevin Aguilar,p5_fewshot,nr,nr,stop,1
4495,ll_0899,Katie Medina,p1_format,ea,ea,stop,1
4496,ll_0899,Katie Medina,p1_format_soft,ea,ea,stop,1
4497,ll_0899,Katie Medina,p2_complexity,ea,ea,stop,1
4498,ll_0899,Katie Medina,p4_role,ea,ea,stop,1
4499,ll_0899,Katie Medina,p5_fewshot,ea,ea,stop,1
4500,ll_0900,Laura Morales,p1_format,as,as,stop,1
4501,ll_0900,Laura Morales,p1_format_soft,as,as,stop,1
4502,ll_0900,Laura Morales,p2_complexity,as,as,stop,1
4503,ll_0900,Laura Morales,p4_role,as,as,stop,1
4504,ll_0900,Laura Morales,p5_fewshot,as,as,stop,1
4505,ll_0901,Tony Davis,p1_format,ys,ys,stop,1
4506,ll_0901,Tony Davis,p1_format_soft,ys,ys,stop,1
4507,ll_0901,Tony Davis,p2_complexity,ys,ys,stop,1
4508,ll_0901,Tony Davis,p4_role,ys,ys,stop,1
4509,ll_0901,Tony Davis,p5_fewshot,ys,ys,stop,1
4510,ll_0902,Michelle Castillo,p1_format,eo,eo,stop,1
4511,ll_0902,Michelle Castillo,p1_format_soft,eo,eo,stop,1
4512,ll_0902,Michelle Castillo,p2_complexity,eo,eo,stop,1
4513,ll_0902,Michelle Castillo,p4_role,eo,eo,stop,1
4514,ll_0902,Michelle Castillo,p5_fewshot,eo,eo,stop,1
4515,ll_0903,Steve Harris,p1_format,es,es,stop,1
4516,ll_0903,Steve Harris,p1_format_soft,es,es,stop,1
4517,ll_0903,Steve Harris,p2_complexity,es,es,stop,1
4518,ll_0903,Steve Harris,p4_role,es,es,stop,1
4519,ll_0903,Steve Harris,p5_fewshot,es,es,stop,1
4520,ll_0904,Steven Jackson,p1_format,nn,nn,stop,1
4521,ll_0904,Steven Jackson,p1_format_soft,nn,nn,stop,1
4522,ll_0904,Steven Jackson,p2_complexity,nn,nn,stop,1
4523,ll_0904,Steven Jackson,p4_role,nn,nn,stop,1
4524,ll_0904,Steven Jackson,p5_fewshot,nn,nn,stop,1
4525,ll_0905,Robert Young,p1_format,tg,tg,stop,1
4526,ll_0905,Robert Young,p1_format_soft,tg,tg,stop,1
4527,ll_0905,Robert Young,p2_complexity,tg,tg,stop,1
4528,ll_0905,Robert Young,p4_role,tg,tg,stop,1
4529,ll_0905,Robert Young,p5_fewshot,tg,tg,stop,1
4530,ll_0906,Michelle Vazquez,p1_format,ez,ez,stop,1
4531,ll_0906,Michelle Vazquez,p1_format_soft,ez,ez,stop,1
4532,ll_0906,Michelle Vazquez,p2_complexity,ez,ez,stop,1
4533,ll_0906,Michelle Vazquez,p4_role,ez,ez,stop,1
4534,ll_0906,Michelle Vazquez,p5_fewshot,ez,ez,stop,1
4535,ll_0907,Elizabeth Moreno,p1_format,ho,ho,stop,1
4536,ll_0907,Elizabeth Moreno,p1_format_soft,ho,ho,stop,1
4537,ll_0907,Elizabeth Moreno,p2_complexity,ho,ho,stop,1
4538,ll_0907,Elizabeth Moreno,p4_role,ho,ho,stop,1
4539,ll_0907,Elizabeth Moreno,p5_fewshot,ho,ho,stop,1
4540,ll_0908,Daniel James,p1_format,ls,ns,stop,0
4541,ll_0908,Daniel James,p1_format_soft,ls,ls,stop,1
4542,ll_0908,Daniel James,p2_complexity,ls,ls,stop,1
4543,ll_0908,Daniel James,p4_role,ls,ns,stop,0
4544,ll_0908,Daniel James,p5_fewshot,ls,ls,stop,1
4545,ll_0909,Matthew Ortiz,p1_format,wz,wz,stop,1
4546,ll_0909,Matthew Ortiz,p1_format_soft,wz,wz,stop,1
4547,ll_0909,Matthew Ortiz,p2_complexity,wz,wz,stop,1
4548,ll_0909,Matthew Ortiz,p4_role,wz,wz,stop,1
4549,ll_0909,Matthew Ortiz,p5_fewshot,wz,wz,stop,1
4550,ll_0910,Juan Singh,p1_format,nh,nh,stop,1
4551,ll_0910,Juan Singh,p1_format_soft,nh,nh,stop,1
4552,ll_0910,Juan Singh,p2_complexity,nh,nh,stop,1
4553,ll_0910,Juan Singh,p4_role,nh,nh,stop,1
4554,ll_0910,Juan Singh,p5_fewshot,nh,nh,stop,1
4555,ll_0911,Tony King,p1_format,yg,yg,stop,1
4556,ll_0911,Tony King,p1_format_soft,yg,yg,stop,1
4557,ll_0911,Tony King,p2_complexity,yg,yg,stop,1
4558,ll_0911,Tony King,p4_role,yg,yg,stop,1
4559,ll_0911,Tony King,p5_fewshot,yg,yg,stop,1
4560,ll_0912,Steven Sanchez,p1_format,nz,nz,stop,1
4561,ll_0912,Steven Sanchez,p1_format_soft,nz,nz,stop,1
4562,ll_0912,Steven Sanchez,p2_complexity,nz,nz,stop,1
4563,ll_0912,Steven Sanchez,p4_role,nz,nz,stop,1
4564,ll_0912,Steven Sanchez,p5_fewshot,nz,nz,stop,1
4565,ll_0913,Kathy Mitchell,p1_format,yl,yh,stop,0
4566,ll_0913,Kathy Mitchell,p1_format_soft,yl,yl,stop,1
4567,ll_0913,Kathy Mitchell,p2_complexity,yl,yl,stop,1
4568,ll_0913,Kathy Mitchell,p4_role,yl,yl,stop,1
4569,ll_0913,Kathy Mitchell,p5_fewshot,yl,yl,stop,1
4570,ll_0914,Joseph Maldonado,p1_format,ho,ho,stop,1
4571,ll_0914,Joseph Maldonado,p1_format_soft,ho,ho,stop,1
4572,ll_0914,Joseph Maldonado,p2_complexity,ho,ho,stop,1
4573,ll_0914,Joseph Maldonado,p4_role,ho,ho,stop,1
4574,ll_0914,Joseph Maldonado,p5_fewshot,ho,so,stop,0
4575,ll_0915,Ana White,p1_format,ae,ae,stop,1
4576,ll_0915,Ana White,p1_format_soft,ae,ae,stop,1
4577,ll_0915,Ana White,p2_complexity,ae,ae,stop,1
4578,ll_0915,Ana White,p4_role,ae,ae,stop,1
4579,ll_0915,Ana White,p5_fewshot,ae,ae,stop,1
4580,ll_0916,Nick Contreras,p1_format,ks,ks,stop,1
4581,ll_0916,Nick Contreras,p1_format_soft,ks,ks,stop,1
4582,ll_0916,Nick Contreras,p2_complexity,ks,ks,stop,1
4583,ll_0916,Nick Contreras,p4_role,ks,ks,stop,1
4584,ll_0916,Nick Contreras,p5_fewshot,ks,ks,stop,1
4585,ll_0917,Barbara Martinez,p1_format,az,az,stop,1
4586,ll_0917,Barbara Martinez,p1_format_soft,az,az,stop,1
4587,ll_0917,Barbara Martinez,p2_complexity,az,az,stop,1
4588,ll_0917,Barbara Martinez,p4_role,az,az,stop,1
4589,ll_0917,Barbara Martinez,p5_fewshot,az,az,stop,1
4590,ll_0918,David Sandoval,p1_format,dl,dl,stop,1
4591,ll_0918,David Sandoval,p1_format_soft,dl,dl,stop,1
4592,ll_0918,David Sandoval,p2_complexity,dl,dl,stop,1
4593,ll_0918,David Sandoval,p4_role,dl,dl,stop,1
4594,ll_0918,David Sandoval,p5_fewshot,dl,dl,stop,1
4595,ll_0919,Mike Smith,p1_format,eh,eh,stop,1
4596,ll_0919,Mike Smith,p1_format_soft,eh,eh,stop,1
4597,ll_0919,Mike Smith,p2_complexity,eh,eh,stop,1
4598,ll_0919,Mike Smith,p4_role,eh,eh,stop,1
4599,ll_0919,Mike Smith,p5_fewshot,eh,eh,stop,1
4600,ll_0920,Jessica Taylor,p1_format,ar,ar,stop,1
4601,ll_0920,Jessica Taylor,p1_format_soft,ar,ar,stop,1
4602,ll_0920,Jessica Taylor,p2_complexity,ar,ar,stop,1
4603,ll_0920,Jessica Taylor,p4_role,ar,ar,stop,1
4604,ll_0920,Jessica Taylor,p5_fewshot,ar,ar,stop,1
4605,ll_0921,Chris Santos,p1_format,ss,ss,stop,1
4606,ll_0921,Chris Santos,p1_format_soft,ss,ss,stop,1
4607,ll_0921,Chris Santos,p2_complexity,ss,ss,stop,1
4608,ll_0921,Chris Santos,p4_role,ss,ss,stop,1
4609,ll_0921,Chris Santos,p5_fewshot,ss,ss,stop,1
4610,ll_0922,Lauren Lopez,p1_format,nz,nz,stop,1
4611,ll_0922,Lauren Lopez,p1_format_soft,nz,nz,stop,1
4612,ll_0922,Lauren Lopez,p2_complexity,nz,nz,stop,1
4613,ll_0922,Lauren Lopez,p4_role,nz,nz,stop,1
4614,ll_0922,Lauren Lopez,p5_fewshot,nz,nz,stop,1
4615,ll_0923,Rachel Khan,p1_format,ln,ln,stop,1
4616,ll_0923,Rachel Khan,p1_format_soft,ln,ln,stop,1
4617,ll_0923,Rachel Khan,p2_complexity,ln,ln,stop,1
4618,ll_0923,Rachel Khan,p4_role,ln,ln,stop,1
4619,ll_0923,Rachel Khan,p5_fewshot,ln,hn,stop,0
4620,ll_0924,Andrew Green,p1_format,wn,wn,stop,1
4621,ll_0924,Andrew Green,p1_format_soft,wn,wn,stop,1
4622,ll_0924,Andrew Green,p2_complexity,wn,wn,stop,1
4623,ll_0924,Andrew Green,p4_role,wn,wn,stop,1
4624,ll_0924,Andrew Green,p5_fewshot,wn,wn,stop,1
4625,ll_0925,Luis Wright,p1_format,st,st,stop,1
4626,ll_0925,Luis Wright,p1_format_soft,st,st,stop,1
4627,ll_0925,Luis Wright,p2_complexity,st,st,stop,1
4628,ll_0925,Luis Wright,p4_role,st,st,stop,1
4629,ll_0925,Luis Wright,p5_fewshot,st,st,stop,1
4630,ll_0926,Emily Gomez,p1_format,yz,yz,stop,1
4631,ll_0926,Emily Gomez,p1_format_soft,yz,yz,stop,1
4632,ll_0926,Emily Gomez,p2_complexity,yz,yz,stop,1
4633,ll_0926,Emily Gomez,p4_role,yz,yz,stop,1
4634,ll_0926,Emily Gomez,p5_fewshot,yz,yz,stop,1
4635,ll_0927,Jose Guerrero,p1_format,eo,eo,stop,1
4636,ll_0927,Jose Guerrero,p1_format_soft,eo,eo,stop,1
4637,ll_0927,Jose Guerrero,p2_complexity,eo,eo,stop,1
4638,ll_0927,Jose Guerrero,p4_role,eo,eo,stop,1
4639,ll_0927,Jose Guerrero,p5_fewshot,eo,eo,stop,1
4640,ll_0928,Kathy Campbell,p1_format,yl,yl,stop,1
4641,ll_0928,Kathy Campbell,p1_format_soft,yl,yl,stop,1
4642,ll_0928,Kathy Campbell,p2_complexity,yl,yl,stop,1
4643,ll_0928,Kathy Campbell,p4_role,yl,yl,stop,1
4644,ll_0928,Kathy Campbell,p5_fewshot,yl,yl,stop,1
4645,ll_0929,Mark Mendoza,p1_format,ka,ka,stop,1
4646,ll_0929,Mark Mendoza,p1_format_soft,ka,ka,stop,1
4647,ll_0929,Mark Mendoza,p2_complexity,ka,ka,stop,1
4648,ll_0929,Mark Mendoza,p4_role,ka,ka,stop,1
4649,ll_0929,Mark Mendoza,p5_fewshot,ka,ka,stop,1
4650,ll_0930,John Ruiz,p1_format,nz,nz,stop,1
4651,ll_0930,John Ruiz,p1_format_soft,nz,nz,stop,1
4652,ll_0930,John Ruiz,p2_complexity,nz,nz,stop,1
4653,ll_0930,John Ruiz,p4_role,nz,nz,stop,1
4654,ll_0930,John Ruiz,p5_fewshot,nz,nz,stop,1
4655,ll_0931,Matthew Jimenez,p1_format,wz,wz,stop,1
4656,ll_0931,Matthew Jimenez,p1_format_soft,wz,wz,stop,1
4657,ll_0931,Matthew Jimenez,p2_complexity,wz,wz,stop,1
4658,ll_0931,Matthew Jimenez,p4_role,wz,wz,stop,1
4659,ll_0931,Matthew Jimenez,p5_fewshot,wz,wz,stop,1
4660,ll_0932,Paul Torres,p1_format,ls,ls,stop,1
4661,ll_0932,Paul Torres,p1_format_soft,ls,ls,stop,1
4662,ll_0932,Paul Torres,p2_complexity,ls,ls,stop,1
4663,ll_0932,Paul Torres,p4_role,ls,ls,stop,1
4664,ll_0932,Paul Torres,p5_fewshot,ls,ls,stop,1
4665,ll_0933,Eric Ramos,p1_format,cs,cs,stop,1
4666,ll_0933,Eric Ramos,p1_format_soft,cs,cs,stop,1
4667,ll_0933,Eric Ramos,p2_complexity,cs,cs,stop,1
4668,ll_0933,Eric Ramos,p4_role,cs,cs,stop,1
4669,ll_0933,Eric Ramos,p5_fewshot,cs,cs,stop,1
4670,ll_0934,Brian Ramos,p1_format,ns,ns,stop,1
4671,ll_0934,Brian Ramos,p1_format_soft,ns,ns,stop,1
4672,ll_0934,Brian Ramos,p2_complexity,ns,ns,stop,1
4673,ll_0934,Brian Ramos,p4_role,ns,ns,stop,1
4674,ll_0934,Brian Ramos,p5_fewshot,ns,ns,stop,1
4675,ll_0935,Jennifer Hall,p1_format,rl,rl,stop,1
4676,ll_0935,Jennifer Hall,p1_format_soft,rl,rl,stop,1
4677,ll_0935,Jennifer Hall,p2_complexity,rl,rl,stop,1
4678,ll_0935,Jennifer Hall,p4_role,rl,rl,stop,1
4679,ll_0935,Jennifer Hall,p5_fewshot,rl,rl,stop,1
4680,ll_0936,Miguel Young,p1_format,lg,lg,stop,1
4681,ll_0936,Miguel Young,p1_format_soft,lg,lg,stop,1
4682,ll_0936,Miguel Young,p2_complexity,lg,lg,stop,1
4683,ll_0936,Miguel Young,p4_role,lg,lg,stop,1
4684,ll_0936,Miguel Young,p5_fewshot,lg,lg,stop,1
4685,ll_0937,Teresa Ortiz,p1_format,az,az,stop,1
4686,ll_0937,Teresa Ortiz,p1_format_soft,az,az,stop,1
4687,ll_0937,Teresa Ortiz,p2_complexity,az,az,stop,1
4688,ll_0937,Teresa Ortiz,p4_role,az,az,stop,1
4689,ll_0937,Teresa Ortiz,p5_fewshot,az,az,stop,1
4690,ll_0938,Jennifer Jimenez,p1_format,rz,rz,stop,1
4691,ll_0938,Jennifer Jimenez,p1_format_soft,rz,rz,stop,1
4692,ll_0938,Jennifer Jimenez,p2_complexity,rz,rz,stop,1
4693,ll_0938,Jennifer Jimenez,p4_role,rz,rz,stop,1
4694,ll_0938,Jennifer Jimenez,p5_fewshot,rz,rz,stop,1
4695,ll_0939,Chris Robinson,p1_format,sn,sn,stop,1
4696,ll_0939,Chris Robinson,p1_format_soft,sn,sn,stop,1
4697,ll_0939,Chris Robinson,p2_complexity,sn,sn,stop,1
4698,ll_0939,Chris Robinson,p4_role,sn,sn,stop,1
4699,ll_0939,Chris Robinson,p5_fewshot,sn,sn,stop,1
4700,ll_0940,Laura Gutierrez,p1_format,az,az,stop,1
4701,ll_0940,Laura Gutierrez,p1_format_soft,az,az,stop,1
4702,ll_0940,Laura Gutierrez,p2_complexity,az,az,stop,1
4703,ll_0940,Laura Gutierrez,p4_role,az,az,stop,1
4704,ll_0940,Laura Gutierrez,p5_fewshot,az,az,stop,1
4705,ll_0941,Claudia Estrada,p1_format,aa,aa,stop,1
4706,ll_0941,Claudia Estrada,p1_format_soft,aa,aa,stop,1
4707,ll_0941,Claudia Estrada,p2_complexity,aa,aa,stop,1
4708,ll_0941,Claudia Estrada,p4_role,aa,aa,stop,1
4709,ll_0941,Claudia Estrada,p5_fewshot,aa,aa,stop,1
4710,ll_0942,Anna Khan,p1_format,an,an,stop,1
4711,ll_0942,Anna Khan,p1_format_soft,an,an,stop,1
4712,ll_0942,Anna Khan,p2_complexity,an,an,stop,1
4713,ll_0942,Anna Khan,p4_role,an,an,stop,1
4714,ll_0942,Anna Khan,p5_fewshot,an,an,stop,1
4715,ll_0943,Amy Perez,p1_format,yz,yz,stop,1
4716,ll_0943,Amy Perez,p1_format_soft,yz,yz,stop,1
4717,ll_0943,Amy Perez,p2_complexity,yz,yz,stop,1
4718,ll_0943,Amy Perez,p4_role,yz,yz,stop,1
4719,ll_0943,Amy Perez,p5_fewshot,yz,yz,stop,1
4720,ll_0944,Matthew King,p1_format,wg,wg,stop,1
4721,ll_0944,Matthew King,p1_format_soft,wg,wg,stop,1
4722,ll_0944,Matthew King,p2_complexity,wg,wg,stop,1
4723,ll_0944,Matthew King,p4_role,wg,wg,stop,1
4724,ll_0944,Matthew King,p5_fewshot,wg,wg,stop,1
4725,ll_0945,Jennifer Sanchez,p1_format,rz,rz,stop,1
4726,ll_0945,Jennifer Sanchez,p1_format_soft,rz,rz,stop,1
4727,ll_0945,Jennifer Sanchez,p2_complexity,rz,rz,stop,1
4728,ll_0945,Jennifer Sanchez,p4_role,rz,rz,stop,1
4729,ll_0945,Jennifer Sanchez,p5_fewshot,rz,rz,stop,1
4730,ll_0946,Michael Mendoza,p1_format,la,la,stop,1
4731,ll_0946,Michael Mendoza,p1_format_soft,la,la,stop,1
4732,ll_0946,Michael Mendoza,p2_complexity,la,la,stop,1
4733,ll_0946,Michael Mendoza,p4_role,la,la,stop,1
4734,ll_0946,Michael Mendoza,p5_fewshot,la,la,stop,1
4735,ll_0947,Monica Alvarado,p1_format,ao,ao,stop,1
4736,ll_0947,Monica Alvarado,p1_format_soft,ao,ao,stop,1
4737,ll_0947,Monica Alvarado,p2_complexity,ao,ao,stop,1
4738,ll_0947,Monica Alvarado,p4_role,ao,ao,stop,1
4739,ll_0947,Monica Alvarado,p5_fewshot,ao,ao,stop,1
4740,ll_0948,Kimberly Maldonado,p1_format,yo,yo,stop,1
4741,ll_0948,Kimberly Maldonado,p1_format_soft,yo,yo,stop,1
4742,ll_0948,Kimberly Maldonado,p2_complexity,yo,yo,stop,1
4743,ll_0948,Kimberly Maldonado,p4_role,yo,yo,stop,1
4744,ll_0948,Kimberly Maldonado,p5_fewshot,yo,yo,stop,1
4745,ll_0949,James Delgado,p1_format,so,so,stop,1
4746,ll_0949,James Delgado,p1_format_soft,so,so,stop,1
4747,ll_0949,James Delgado,p2_complexity,so,so,stop,1
4748,ll_0949,James Delgado,p4_role,so,so,stop,1
4749,ll_0949,James Delgado,p5_fewshot,so,so,stop,1
4750,ll_0950,Victor Torres,p1_format,rs,rs,stop,1
4751,ll_0950,Victor Torres,p1_format_soft,rs,rs,stop,1
4752,ll_0950,Victor Torres,p2_complexity,rs,rs,stop,1
4753,ll_0950,Victor Torres,p4_role,rs,rs,stop,1
4754,ll_0950,Victor Torres,p5_fewshot,rs,rs,stop,1
4755,ll_0951,Sandra Fernandez,p1_format,az,az,stop,1
4756,ll_0951,Sandra Fernandez,p1_format_soft,az,az,stop,1
4757,ll_0951,Sandra Fernandez,p2_complexity,az,az,stop,1
4758,ll_0951,Sandra Fernandez,p4_role,az,az,stop,1
4759,ll_0951,Sandra Fernandez,p5_fewshot,az,az,stop,1
4760,ll_0952,Daniel Sanchez,p1_format,lz,lz,stop,1
4761,ll_0952,Daniel Sanchez,p1_format_soft,lz,lz,stop,1
4762,ll_0952,Daniel Sanchez,p2_complexity,lz,lz,stop,1
4763,ll_0952,Daniel Sanchez,p4_role,lz,nz,stop,0
4764,ll_0952,Daniel Sanchez,p5_fewshot,lz,nz,stop,0
4765,ll_0953,Sandra Williams,p1_format,as,as,stop,1
4766,ll_0953,Sandra Williams,p1_format_soft,as,as,stop,1
4767,ll_0953,Sandra Williams,p2_complexity,as,as,stop,1
4768,ll_0953,Sandra Williams,p4_role,as,as,stop,1
4769,ll_0953,Sandra Williams,p5_fewshot,as,as,stop,1
4770,ll_0954,Alex James,p1_format,xs,xs,stop,1
4771,ll_0954,Alex James,p1_format_soft,xs,xs,stop,1
4772,ll_0954,Alex James,p2_complexity,xs,xs,stop,1
4773,ll_0954,Alex James,p4_role,xs,xs,stop,1
4774,ll_0954,Alex James,p5_fewshot,xs,xs,stop,1
4775,ll_0955,Justin Santiago,p1_format,no,no,stop,1
4776,ll_0955,Justin Santiago,p1_format_soft,no,no,stop,1
4777,ll_0955,Justin Santiago,p2_complexity,no,no,stop,1
4778,ll_0955,Justin Santiago,p4_role,no,no,stop,1
4779,ll_0955,Justin Santiago,p5_fewshot,no,no,stop,1
4780,ll_0956,Mario Lee,p1_format,oe,oe,stop,1
4781,ll_0956,Mario Lee,p1_format_soft,oe,oe,stop,1
4782,ll_0956,Mario Lee,p2_complexity,oe,oe,stop,1
4783,ll_0956,Mario Lee,p4_role,oe,oe,stop,1
4784,ll_0956,Mario Lee,p5_fewshot,oe,oe,stop,1
4785,ll_0957,Jason Salazar,p1_format,nr,nr,stop,1
4786,ll_0957,Jason Salazar,p1_format_soft,nr,nr,stop,1
4787,ll_0957,Jason Salazar,p2_complexity,nr,nr,stop,1
4788,ll_0957,Jason Salazar,p4_role,nr,nr,stop,1
4789,ll_0957,Jason Salazar,p5_fewshot,nr,nr,stop,1
4790,ll_0958,Oscar Wilson,p1_format,rn,rn,stop,1
4791,ll_0958,Oscar Wilson,p1_format_soft,rn,rn,stop,1
4792,ll_0958,Oscar Wilson,p2_complexity,rn,rn,stop,1
4793,ll_0958,Oscar Wilson,p4_role,rn,rn,stop,1
4794,ll_0958,Oscar Wilson,p5_fewshot,rn,rn,stop,1
4795,ll_0959,William Marie,p1_format,me,ne,stop,0
4796,ll_0959,William Marie,p1_format_soft,me,ne,stop,0
4797,ll_0959,William Marie,p2_complexity,me,ne,stop,0
4798,ll_0959,William Marie,p4_role,me,ne,stop,0
4799,ll_0959,William Marie,p5_fewshot,me,me,stop,1
4800,ll_0960,Cindy Aguilar,p1_format,yr,yr,stop,1
4801,ll_0960,Cindy Aguilar,p1_format_soft,yr,yr,stop,1
4802,ll_0960,Cindy Aguilar,p2_complexity,yr,yr,stop,1
4803,ll_0960,Cindy Aguilar,p4_role,yr,yr,stop,1
4804,ll_0960,Cindy Aguilar,p5_fewshot,yr,yr,stop,1
4805,ll_0961,Carmen Smith,p1_format,nh,nh,stop,1
4806,ll_0961,Carmen Smith,p1_format_soft,nh,nh,stop,1
4807,ll_0961,Carmen Smith,p2_complexity,nh,nh,stop,1
4808,ll_0961,Carmen Smith,p4_role,nh,nh,stop,1
4809,ll_0961,Carmen Smith,p5_fewshot,nh,nh,stop,1
4810,ll_0962,Sara Torres,p1_format,as,as,stop,1
4811,ll_0962,Sara Torres,p1_format_soft,as,as,stop,1
4812,ll_0962,Sara Torres,p2_complexity,as,as,stop,1
4813,ll_0962,Sara Torres,p4_role,as,as,stop,1
4814,ll_0962,Sara Torres,p5_fewshot,as,as,stop,1
4815,ll_0963,Andrew Sandoval,p1_format,wl,wl,stop,1
4816,ll_0963,Andrew Sandoval,p1_format_soft,wl,wl,stop,1
4817,ll_0963,Andrew Sandoval,p2_complexity,wl,wl,stop,1
4818,ll_0963,Andrew Sandoval,p4_role,wl,wl,stop,1
4819,ll_0963,Andrew Sandoval,p5_fewshot,wl,wl,stop,1
4820,ll_0964,Sharon Lopez,p1_format,nz,np,stop,0
4821,ll_0964,Sharon Lopez,p1_format_soft,nz,nz,stop,1
4822,ll_0964,Sharon Lopez,p2_complexity,nz,nz,stop,1
4823,ll_0964,Sharon Lopez,p4_role,nz,nz,stop,1
4824,ll_0964,Sharon Lopez,p5_fewshot,nz,np,stop,0
4825,ll_0965,Antonio Medina,p1_format,oa,oa,stop,1
4826,ll_0965,Antonio Medina,p1_format_soft,oa,oa,stop,1
4827,ll_0965,Antonio Medina,p2_complexity,oa,oa,stop,1
4828,ll_0965,Antonio Medina,p4_role,oa,oa,stop,1
4829,ll_0965,Antonio Medina,p5_fewshot,oa,oa,stop,1
4830,ll_0966,Sarah Smith,p1_format,hh,hh,stop,1
4831,ll_0966,Sarah Smith,p1_format_soft,hh,hh,stop,1
4832,ll_0966,Sarah Smith,p2_complexity,hh,hh,stop,1
4833,ll_0966,Sarah Smith,p4_role,hh,hh,stop,1
4834,ll_0966,Sarah Smith,p5_fewshot,hh,hh,stop,1
4835,ll_0967,Amanda Luna,p1_format,aa,aa,stop,1
4836,ll_0967,Amanda Luna,p1_format_soft,aa,aa,stop,1
4837,ll_0967,Amanda Luna,p2_complexity,aa,aa,stop,1
4838,ll_0967,Amanda Luna,p4_role,aa,aa,stop,1
4839,ll_0967,Amanda Luna,p5_fewshot,aa,aa,stop,1
4840,ll_0968,Jorge Nelson,p1_format,en,en,stop,1
4841,ll_0968,Jorge Nelson,p1_format_soft,en,en,stop,1
4842,ll_0968,Jorge Nelson,p2_complexity,en,en,stop,1
4843,ll_0968,Jorge Nelson,p4_role,en,en,stop,1
4844,ll_0968,Jorge Nelson,p5_fewshot,en,en,stop,1
4845,ll_0969,Mario Fernandez,p1_format,oz,oz,stop,1
4846,ll_0969,Mario Fernandez,p1_format_soft,oz,oz,stop,1
4847,ll_0969,Mario Fernandez,p2_complexity,oz,oz,stop,1
4848,ll_0969,Mario Fernandez,p4_role,oz,oz,stop,1
4849,ll_0969,Mario Fernandez,p5_fewshot,oz,oz,stop,1
4850,ll_0970,Laura Carter,p1_format,ar,ar,stop,1
4851,ll_0970,Laura Carter,p1_format_soft,ar,ar,stop,1
4852,ll_0970,Laura Carter,p2_complexity,ar,ar,stop,1
4853,ll_0970,Laura Carter,p4_role,ar,ar,stop,1
4854,ll_0970,Laura Carter,p5_fewshot,ar,ar,stop,1
4855,ll_0971,Sharon Rojas,p1_format,ns,ns,stop,1
4856,ll_0971,Sharon Rojas,p1_format_soft,ns,ns,stop,1
4857,ll_0971,Sharon Rojas,p2_complexity,ns,ns,stop,1
4858,ll_0971,Sharon Rojas,p4_role,ns,ns,stop,1
4859,ll_0971,Sharon Rojas,p5_fewshot,ns,ns,stop,1
4860,ll_0972,Christopher Castillo,p1_format,ro,ro,stop,1
4861,ll_0972,Christopher Castillo,p1_format_soft,ro,ro,stop,1
4862,ll_0972,Christopher Castillo,p2_complexity,ro,ro,stop,1
4863,ll_0972,Christopher Castillo,p4_role,ro,ro,stop,1
4864,ll_0972,Christopher Castillo,p5_fewshot,ro,ro,stop,1
4865,ll_0973,Karen Kim,p1_format,nm,nm,stop,1
4866,ll_0973,Karen Kim,p1_format_soft,nm,nm,stop,1
4867,ll_0973,Karen Kim,p2_complexity,nm,nm,stop,1
4868,ll_0973,Karen Kim,p4_role,nm,nm,stop,1
4869,ll_0973,Karen Kim,p5_fewshot,nm,nm,stop,1
4870,ll_0974,Robert Scott,p1_format,tt,tt,stop,1
4871,ll_0974,Robert Scott,p1_format_soft,tt,tt,stop,1
4872,ll_0974,Robert Scott,p2_complexity,tt,tt,stop,1
4873,ll_0974,Robert Scott,p4_role,tt,tt,stop,1
4874,ll_0974,Robert Scott,p5_fewshot,tt,tt,stop,1
4875,ll_0975,Susan Diaz,p1_format,nz,nz,stop,1
4876,ll_0975,Susan Diaz,p1_format_soft,nz,nz,stop,1
4877,ll_0975,Susan Diaz,p2_complexity,nz,nz,stop,1
4878,ll_0975,Susan Diaz,p4_role,nz,nz,stop,1
4879,ll_0975,Susan Diaz,p5_fewshot,nz,nz,stop,1
4880,ll_0976,Brandon Rodriguez,p1_format,nz,nz,stop,1
4881,ll_0976,Brandon Rodriguez,p1_format_soft,nz,nz,stop,1
4882,ll_0976,Brandon Rodriguez,p2_complexity,nz,nz,stop,1
4883,ll_0976,Brandon Rodriguez,p4_role,nz,nz,stop,1
4884,ll_0976,Brandon Rodriguez,p5_fewshot,nz,nz,stop,1
4885,ll_0977,Joe Adams,p1_format,es,es,stop,1
4886,ll_0977,Joe Adams,p1_format_soft,es,es,stop,1
4887,ll_0977,Joe Adams,p2_complexity,es,es,stop,1
4888,ll_0977,Joe Adams,p4_role,es,es,stop,1
4889,ll_0977,Joe Adams,p5_fewshot,es,es,stop,1
4890,ll_0978,Mark Mitchell,p1_format,kl,kl,stop,1
4891,ll_0978,Mark Mitchell,p1_format_soft,kl,kh,stop,0
4892,ll_0978,Mark Mitchell,p2_complexity,kl,kl,stop,1
4893,ll_0978,Mark Mitchell,p4_role,kl,kl,stop,1
4894,ll_0978,Mark Mitchell,p5_fewshot,kl,kl,stop,1
4895,ll_0979,Antonio Luna,p1_format,oa,oa,stop,1
4896,ll_0979,Antonio Luna,p1_format_soft,oa,oa,stop,1
4897,ll_0979,Antonio Luna,p2_complexity,oa,oa,stop,1
4898,ll_0979,Antonio Luna,p4_role,oa,oa,stop,1
4899,ll_0979,Antonio Luna,p5_fewshot,oa,oa,stop,1
4900,ll_0980,Veronica Rodriguez,p1_format,az,az,stop,1
4901,ll_0980,Veronica Rodriguez,p1_format_soft,az,az,stop,1
4902,ll_0980,Veronica Rodriguez,p2_complexity,az,az,stop,1
4903,ll_0980,Veronica Rodriguez,p4_role,az,az,stop,1
4904,ll_0980,Veronica Rodriguez,p5_fewshot,az,az,stop,1
4905,ll_0981,Lisa Thompson,p1_format,an,an,stop,1
4906,ll_0981,Lisa Thompson,p1_format_soft,an,an,stop,1
4907,ll_0981,Lisa Thompson,p2_complexity,an,an,stop,1
4908,ll_0981,Lisa Thompson,p4_role,an,an,stop,1
4909,ll_0981,Lisa Thompson,p5_fewshot,an,an,stop,1
4910,ll_0982,Mark Allen,p1_format,kn,kn,stop,1
4911,ll_0982,Mark Allen,p1_format_soft,kn,kn,stop,1
4912,ll_0982,Mark Allen,p2_complexity,kn,kn,stop,1
4913,ll_0982,Mark Allen,p4_role,kn,kn,stop,1
4914,ll_0982,Mark Allen,p5_fewshot,kn,kn,stop,1
4915,ll_0983,Anna Guzman,p1_format,an,an,stop,1
4916,ll_0983,Anna Guzman,p1_format_soft,an,an,stop,1
4917,ll_0983,Anna Guzman,p2_complexity,an,an,stop,1
4918,ll_0983,Anna Guzman,p4_role,an,an,stop,1
4919,ll_0983,Anna Guzman,p5_fewshot,an,an,stop,1
4920,ll_0984,Pedro Adams,p1_format,os,os,stop,1
4921,ll_0984,Pedro Adams,p1_format_soft,os,os,stop,1
4922,ll_0984,Pedro Adams,p2_complexity,os,os,stop,1
4923,ll_0984,Pedro Adams,p4_role,os,os,stop,1
4924,ll_0984,Pedro Adams,p5_fewshot,os,os,stop,1
4925,ll_0985,Melissa Miller,p1_format,ar,ar,stop,1
4926,ll_0985,Melissa Miller,p1_format_soft,ar,ar,stop,1
4927,ll_0985,Melissa Miller,p2_complexity,ar,ar,stop,1
4928,ll_0985,Melissa Miller,p4_role,ar,ar,stop,1
4929,ll_0985,Melissa Miller,p5_fewshot,ar,ar,stop,1
4930,ll_0986,Amanda Walker,p1_format,ar,ar,stop,1
4931,ll_0986,Amanda Walker,p1_format_soft,ar,ar,stop,1
4932,ll_0986,Amanda Walker,p2_complexity,ar,ar,stop,1
4933,ll_0986,Amanda Walker,p4_role,ar,ar,stop,1
4934,ll_0986,Amanda Walker,p5_fewshot,ar,ar,stop,1
4935,ll_0987,John Ruiz,p1_format,nz,nz,stop,1
4936,ll_0987,John Ruiz,p1_format_soft,nz,nz,stop,1
4937,ll_0987,John Ruiz,p2_complexity,nz,nz,stop,1
4938,ll_0987,John Ruiz,p4_role,nz,nz,stop,1
4939,ll_0987,John Ruiz,p5_fewshot,nz,nz,stop,1
4940,ll_0988,Linda Ramos,p1_format,as,as,stop,1
4941,ll_0988,Linda Ramos,p1_format_soft,as,as,stop,1
4942,ll_0988,Linda Ramos,p2_complexity,as,as,stop,1
4943,ll_0988,Linda Ramos,p4_role,as,as,stop,1
4944,ll_0988,Linda Ramos,p5_fewshot,as,as,stop,1
4945,ll_0989,Sara Williams,p1_format,as,as,stop,1
4946,ll_0989,Sara Williams,p1_format_soft,as,as,stop,1
4947,ll_0989,Sara Williams,p2_complexity,as,as,stop,1
4948,ll_0989,Sara Williams,p4_role,as,as,stop,1
4949,ll_0989,Sara Williams,p5_fewshot,as,as,stop,1
4950,ll_0990,Chris Jackson,p1_format,sn,sn,stop,1
4951,ll_0990,Chris Jackson,p1_format_soft,sn,sn,stop,1
4952,ll_0990,Chris Jackson,p2_complexity,sn,sn,stop,1
4953,ll_0990,Chris Jackson,p4_role,sn,sn,stop,1
4954,ll_0990,Chris Jackson,p5_fewshot,sn,sn,stop,1
4955,ll_0991,Richard Adams,p1_format,ds,ds,stop,1
4956,ll_0991,Richard Adams,p1_format_soft,ds,ds,stop,1
4957,ll_0991,Richard Adams,p2_complexity,ds,ds,stop,1
4958,ll_0991,Richard Adams,p4_role,ds,ds,stop,1
4959,ll_0991,Richard Adams,p5_fewshot,ds,ds,stop,1
4960,ll_0992,Christopher Rodriguez,p1_format,rz,rz,stop,1
4961,ll_0992,Christopher Rodriguez,p1_format_soft,rz,rz,stop,1
4962,ll_0992,Christopher Rodriguez,p2_complexity,rz,rz,stop,1
4963,ll_0992,Christopher Rodriguez,p4_role,rz,rz,stop,1
4964,ll_0992,Christopher Rodriguez,p5_fewshot,rz,rz,stop,1
4965,ll_0993,Linda Salazar,p1_format,ar,ar,stop,1
4966,ll_0993,Linda Salazar,p1_format_soft,ar,ar,stop,1
4967,ll_0993,Linda Salazar,p2_complexity,ar,ar,stop,1
4968,ll_0993,Linda Salazar,p4_role,ar,ar,stop,1
4969,ll_0993,Linda Salazar,p5_fewshot,ar,ar,stop,1
4970,ll_0994,Kimberly Jones,p1_format,ys,ys,stop,1
4971,ll_0994,Kimberly Jones,p1_format_soft,ys,ys,stop,1
4972,ll_0994,Kimberly Jones,p2_complexity,ys,ys,stop,1
4973,ll_0994,Kimberly Jones,p4_role,ys,ys,stop,1
4974,ll_0994,Kimberly Jones,p5_fewshot,ys,ys,stop,1
4975,ll_0995,Michael Adams,p1_format,ls,ls,stop,1
4976,ll_0995,Michael Adams,p1_format_soft,ls,ls,stop,1
4977,ll_0995,Michael Adams,p2_complexity,ls,ls,stop,1
4978,ll_0995,Michael Adams,p4_role,ls,ls,stop,1
4979,ll_0995,Michael Adams,p5_fewshot,ls,ls,stop,1
4980,ll_0996,Mario Marie,p1_format,oe,oe,stop,1
4981,ll_0996,Mario Marie,p1_format_soft,oe,oe,stop,1
4982,ll_0996,Mario Marie,p2_complexity,oe,oe,stop,1
4983,ll_0996,Mario Marie,p4_role,oe,oe,stop,1
4984,ll_0996,Mario Marie,p5_fewshot,oe,oe,stop,1
4985,ll_0997,Joseph Perez,p1_format,hz,hz,stop,1
4986,ll_0997,Joseph Perez,p1_format_soft,hz,hz,stop,1
4987,ll_0997,Joseph Perez,p2_complexity,hz,hz,stop,1
4988,ll_0997,Joseph Perez,p4_role,hz,hz,stop,1
4989,ll_0997,Joseph Perez,p5_fewshot,hz,hz,stop,1
4990,ll_0998,Emily Castillo,p1_format,yo,yo,stop,1
4991,ll_0998,Emily Castillo,p1_format_soft,yo,yo,stop,1
4992,ll_0998,Emily Castillo,p2_complexity,yo,yo,stop,1
4993,ll_0998,Emily Castillo,p4_role,yo,yo,stop,1
4994,ll_0998,Emily Castillo,p5_fewshot,yo,yo,stop,1
4995,ll_0999,Robert Sanchez,p1_format,tz,tz,stop,1
4996,ll_0999,Robert Sanchez,p1_format_soft,tz,tz,stop,1
4997,ll_0999,Robert Sanchez,p2_complexity,tz,tz,stop,1
4998,ll_0999,Robert Sanchez,p4_role,tz,tz,stop,1
4999,ll_0999,Robert Sanchez,p5_fewshot,tz,tz,stop,1
