custom_id,unique_id,text,label,perturbation_type,gold,predicted,finish_reason,correct
0,mf_0000,Deal summary Helen Oy / Infratek Finland Oy,Finance,p1_format,B,A,stop,0
1,mf_0000,Deal summary Helen Oy / Infratek Finland Oy,Finance,p1_format_soft,B,A,stop,0
2,mf_0000,Deal summary Helen Oy / Infratek Finland Oy,Finance,p2_complexity,B,B,stop,1
3,mf_0000,Deal summary Helen Oy / Infratek Finland Oy,Finance,p4_role,B,A,stop,0
4,mf_0000,Deal summary Helen Oy / Infratek Finland Oy,Finance,p5_fewshot,B,A,stop,0
5,mf_0001,Deals,Finance,p1_format,B,B,stop,1
6,mf_0001,Deals,Finance,p1_format_soft,B,B,stop,1
7,mf_0001,Deals,Finance,p2_complexity,B,B,stop,1
8,mf_0001,Deals,Finance,p4_role,B,B,stop,1
9,mf_0001,Deals,Finance,p5_fewshot,B,B,stop,1
10,mf_0002,PwC named a Major Player in the IDC MarketScape for Worldwide Intelligent Automation Services 2019,Technology,p1_format,F,F,stop,1
11,mf_0002,PwC named a Major Player in the IDC MarketScape for Worldwide Intelligent Automation Services 2019,Technology,p1_format_soft,F,F,stop,1
12,mf_0002,PwC named a Major Player in the IDC MarketScape for Worldwide Intelligent Automation Services 2019,Technology,p2_complexity,F,F,stop,1
13,mf_0002,PwC named a Major Player in the IDC MarketScape for Worldwide Intelligent Automation Services 2019,Technology,p4_role,F,F,stop,1
14,mf_0002,PwC named a Major Player in the IDC MarketScape for Worldwide Intelligent Automation Services 2019,Technology,p5_fewshot,F,F,stop,1
15,mf_0003,Proposal for digital services tax ,Tax & Accounting,p1_format,E,E,stop,1
16,mf_0003,Proposal for digital services tax ,Tax & Accounting,p1_format_soft,E,E,stop,1
17,mf_0003,Proposal for digital services tax ,Tax & Accounting,p2_complexity,E,E,stop,1
18,mf_0003,Proposal for digital services tax ,Tax & Accounting,p4_role,E,E,stop,1
19,mf_0003,Proposal for digital services tax ,Tax & Accounting,p5_fewshot,E,E,stop,1
20,mf_0004,Social Impact Lab,Business & Management,p1_format,A,B,stop,0
21,mf_0004,Social Impact Lab,Business & Management,p1_format_soft,A,A,stop,1
22,mf_0004,Social Impact Lab,Business & Management,p2_complexity,A,B,stop,0
23,mf_0004,Social Impact Lab,Business & Management,p4_role,A,A,stop,1
24,mf_0004,Social Impact Lab,Business & Management,p5_fewshot,A,A,stop,1
25,mf_0005,International Financial Reporting Standards (IFRS),Tax & Accounting,p1_format,E,E,stop,1
26,mf_0005,International Financial Reporting Standards (IFRS),Tax & Accounting,p1_format_soft,E,E,stop,1
27,mf_0005,International Financial Reporting Standards (IFRS),Tax & Accounting,p2_complexity,E,E,stop,1
28,mf_0005,International Financial Reporting Standards (IFRS),Tax & Accounting,p4_role,E,E,stop,1
29,mf_0005,International Financial Reporting Standards (IFRS),Tax & Accounting,p5_fewshot,E,E,stop,1
30,mf_0006,Tax and legal news 4 November 2016,Tax & Accounting,p1_format,E,E,stop,1
31,mf_0006,Tax and legal news 4 November 2016,Tax & Accounting,p1_format_soft,E,E,stop,1
32,mf_0006,Tax and legal news 4 November 2016,Tax & Accounting,p2_complexity,E,E,stop,1
33,mf_0006,Tax and legal news 4 November 2016,Tax & Accounting,p4_role,E,E,stop,1
34,mf_0006,Tax and legal news 4 November 2016,Tax & Accounting,p5_fewshot,E,E,stop,1
35,mf_0007,Financial Crime,Government & Controls,p1_format,C,B,stop,0
36,mf_0007,Financial Crime,Government & Controls,p1_format_soft,C,B,stop,0
37,mf_0007,Financial Crime,Government & Controls,p2_complexity,C,B,stop,0
38,mf_0007,Financial Crime,Government & Controls,p4_role,C,B,stop,0
39,mf_0007,Financial Crime,Government & Controls,p5_fewshot,C,B,stop,0
40,mf_0008,"Information Technologies Organisation, Process and Control Services",Technology,p1_format,F,F,stop,1
41,mf_0008,"Information Technologies Organisation, Process and Control Services",Technology,p1_format_soft,F,F,stop,1
42,mf_0008,"Information Technologies Organisation, Process and Control Services",Technology,p2_complexity,F,F,stop,1
43,mf_0008,"Information Technologies Organisation, Process and Control Services",Technology,p4_role,F,F,stop,1
44,mf_0008,"Information Technologies Organisation, Process and Control Services",Technology,p5_fewshot,F,F,stop,1
45,mf_0009,PwC’s Global Artificial Intelligence Study: Sizing the prize,Technology,p1_format,F,F,stop,1
46,mf_0009,PwC’s Global Artificial Intelligence Study: Sizing the prize,Technology,p1_format_soft,F,F,stop,1
47,mf_0009,PwC’s Global Artificial Intelligence Study: Sizing the prize,Technology,p2_complexity,F,F,stop,1
48,mf_0009,PwC’s Global Artificial Intelligence Study: Sizing the prize,Technology,p4_role,F,F,stop,1
49,mf_0009,PwC’s Global Artificial Intelligence Study: Sizing the prize,Technology,p5_fewshot,F,F,stop,1
50,mf_0010,"Information Technologies Transformation, Strategy and Governance Services",Technology,p1_format,F,F,stop,1
51,mf_0010,"Information Technologies Transformation, Strategy and Governance Services",Technology,p1_format_soft,F,F,stop,1
52,mf_0010,"Information Technologies Transformation, Strategy and Governance Services",Technology,p2_complexity,F,F,stop,1
53,mf_0010,"Information Technologies Transformation, Strategy and Governance Services",Technology,p4_role,F,F,stop,1
54,mf_0010,"Information Technologies Transformation, Strategy and Governance Services",Technology,p5_fewshot,F,F,stop,1
55,mf_0011,Avoid Earnings Surprises after closing an M&A acquisition,Finance,p1_format,B,B,stop,1
56,mf_0011,Avoid Earnings Surprises after closing an M&A acquisition,Finance,p1_format_soft,B,B,stop,1
57,mf_0011,Avoid Earnings Surprises after closing an M&A acquisition,Finance,p2_complexity,B,B,stop,1
58,mf_0011,Avoid Earnings Surprises after closing an M&A acquisition,Finance,p4_role,B,B,stop,1
59,mf_0011,Avoid Earnings Surprises after closing an M&A acquisition,Finance,p5_fewshot,B,B,stop,1
60,mf_0012,Global Entertainment & Media Outlook 2018–2022,Industry,p1_format,D,D,stop,1
61,mf_0012,Global Entertainment & Media Outlook 2018–2022,Industry,p1_format_soft,D,D,stop,1
62,mf_0012,Global Entertainment & Media Outlook 2018–2022,Industry,p2_complexity,D,D,stop,1
63,mf_0012,Global Entertainment & Media Outlook 2018–2022,Industry,p4_role,D,D,stop,1
64,mf_0012,Global Entertainment & Media Outlook 2018–2022,Industry,p5_fewshot,D,D,stop,1
65,mf_0013,Transcript: Tax bulletins summary / October 2019,Tax & Accounting,p1_format,E,E,stop,1
66,mf_0013,Transcript: Tax bulletins summary / October 2019,Tax & Accounting,p1_format_soft,E,E,stop,1
67,mf_0013,Transcript: Tax bulletins summary / October 2019,Tax & Accounting,p2_complexity,E,E,stop,1
68,mf_0013,Transcript: Tax bulletins summary / October 2019,Tax & Accounting,p4_role,E,E,stop,1
69,mf_0013,Transcript: Tax bulletins summary / October 2019,Tax & Accounting,p5_fewshot,E,E,stop,1
70,mf_0014,Global study on CEO trends indicates a significant uptick in CEOs forced out of office for ethical lapses,Business & Management,p1_format,A,A,stop,1
71,mf_0014,Global study on CEO trends indicates a significant uptick in CEOs forced out of office for ethical lapses,Business & Management,p1_format_soft,A,A,stop,1
72,mf_0014,Global study on CEO trends indicates a significant uptick in CEOs forced out of office for ethical lapses,Business & Management,p2_complexity,A,A,stop,1
73,mf_0014,Global study on CEO trends indicates a significant uptick in CEOs forced out of office for ethical lapses,Business & Management,p4_role,A,A,stop,1
74,mf_0014,Global study on CEO trends indicates a significant uptick in CEOs forced out of office for ethical lapses,Business & Management,p5_fewshot,A,A,stop,1
75,mf_0015,"It’s time for family businesses to seize the opportunity of gender balance: Renate de Lange, PwC",Business & Management,p1_format,A,A,stop,1
76,mf_0015,"It’s time for family businesses to seize the opportunity of gender balance: Renate de Lange, PwC",Business & Management,p1_format_soft,A,A,stop,1
77,mf_0015,"It’s time for family businesses to seize the opportunity of gender balance: Renate de Lange, PwC",Business & Management,p2_complexity,A,A,stop,1
78,mf_0015,"It’s time for family businesses to seize the opportunity of gender balance: Renate de Lange, PwC",Business & Management,p4_role,A,A,stop,1
79,mf_0015,"It’s time for family businesses to seize the opportunity of gender balance: Renate de Lange, PwC",Business & Management,p5_fewshot,A,A,stop,1
80,mf_0016,Emerging Trends in Real Estate: Europe 2017,Industry,p1_format,D,D,stop,1
81,mf_0016,Emerging Trends in Real Estate: Europe 2017,Industry,p1_format_soft,D,D,stop,1
82,mf_0016,Emerging Trends in Real Estate: Europe 2017,Industry,p2_complexity,D,D,stop,1
83,mf_0016,Emerging Trends in Real Estate: Europe 2017,Industry,p4_role,D,D,stop,1
84,mf_0016,Emerging Trends in Real Estate: Europe 2017,Industry,p5_fewshot,D,D,stop,1
85,mf_0017,PwC’s M&A team ranked as Poland’s deals leader by Mergermarket,Finance,p1_format,B,B,stop,1
86,mf_0017,PwC’s M&A team ranked as Poland’s deals leader by Mergermarket,Finance,p1_format_soft,B,B,stop,1
87,mf_0017,PwC’s M&A team ranked as Poland’s deals leader by Mergermarket,Finance,p2_complexity,B,B,stop,1
88,mf_0017,PwC’s M&A team ranked as Poland’s deals leader by Mergermarket,Finance,p4_role,B,B,stop,1
89,mf_0017,PwC’s M&A team ranked as Poland’s deals leader by Mergermarket,Finance,p5_fewshot,B,B,stop,1
90,mf_0018,Healthcare revenue cycles remain complex,Industry,p1_format,D,B,stop,0
91,mf_0018,Healthcare revenue cycles remain complex,Industry,p1_format_soft,D,B,stop,0
92,mf_0018,Healthcare revenue cycles remain complex,Industry,p2_complexity,D,B,stop,0
93,mf_0018,Healthcare revenue cycles remain complex,Industry,p4_role,D,B,stop,0
94,mf_0018,Healthcare revenue cycles remain complex,Industry,p5_fewshot,D,E,stop,0
95,mf_0019,Cyber risk considerations and impacts,Technology,p1_format,F,F,stop,1
96,mf_0019,Cyber risk considerations and impacts,Technology,p1_format_soft,F,F,stop,1
97,mf_0019,Cyber risk considerations and impacts,Technology,p2_complexity,F,F,stop,1
98,mf_0019,Cyber risk considerations and impacts,Technology,p4_role,F,F,stop,1
99,mf_0019,Cyber risk considerations and impacts,Technology,p5_fewshot,F,F,stop,1
100,mf_0020,"European Council conclusions: Fairness, efficiency, and conforming to the digitalization as key areas of European tax policy",Tax & Accounting,p1_format,E,E,stop,1
101,mf_0020,"European Council conclusions: Fairness, efficiency, and conforming to the digitalization as key areas of European tax policy",Tax & Accounting,p1_format_soft,E,E,stop,1
102,mf_0020,"European Council conclusions: Fairness, efficiency, and conforming to the digitalization as key areas of European tax policy",Tax & Accounting,p2_complexity,E,E,stop,1
103,mf_0020,"European Council conclusions: Fairness, efficiency, and conforming to the digitalization as key areas of European tax policy",Tax & Accounting,p4_role,E,E,stop,1
104,mf_0020,"European Council conclusions: Fairness, efficiency, and conforming to the digitalization as key areas of European tax policy",Tax & Accounting,p5_fewshot,E,E,stop,1
105,mf_0021,People and organisation,Business & Management,p1_format,A,A,stop,1
106,mf_0021,People and organisation,Business & Management,p1_format_soft,A,A,stop,1
107,mf_0021,People and organisation,Business & Management,p2_complexity,A,A,stop,1
108,mf_0021,People and organisation,Business & Management,p4_role,A,A,stop,1
109,mf_0021,People and organisation,Business & Management,p5_fewshot,A,A,stop,1
110,mf_0022,Key findings from the global Oil and Gas industry,Industry,p1_format,D,D,stop,1
111,mf_0022,Key findings from the global Oil and Gas industry,Industry,p1_format_soft,D,D,stop,1
112,mf_0022,Key findings from the global Oil and Gas industry,Industry,p2_complexity,D,D,stop,1
113,mf_0022,Key findings from the global Oil and Gas industry,Industry,p4_role,D,D,stop,1
114,mf_0022,Key findings from the global Oil and Gas industry,Industry,p5_fewshot,D,D,stop,1
115,mf_0023,Environmental stewardship,Business & Management,p1_format,A,A,stop,1
116,mf_0023,Environmental stewardship,Business & Management,p1_format_soft,A,A,stop,1
117,mf_0023,Environmental stewardship,Business & Management,p2_complexity,A,A,stop,1
118,mf_0023,Environmental stewardship,Business & Management,p4_role,A,A,stop,1
119,mf_0023,Environmental stewardship,Business & Management,p5_fewshot,A,A,stop,1
120,mf_0024,Q&A What is blockchain?,Technology,p1_format,F,F,stop,1
121,mf_0024,Q&A What is blockchain?,Technology,p1_format_soft,F,F,stop,1
122,mf_0024,Q&A What is blockchain?,Technology,p2_complexity,F,F,stop,1
123,mf_0024,Q&A What is blockchain?,Technology,p4_role,F,F,stop,1
124,mf_0024,Q&A What is blockchain?,Technology,p5_fewshot,F,F,stop,1
125,mf_0025,Winners of the Healthy Sense Award have been announced,Industry,p1_format,D,A,stop,0
126,mf_0025,Winners of the Healthy Sense Award have been announced,Industry,p1_format_soft,D,A,stop,0
127,mf_0025,Winners of the Healthy Sense Award have been announced,Industry,p2_complexity,D,A,stop,0
128,mf_0025,Winners of the Healthy Sense Award have been announced,Industry,p4_role,D,A,stop,0
129,mf_0025,Winners of the Healthy Sense Award have been announced,Industry,p5_fewshot,D,A,stop,0
130,mf_0026,I Fintech and you? and you? and you? and you?,Finance,p1_format,B,F,stop,0
131,mf_0026,I Fintech and you? and you? and you? and you?,Finance,p1_format_soft,B,F,stop,0
132,mf_0026,I Fintech and you? and you? and you? and you?,Finance,p2_complexity,B,B,stop,1
133,mf_0026,I Fintech and you? and you? and you? and you?,Finance,p4_role,B,F,stop,0
134,mf_0026,I Fintech and you? and you? and you? and you?,Finance,p5_fewshot,B,F,stop,0
135,mf_0027,SAP Centre of Excellence,Technology,p1_format,F,F,stop,1
136,mf_0027,SAP Centre of Excellence,Technology,p1_format_soft,F,F,stop,1
137,mf_0027,SAP Centre of Excellence,Technology,p2_complexity,F,F,stop,1
138,mf_0027,SAP Centre of Excellence,Technology,p4_role,F,F,stop,1
139,mf_0027,SAP Centre of Excellence,Technology,p5_fewshot,F,F,stop,1
140,mf_0028,"IFRS news, August 2017",Tax & Accounting,p1_format,E,E,stop,1
141,mf_0028,"IFRS news, August 2017",Tax & Accounting,p1_format_soft,E,E,stop,1
142,mf_0028,"IFRS news, August 2017",Tax & Accounting,p2_complexity,E,E,stop,1
143,mf_0028,"IFRS news, August 2017",Tax & Accounting,p4_role,E,E,stop,1
144,mf_0028,"IFRS news, August 2017",Tax & Accounting,p5_fewshot,E,E,stop,1
145,mf_0029,PwC to drive security and compliance with new cybersecurity suite,Technology,p1_format,F,F,stop,1
146,mf_0029,PwC to drive security and compliance with new cybersecurity suite,Technology,p1_format_soft,F,F,stop,1
147,mf_0029,PwC to drive security and compliance with new cybersecurity suite,Technology,p2_complexity,F,F,stop,1
148,mf_0029,PwC to drive security and compliance with new cybersecurity suite,Technology,p4_role,F,F,stop,1
149,mf_0029,PwC to drive security and compliance with new cybersecurity suite,Technology,p5_fewshot,F,F,stop,1
150,mf_0030,The New Class of Digital Leaders,Technology,p1_format,F,F,stop,1
151,mf_0030,The New Class of Digital Leaders,Technology,p1_format_soft,F,F,stop,1
152,mf_0030,The New Class of Digital Leaders,Technology,p2_complexity,F,F,stop,1
153,mf_0030,The New Class of Digital Leaders,Technology,p4_role,F,F,stop,1
154,mf_0030,The New Class of Digital Leaders,Technology,p5_fewshot,F,F,stop,1
155,mf_0031,Healthcare providers must create agile digital architecture,Industry,p1_format,D,F,stop,0
156,mf_0031,Healthcare providers must create agile digital architecture,Industry,p1_format_soft,D,F,stop,0
157,mf_0031,Healthcare providers must create agile digital architecture,Industry,p2_complexity,D,F,stop,0
158,mf_0031,Healthcare providers must create agile digital architecture,Industry,p4_role,D,F,stop,0
159,mf_0031,Healthcare providers must create agile digital architecture,Industry,p5_fewshot,D,F,stop,0
160,mf_0032,COVID-19,Industry,p1_format,D,C,stop,0
161,mf_0032,COVID-19,Industry,p1_format_soft,D,C,stop,0
162,mf_0032,COVID-19,Industry,p2_complexity,D,B,stop,0
163,mf_0032,COVID-19,Industry,p4_role,D,C,stop,0
164,mf_0032,COVID-19,Industry,p5_fewshot,D,C,stop,0
165,mf_0033,"Type of deal: Debt advisory Sector: Energy
",Industry,p1_format,D,B,stop,0
166,mf_0033,"Type of deal: Debt advisory Sector: Energy
",Industry,p1_format_soft,D,B,stop,0
167,mf_0033,"Type of deal: Debt advisory Sector: Energy
",Industry,p2_complexity,D,B,stop,0
168,mf_0033,"Type of deal: Debt advisory Sector: Energy
",Industry,p4_role,D,B,stop,0
169,mf_0033,"Type of deal: Debt advisory Sector: Energy
",Industry,p5_fewshot,D,B,stop,0
170,mf_0034,Linking ESG to financing and investment activities,Business & Management,p1_format,A,B,stop,0
171,mf_0034,Linking ESG to financing and investment activities,Business & Management,p1_format_soft,A,B,stop,0
172,mf_0034,Linking ESG to financing and investment activities,Business & Management,p2_complexity,A,B,stop,0
173,mf_0034,Linking ESG to financing and investment activities,Business & Management,p4_role,A,B,stop,0
174,mf_0034,Linking ESG to financing and investment activities,Business & Management,p5_fewshot,A,B,stop,0
175,mf_0035,Government/Public Services,Government & Controls,p1_format,C,C,stop,1
176,mf_0035,Government/Public Services,Government & Controls,p1_format_soft,C,C,stop,1
177,mf_0035,Government/Public Services,Government & Controls,p2_complexity,C,C,stop,1
178,mf_0035,Government/Public Services,Government & Controls,p4_role,C,C,stop,1
179,mf_0035,Government/Public Services,Government & Controls,p5_fewshot,C,C,stop,1
180,mf_0036,Ethics & Compliance Management,Government & Controls,p1_format,C,A,stop,0
181,mf_0036,Ethics & Compliance Management,Government & Controls,p1_format_soft,C,A,stop,0
182,mf_0036,Ethics & Compliance Management,Government & Controls,p2_complexity,C,C,stop,1
183,mf_0036,Ethics & Compliance Management,Government & Controls,p4_role,C,C,stop,1
184,mf_0036,Ethics & Compliance Management,Government & Controls,p5_fewshot,C,C,stop,1
185,mf_0037,Hospitality Industry,Industry,p1_format,D,D,stop,1
186,mf_0037,Hospitality Industry,Industry,p1_format_soft,D,D,stop,1
187,mf_0037,Hospitality Industry,Industry,p2_complexity,D,D,stop,1
188,mf_0037,Hospitality Industry,Industry,p4_role,D,D,stop,1
189,mf_0037,Hospitality Industry,Industry,p5_fewshot,D,D,stop,1
190,mf_0038,Greek real estate taxation: a brief summary 2019,Industry,p1_format,D,E,stop,0
191,mf_0038,Greek real estate taxation: a brief summary 2019,Industry,p1_format_soft,D,E,stop,0
192,mf_0038,Greek real estate taxation: a brief summary 2019,Industry,p2_complexity,D,E,stop,0
193,mf_0038,Greek real estate taxation: a brief summary 2019,Industry,p4_role,D,E,stop,0
194,mf_0038,Greek real estate taxation: a brief summary 2019,Industry,p5_fewshot,D,E,stop,0
195,mf_0039,Tax and legal news 4 May 2017,Tax & Accounting,p1_format,E,E,stop,1
196,mf_0039,Tax and legal news 4 May 2017,Tax & Accounting,p1_format_soft,E,E,stop,1
197,mf_0039,Tax and legal news 4 May 2017,Tax & Accounting,p2_complexity,E,E,stop,1
198,mf_0039,Tax and legal news 4 May 2017,Tax & Accounting,p4_role,E,E,stop,1
199,mf_0039,Tax and legal news 4 May 2017,Tax & Accounting,p5_fewshot,E,E,stop,1
200,mf_0040,Digital Forensics and Data Analytics Solutions,Government & Controls,p1_format,C,F,stop,0
201,mf_0040,Digital Forensics and Data Analytics Solutions,Government & Controls,p1_format_soft,C,F,stop,0
202,mf_0040,Digital Forensics and Data Analytics Solutions,Government & Controls,p2_complexity,C,F,stop,0
203,mf_0040,Digital Forensics and Data Analytics Solutions,Government & Controls,p4_role,C,F,stop,0
204,mf_0040,Digital Forensics and Data Analytics Solutions,Government & Controls,p5_fewshot,C,F,stop,0
205,mf_0041,"Family, country, and community': Giving something back in South Africa: Global Family Business Survey 2016: PwC",Business & Management,p1_format,A,A,stop,1
206,mf_0041,"Family, country, and community': Giving something back in South Africa: Global Family Business Survey 2016: PwC",Business & Management,p1_format_soft,A,A,stop,1
207,mf_0041,"Family, country, and community': Giving something back in South Africa: Global Family Business Survey 2016: PwC",Business & Management,p2_complexity,A,A,stop,1
208,mf_0041,"Family, country, and community': Giving something back in South Africa: Global Family Business Survey 2016: PwC",Business & Management,p4_role,A,A,stop,1
209,mf_0041,"Family, country, and community': Giving something back in South Africa: Global Family Business Survey 2016: PwC",Business & Management,p5_fewshot,A,A,stop,1
210,mf_0042,"Tax and legal news, April 2019 ",Tax & Accounting,p1_format,E,E,stop,1
211,mf_0042,"Tax and legal news, April 2019 ",Tax & Accounting,p1_format_soft,E,E,stop,1
212,mf_0042,"Tax and legal news, April 2019 ",Tax & Accounting,p2_complexity,E,E,stop,1
213,mf_0042,"Tax and legal news, April 2019 ",Tax & Accounting,p4_role,E,E,stop,1
214,mf_0042,"Tax and legal news, April 2019 ",Tax & Accounting,p5_fewshot,E,E,stop,1
215,mf_0043,IT Applications and Software Consulting - not as straightforward as it used to be,Technology,p1_format,F,F,stop,1
216,mf_0043,IT Applications and Software Consulting - not as straightforward as it used to be,Technology,p1_format_soft,F,F,stop,1
217,mf_0043,IT Applications and Software Consulting - not as straightforward as it used to be,Technology,p2_complexity,F,F,stop,1
218,mf_0043,IT Applications and Software Consulting - not as straightforward as it used to be,Technology,p4_role,F,F,stop,1
219,mf_0043,IT Applications and Software Consulting - not as straightforward as it used to be,Technology,p5_fewshot,F,F,stop,1
220,mf_0044,Worldwide Tax Summaries 2018/2019,Tax & Accounting,p1_format,E,E,stop,1
221,mf_0044,Worldwide Tax Summaries 2018/2019,Tax & Accounting,p1_format_soft,E,E,stop,1
222,mf_0044,Worldwide Tax Summaries 2018/2019,Tax & Accounting,p2_complexity,E,E,stop,1
223,mf_0044,Worldwide Tax Summaries 2018/2019,Tax & Accounting,p4_role,E,E,stop,1
224,mf_0044,Worldwide Tax Summaries 2018/2019,Tax & Accounting,p5_fewshot,E,E,stop,1
225,mf_0045,Forensic Services,Government & Controls,p1_format,C,E,stop,0
226,mf_0045,Forensic Services,Government & Controls,p1_format_soft,C,E,stop,0
227,mf_0045,Forensic Services,Government & Controls,p2_complexity,C,E,stop,0
228,mf_0045,Forensic Services,Government & Controls,p4_role,C,E,stop,0
229,mf_0045,Forensic Services,Government & Controls,p5_fewshot,C,E,stop,0
230,mf_0046,Deal summary Coreplast Laitila Oy,Finance,p1_format,B,A,stop,0
231,mf_0046,Deal summary Coreplast Laitila Oy,Finance,p1_format_soft,B,B,stop,1
232,mf_0046,Deal summary Coreplast Laitila Oy,Finance,p2_complexity,B,B,stop,1
233,mf_0046,Deal summary Coreplast Laitila Oy,Finance,p4_role,B,B,stop,1
234,mf_0046,Deal summary Coreplast Laitila Oy,Finance,p5_fewshot,B,B,stop,1
235,mf_0047,Cédric Nidecker: Intrapreneur to the rescue,Business & Management,p1_format,A,A,stop,1
236,mf_0047,Cédric Nidecker: Intrapreneur to the rescue,Business & Management,p1_format_soft,A,A,stop,1
237,mf_0047,Cédric Nidecker: Intrapreneur to the rescue,Business & Management,p2_complexity,A,A,stop,1
238,mf_0047,Cédric Nidecker: Intrapreneur to the rescue,Business & Management,p4_role,A,A,stop,1
239,mf_0047,Cédric Nidecker: Intrapreneur to the rescue,Business & Management,p5_fewshot,A,A,stop,1
240,mf_0048,PwC at Mobile World Congress 2018,Technology,p1_format,F,F,stop,1
241,mf_0048,PwC at Mobile World Congress 2018,Technology,p1_format_soft,F,F,stop,1
242,mf_0048,PwC at Mobile World Congress 2018,Technology,p2_complexity,F,F,stop,1
243,mf_0048,PwC at Mobile World Congress 2018,Technology,p4_role,F,F,stop,1
244,mf_0048,PwC at Mobile World Congress 2018,Technology,p5_fewshot,F,F,stop,1
245,mf_0049,Consumers ready to embrace AI and robots for their healthcare needs,Industry,p1_format,D,F,stop,0
246,mf_0049,Consumers ready to embrace AI and robots for their healthcare needs,Industry,p1_format_soft,D,F,stop,0
247,mf_0049,Consumers ready to embrace AI and robots for their healthcare needs,Industry,p2_complexity,D,F,stop,0
248,mf_0049,Consumers ready to embrace AI and robots for their healthcare needs,Industry,p4_role,D,F,stop,0
249,mf_0049,Consumers ready to embrace AI and robots for their healthcare needs,Industry,p5_fewshot,D,F,stop,0
250,mf_0050,FinTech’s growing influence on Financial Services,Finance,p1_format,B,F,stop,0
251,mf_0050,FinTech’s growing influence on Financial Services,Finance,p1_format_soft,B,F,stop,0
252,mf_0050,FinTech’s growing influence on Financial Services,Finance,p2_complexity,B,F,stop,0
253,mf_0050,FinTech’s growing influence on Financial Services,Finance,p4_role,B,F,stop,0
254,mf_0050,FinTech’s growing influence on Financial Services,Finance,p5_fewshot,B,F,stop,0
255,mf_0051,Tax Services,Tax & Accounting,p1_format,E,E,stop,1
256,mf_0051,Tax Services,Tax & Accounting,p1_format_soft,E,E,stop,1
257,mf_0051,Tax Services,Tax & Accounting,p2_complexity,E,E,stop,1
258,mf_0051,Tax Services,Tax & Accounting,p4_role,E,E,stop,1
259,mf_0051,Tax Services,Tax & Accounting,p5_fewshot,E,E,stop,1
260,mf_0052,PwC to double CEE Cybersecurity team to 500,Technology,p1_format,F,F,stop,1
261,mf_0052,PwC to double CEE Cybersecurity team to 500,Technology,p1_format_soft,F,F,stop,1
262,mf_0052,PwC to double CEE Cybersecurity team to 500,Technology,p2_complexity,F,F,stop,1
263,mf_0052,PwC to double CEE Cybersecurity team to 500,Technology,p4_role,F,F,stop,1
264,mf_0052,PwC to double CEE Cybersecurity team to 500,Technology,p5_fewshot,F,F,stop,1
265,mf_0053,Total Retail 2017,Industry,p1_format,D,D,stop,1
266,mf_0053,Total Retail 2017,Industry,p1_format_soft,D,D,stop,1
267,mf_0053,Total Retail 2017,Industry,p2_complexity,D,D,stop,1
268,mf_0053,Total Retail 2017,Industry,p4_role,D,D,stop,1
269,mf_0053,Total Retail 2017,Industry,p5_fewshot,D,D,stop,1
270,mf_0054,Transaction Services,Finance,p1_format,B,B,stop,1
271,mf_0054,Transaction Services,Finance,p1_format_soft,B,B,stop,1
272,mf_0054,Transaction Services,Finance,p2_complexity,B,B,stop,1
273,mf_0054,Transaction Services,Finance,p4_role,B,B,stop,1
274,mf_0054,Transaction Services,Finance,p5_fewshot,B,B,stop,1
275,mf_0055,Changes to tax reporting digitalisation landscape during COVID-19,Tax & Accounting,p1_format,E,E,stop,1
276,mf_0055,Changes to tax reporting digitalisation landscape during COVID-19,Tax & Accounting,p1_format_soft,E,E,stop,1
277,mf_0055,Changes to tax reporting digitalisation landscape during COVID-19,Tax & Accounting,p2_complexity,E,E,stop,1
278,mf_0055,Changes to tax reporting digitalisation landscape during COVID-19,Tax & Accounting,p4_role,E,E,stop,1
279,mf_0055,Changes to tax reporting digitalisation landscape during COVID-19,Tax & Accounting,p5_fewshot,E,E,stop,1
280,mf_0056,Deal summary Family Piri / Ruukki Construction,Finance,p1_format,B,B,stop,1
281,mf_0056,Deal summary Family Piri / Ruukki Construction,Finance,p1_format_soft,B,B,stop,1
282,mf_0056,Deal summary Family Piri / Ruukki Construction,Finance,p2_complexity,B,A,stop,0
283,mf_0056,Deal summary Family Piri / Ruukki Construction,Finance,p4_role,B,A,stop,0
284,mf_0056,Deal summary Family Piri / Ruukki Construction,Finance,p5_fewshot,B,B,stop,1
285,mf_0057,2019 Risk in Review Study,Government & Controls,p1_format,C,B,stop,0
286,mf_0057,2019 Risk in Review Study,Government & Controls,p1_format_soft,C,B,stop,0
287,mf_0057,2019 Risk in Review Study,Government & Controls,p2_complexity,C,B,stop,0
288,mf_0057,2019 Risk in Review Study,Government & Controls,p4_role,C,B,stop,0
289,mf_0057,2019 Risk in Review Study,Government & Controls,p5_fewshot,C,B,stop,0
290,mf_0058,The sweet smell of success: Innovation and internationalisation in France: Global Family Business Survey 2016: PwC,Business & Management,p1_format,A,A,stop,1
291,mf_0058,The sweet smell of success: Innovation and internationalisation in France: Global Family Business Survey 2016: PwC,Business & Management,p1_format_soft,A,A,stop,1
292,mf_0058,The sweet smell of success: Innovation and internationalisation in France: Global Family Business Survey 2016: PwC,Business & Management,p2_complexity,A,A,stop,1
293,mf_0058,The sweet smell of success: Innovation and internationalisation in France: Global Family Business Survey 2016: PwC,Business & Management,p4_role,A,A,stop,1
294,mf_0058,The sweet smell of success: Innovation and internationalisation in France: Global Family Business Survey 2016: PwC,Business & Management,p5_fewshot,A,A,stop,1
295,mf_0059,Deal summary Mankkaan Taksi Oy / Cabonline Group,Finance,p1_format,B,A,stop,0
296,mf_0059,Deal summary Mankkaan Taksi Oy / Cabonline Group,Finance,p1_format_soft,B,A,stop,0
297,mf_0059,Deal summary Mankkaan Taksi Oy / Cabonline Group,Finance,p2_complexity,B,A,stop,0
298,mf_0059,Deal summary Mankkaan Taksi Oy / Cabonline Group,Finance,p4_role,B,A,stop,0
299,mf_0059,Deal summary Mankkaan Taksi Oy / Cabonline Group,Finance,p5_fewshot,B,B,stop,1
300,mf_0060,The World in 2050,Government & Controls,p1_format,C,B,stop,0
301,mf_0060,The World in 2050,Government & Controls,p1_format_soft,C,F,stop,0
302,mf_0060,The World in 2050,Government & Controls,p2_complexity,C,B,stop,0
303,mf_0060,The World in 2050,Government & Controls,p4_role,C,B,stop,0
304,mf_0060,The World in 2050,Government & Controls,p5_fewshot,C,F,stop,0
305,mf_0061,IFRS disclosure checklist 2012,Tax & Accounting,p1_format,E,E,stop,1
306,mf_0061,IFRS disclosure checklist 2012,Tax & Accounting,p1_format_soft,E,E,stop,1
307,mf_0061,IFRS disclosure checklist 2012,Tax & Accounting,p2_complexity,E,E,stop,1
308,mf_0061,IFRS disclosure checklist 2012,Tax & Accounting,p4_role,E,E,stop,1
309,mf_0061,IFRS disclosure checklist 2012,Tax & Accounting,p5_fewshot,E,E,stop,1
310,mf_0062,Deal summary Caverion Corporation / Huurre Group Oy,Finance,p1_format,B,B,stop,1
311,mf_0062,Deal summary Caverion Corporation / Huurre Group Oy,Finance,p1_format_soft,B,B,stop,1
312,mf_0062,Deal summary Caverion Corporation / Huurre Group Oy,Finance,p2_complexity,B,B,stop,1
313,mf_0062,Deal summary Caverion Corporation / Huurre Group Oy,Finance,p4_role,B,A,stop,0
314,mf_0062,Deal summary Caverion Corporation / Huurre Group Oy,Finance,p5_fewshot,B,A,stop,0
315,mf_0063,New Chief Data Scientist for PwC Finland,Technology,p1_format,F,F,stop,1
316,mf_0063,New Chief Data Scientist for PwC Finland,Technology,p1_format_soft,F,F,stop,1
317,mf_0063,New Chief Data Scientist for PwC Finland,Technology,p2_complexity,F,F,stop,1
318,mf_0063,New Chief Data Scientist for PwC Finland,Technology,p4_role,F,F,stop,1
319,mf_0063,New Chief Data Scientist for PwC Finland,Technology,p5_fewshot,F,F,stop,1
320,mf_0064,Tax Flash: Incentives for the establishment of Shared Services Centers in Greece,Tax & Accounting,p1_format,E,E,stop,1
321,mf_0064,Tax Flash: Incentives for the establishment of Shared Services Centers in Greece,Tax & Accounting,p1_format_soft,E,E,stop,1
322,mf_0064,Tax Flash: Incentives for the establishment of Shared Services Centers in Greece,Tax & Accounting,p2_complexity,E,E,stop,1
323,mf_0064,Tax Flash: Incentives for the establishment of Shared Services Centers in Greece,Tax & Accounting,p4_role,E,E,stop,1
324,mf_0064,Tax Flash: Incentives for the establishment of Shared Services Centers in Greece,Tax & Accounting,p5_fewshot,E,E,stop,1
325,mf_0065,European cities hotel forecast,Industry,p1_format,D,D,stop,1
326,mf_0065,European cities hotel forecast,Industry,p1_format_soft,D,D,stop,1
327,mf_0065,European cities hotel forecast,Industry,p2_complexity,D,D,stop,1
328,mf_0065,European cities hotel forecast,Industry,p4_role,D,D,stop,1
329,mf_0065,European cities hotel forecast,Industry,p5_fewshot,D,D,stop,1
330,mf_0066,The Global State of Information Security Survey: 2017,Technology,p1_format,F,F,stop,1
331,mf_0066,The Global State of Information Security Survey: 2017,Technology,p1_format_soft,F,F,stop,1
332,mf_0066,The Global State of Information Security Survey: 2017,Technology,p2_complexity,F,F,stop,1
333,mf_0066,The Global State of Information Security Survey: 2017,Technology,p4_role,F,F,stop,1
334,mf_0066,The Global State of Information Security Survey: 2017,Technology,p5_fewshot,F,F,stop,1
335,mf_0067,Audit and Assurance Services,Tax & Accounting,p1_format,E,E,stop,1
336,mf_0067,Audit and Assurance Services,Tax & Accounting,p1_format_soft,E,E,stop,1
337,mf_0067,Audit and Assurance Services,Tax & Accounting,p2_complexity,E,E,stop,1
338,mf_0067,Audit and Assurance Services,Tax & Accounting,p4_role,E,E,stop,1
339,mf_0067,Audit and Assurance Services,Tax & Accounting,p5_fewshot,E,E,stop,1
340,mf_0068,Tech breakthroughs megatrend: how to prepare for its impact,Technology,p1_format,F,F,stop,1
341,mf_0068,Tech breakthroughs megatrend: how to prepare for its impact,Technology,p1_format_soft,F,F,stop,1
342,mf_0068,Tech breakthroughs megatrend: how to prepare for its impact,Technology,p2_complexity,F,F,stop,1
343,mf_0068,Tech breakthroughs megatrend: how to prepare for its impact,Technology,p4_role,F,F,stop,1
344,mf_0068,Tech breakthroughs megatrend: how to prepare for its impact,Technology,p5_fewshot,F,F,stop,1
345,mf_0069,Fit for Growth - Strategy&,Business & Management,p1_format,A,A,stop,1
346,mf_0069,Fit for Growth - Strategy&,Business & Management,p1_format_soft,A,A,stop,1
347,mf_0069,Fit for Growth - Strategy&,Business & Management,p2_complexity,A,A,stop,1
348,mf_0069,Fit for Growth - Strategy&,Business & Management,p4_role,A,A,stop,1
349,mf_0069,Fit for Growth - Strategy&,Business & Management,p5_fewshot,A,A,stop,1
350,mf_0070,Global wage projections to 2030,Government & Controls,p1_format,C,A,stop,0
351,mf_0070,Global wage projections to 2030,Government & Controls,p1_format_soft,C,A,stop,0
352,mf_0070,Global wage projections to 2030,Government & Controls,p2_complexity,C,A,stop,0
353,mf_0070,Global wage projections to 2030,Government & Controls,p4_role,C,A,stop,0
354,mf_0070,Global wage projections to 2030,Government & Controls,p5_fewshot,C,B,stop,0
355,mf_0071,Diploma in IFRS by ACCA,Tax & Accounting,p1_format,E,E,stop,1
356,mf_0071,Diploma in IFRS by ACCA,Tax & Accounting,p1_format_soft,E,E,stop,1
357,mf_0071,Diploma in IFRS by ACCA,Tax & Accounting,p2_complexity,E,E,stop,1
358,mf_0071,Diploma in IFRS by ACCA,Tax & Accounting,p4_role,E,E,stop,1
359,mf_0071,Diploma in IFRS by ACCA,Tax & Accounting,p5_fewshot,E,E,stop,1
360,mf_0072,Asset Management 2020 – A Brave New World,Finance,p1_format,B,B,stop,1
361,mf_0072,Asset Management 2020 – A Brave New World,Finance,p1_format_soft,B,B,stop,1
362,mf_0072,Asset Management 2020 – A Brave New World,Finance,p2_complexity,B,B,stop,1
363,mf_0072,Asset Management 2020 – A Brave New World,Finance,p4_role,B,B,stop,1
364,mf_0072,Asset Management 2020 – A Brave New World,Finance,p5_fewshot,B,B,stop,1
365,mf_0073,The Healthy Sense Award: applications are now open,Industry,p1_format,D,A,stop,0
366,mf_0073,The Healthy Sense Award: applications are now open,Industry,p1_format_soft,D,A,stop,0
367,mf_0073,The Healthy Sense Award: applications are now open,Industry,p2_complexity,D,D,stop,1
368,mf_0073,The Healthy Sense Award: applications are now open,Industry,p4_role,D,A,stop,0
369,mf_0073,The Healthy Sense Award: applications are now open,Industry,p5_fewshot,D,A,stop,0
370,mf_0074,Compliance in 2025 - Resilience: A journal of strategy and risk,Government & Controls,p1_format,C,C,stop,1
371,mf_0074,Compliance in 2025 - Resilience: A journal of strategy and risk,Government & Controls,p1_format_soft,C,C,stop,1
372,mf_0074,Compliance in 2025 - Resilience: A journal of strategy and risk,Government & Controls,p2_complexity,C,A,stop,0
373,mf_0074,Compliance in 2025 - Resilience: A journal of strategy and risk,Government & Controls,p4_role,C,C,stop,1
374,mf_0074,Compliance in 2025 - Resilience: A journal of strategy and risk,Government & Controls,p5_fewshot,C,C,stop,1
375,mf_0075,"Tax and legal news, November 2018",Tax & Accounting,p1_format,E,E,stop,1
376,mf_0075,"Tax and legal news, November 2018",Tax & Accounting,p1_format_soft,E,E,stop,1
377,mf_0075,"Tax and legal news, November 2018",Tax & Accounting,p2_complexity,E,E,stop,1
378,mf_0075,"Tax and legal news, November 2018",Tax & Accounting,p4_role,E,E,stop,1
379,mf_0075,"Tax and legal news, November 2018",Tax & Accounting,p5_fewshot,E,E,stop,1
380,mf_0076,Commercial and market due diligence,Finance,p1_format,B,B,stop,1
381,mf_0076,Commercial and market due diligence,Finance,p1_format_soft,B,B,stop,1
382,mf_0076,Commercial and market due diligence,Finance,p2_complexity,B,A,stop,0
383,mf_0076,Commercial and market due diligence,Finance,p4_role,B,B,stop,1
384,mf_0076,Commercial and market due diligence,Finance,p5_fewshot,B,B,stop,1
385,mf_0077,Retail tax in Poland | Tax provision is legal,Industry,p1_format,D,E,stop,0
386,mf_0077,Retail tax in Poland | Tax provision is legal,Industry,p1_format_soft,D,E,stop,0
387,mf_0077,Retail tax in Poland | Tax provision is legal,Industry,p2_complexity,D,E,stop,0
388,mf_0077,Retail tax in Poland | Tax provision is legal,Industry,p4_role,D,E,stop,0
389,mf_0077,Retail tax in Poland | Tax provision is legal,Industry,p5_fewshot,D,E,stop,0
390,mf_0078,Human rights statement,Business & Management,p1_format,A,C,stop,0
391,mf_0078,Human rights statement,Business & Management,p1_format_soft,A,C,stop,0
392,mf_0078,Human rights statement,Business & Management,p2_complexity,A,C,stop,0
393,mf_0078,Human rights statement,Business & Management,p4_role,A,C,stop,0
394,mf_0078,Human rights statement,Business & Management,p5_fewshot,A,C,stop,0
395,mf_0079,Innovation and entrepreneurship,Business & Management,p1_format,A,A,stop,1
396,mf_0079,Innovation and entrepreneurship,Business & Management,p1_format_soft,A,A,stop,1
397,mf_0079,Innovation and entrepreneurship,Business & Management,p2_complexity,A,A,stop,1
398,mf_0079,Innovation and entrepreneurship,Business & Management,p4_role,A,A,stop,1
399,mf_0079,Innovation and entrepreneurship,Business & Management,p5_fewshot,A,A,stop,1
400,mf_0080,PwC's CXO Survey 2018,Business & Management,p1_format,A,A,stop,1
401,mf_0080,PwC's CXO Survey 2018,Business & Management,p1_format_soft,A,A,stop,1
402,mf_0080,PwC's CXO Survey 2018,Business & Management,p2_complexity,A,A,stop,1
403,mf_0080,PwC's CXO Survey 2018,Business & Management,p4_role,A,A,stop,1
404,mf_0080,PwC's CXO Survey 2018,Business & Management,p5_fewshot,A,A,stop,1
405,mf_0081,Emerging Markets: Driving the payments transformation,Finance,p1_format,B,F,stop,0
406,mf_0081,Emerging Markets: Driving the payments transformation,Finance,p1_format_soft,B,B,stop,1
407,mf_0081,Emerging Markets: Driving the payments transformation,Finance,p2_complexity,B,F,stop,0
408,mf_0081,Emerging Markets: Driving the payments transformation,Finance,p4_role,B,F,stop,0
409,mf_0081,Emerging Markets: Driving the payments transformation,Finance,p5_fewshot,B,F,stop,0
410,mf_0082,From Przemyśl to premieres: Growing a global brand in Poland: Global Family Business Survey 2016: PwC,Business & Management,p1_format,A,A,stop,1
411,mf_0082,From Przemyśl to premieres: Growing a global brand in Poland: Global Family Business Survey 2016: PwC,Business & Management,p1_format_soft,A,A,stop,1
412,mf_0082,From Przemyśl to premieres: Growing a global brand in Poland: Global Family Business Survey 2016: PwC,Business & Management,p2_complexity,A,A,stop,1
413,mf_0082,From Przemyśl to premieres: Growing a global brand in Poland: Global Family Business Survey 2016: PwC,Business & Management,p4_role,A,A,stop,1
414,mf_0082,From Przemyśl to premieres: Growing a global brand in Poland: Global Family Business Survey 2016: PwC,Business & Management,p5_fewshot,A,A,stop,1
415,mf_0083,Companies shifting more R&D spending away from physical products to software and services: 2016 Global Innovation 1000 Study,Business & Management,p1_format,A,F,stop,0
416,mf_0083,Companies shifting more R&D spending away from physical products to software and services: 2016 Global Innovation 1000 Study,Business & Management,p1_format_soft,A,F,stop,0
417,mf_0083,Companies shifting more R&D spending away from physical products to software and services: 2016 Global Innovation 1000 Study,Business & Management,p2_complexity,A,F,stop,0
418,mf_0083,Companies shifting more R&D spending away from physical products to software and services: 2016 Global Innovation 1000 Study,Business & Management,p4_role,A,F,stop,0
419,mf_0083,Companies shifting more R&D spending away from physical products to software and services: 2016 Global Innovation 1000 Study,Business & Management,p5_fewshot,A,F,stop,0
420,mf_0084,Deal summary Europcar franchises in Finland and Norway / Europcar Mobility Group SA,Finance,p1_format,B,A,stop,0
421,mf_0084,Deal summary Europcar franchises in Finland and Norway / Europcar Mobility Group SA,Finance,p1_format_soft,B,A,stop,0
422,mf_0084,Deal summary Europcar franchises in Finland and Norway / Europcar Mobility Group SA,Finance,p2_complexity,B,A,stop,0
423,mf_0084,Deal summary Europcar franchises in Finland and Norway / Europcar Mobility Group SA,Finance,p4_role,B,A,stop,0
424,mf_0084,Deal summary Europcar franchises in Finland and Norway / Europcar Mobility Group SA,Finance,p5_fewshot,B,A,stop,0
425,mf_0085,Creating value beyond the deal: Private Equity,Finance,p1_format,B,B,stop,1
426,mf_0085,Creating value beyond the deal: Private Equity,Finance,p1_format_soft,B,B,stop,1
427,mf_0085,Creating value beyond the deal: Private Equity,Finance,p2_complexity,B,B,stop,1
428,mf_0085,Creating value beyond the deal: Private Equity,Finance,p4_role,B,B,stop,1
429,mf_0085,Creating value beyond the deal: Private Equity,Finance,p5_fewshot,B,B,stop,1
430,mf_0086,Due diligence,Finance,p1_format,B,B,stop,1
431,mf_0086,Due diligence,Finance,p1_format_soft,B,B,stop,1
432,mf_0086,Due diligence,Finance,p2_complexity,B,B,stop,1
433,mf_0086,Due diligence,Finance,p4_role,B,B,stop,1
434,mf_0086,Due diligence,Finance,p5_fewshot,B,B,stop,1
435,mf_0087,Deal summary Procuritas AB  / Procuritas AB,Finance,p1_format,B,B,stop,1
436,mf_0087,Deal summary Procuritas AB  / Procuritas AB,Finance,p1_format_soft,B,B,stop,1
437,mf_0087,Deal summary Procuritas AB  / Procuritas AB,Finance,p2_complexity,B,B,stop,1
438,mf_0087,Deal summary Procuritas AB  / Procuritas AB,Finance,p4_role,B,B,stop,1
439,mf_0087,Deal summary Procuritas AB  / Procuritas AB,Finance,p5_fewshot,B,B,stop,1
440,mf_0088,Central Bank Digital Currency,Finance,p1_format,B,B,stop,1
441,mf_0088,Central Bank Digital Currency,Finance,p1_format_soft,B,B,stop,1
442,mf_0088,Central Bank Digital Currency,Finance,p2_complexity,B,B,stop,1
443,mf_0088,Central Bank Digital Currency,Finance,p4_role,B,B,stop,1
444,mf_0088,Central Bank Digital Currency,Finance,p5_fewshot,B,B,stop,1
445,mf_0089,BEPS Documentation Rules Enacted in Turkey,Tax & Accounting,p1_format,E,E,stop,1
446,mf_0089,BEPS Documentation Rules Enacted in Turkey,Tax & Accounting,p1_format_soft,E,E,stop,1
447,mf_0089,BEPS Documentation Rules Enacted in Turkey,Tax & Accounting,p2_complexity,E,E,stop,1
448,mf_0089,BEPS Documentation Rules Enacted in Turkey,Tax & Accounting,p4_role,E,E,stop,1
449,mf_0089,BEPS Documentation Rules Enacted in Turkey,Tax & Accounting,p5_fewshot,E,E,stop,1
450,mf_0090,Work in the European Union – taxes and contributions,Business & Management,p1_format,A,E,stop,0
451,mf_0090,Work in the European Union – taxes and contributions,Business & Management,p1_format_soft,A,E,stop,0
452,mf_0090,Work in the European Union – taxes and contributions,Business & Management,p2_complexity,A,E,stop,0
453,mf_0090,Work in the European Union – taxes and contributions,Business & Management,p4_role,A,E,stop,0
454,mf_0090,Work in the European Union – taxes and contributions,Business & Management,p5_fewshot,A,E,stop,0
455,mf_0091,Virtual reality,Technology,p1_format,F,F,stop,1
456,mf_0091,Virtual reality,Technology,p1_format_soft,F,F,stop,1
457,mf_0091,Virtual reality,Technology,p2_complexity,F,F,stop,1
458,mf_0091,Virtual reality,Technology,p4_role,F,F,stop,1
459,mf_0091,Virtual reality,Technology,p5_fewshot,F,F,stop,1
460,mf_0092,Tax and legal news 10 March 2016,Tax & Accounting,p1_format,E,E,stop,1
461,mf_0092,Tax and legal news 10 March 2016,Tax & Accounting,p1_format_soft,E,E,stop,1
462,mf_0092,Tax and legal news 10 March 2016,Tax & Accounting,p2_complexity,E,E,stop,1
463,mf_0092,Tax and legal news 10 March 2016,Tax & Accounting,p4_role,E,E,stop,1
464,mf_0092,Tax and legal news 10 March 2016,Tax & Accounting,p5_fewshot,E,E,stop,1
465,mf_0093,Newspaper publishing,Industry,p1_format,D,D,stop,1
466,mf_0093,Newspaper publishing,Industry,p1_format_soft,D,D,stop,1
467,mf_0093,Newspaper publishing,Industry,p2_complexity,D,D,stop,1
468,mf_0093,Newspaper publishing,Industry,p4_role,D,D,stop,1
469,mf_0093,Newspaper publishing,Industry,p5_fewshot,D,D,stop,1
470,mf_0094,20th CEO Survey: Key findings from the banking and capital markets industry,Finance,p1_format,B,B,stop,1
471,mf_0094,20th CEO Survey: Key findings from the banking and capital markets industry,Finance,p1_format_soft,B,B,stop,1
472,mf_0094,20th CEO Survey: Key findings from the banking and capital markets industry,Finance,p2_complexity,B,B,stop,1
473,mf_0094,20th CEO Survey: Key findings from the banking and capital markets industry,Finance,p4_role,B,B,stop,1
474,mf_0094,20th CEO Survey: Key findings from the banking and capital markets industry,Finance,p5_fewshot,B,B,stop,1
475,mf_0095,Felix Kroschke: Transportation transformer,Industry,p1_format,D,D,stop,1
476,mf_0095,Felix Kroschke: Transportation transformer,Industry,p1_format_soft,D,D,stop,1
477,mf_0095,Felix Kroschke: Transportation transformer,Industry,p2_complexity,D,A,stop,0
478,mf_0095,Felix Kroschke: Transportation transformer,Industry,p4_role,D,D,stop,1
479,mf_0095,Felix Kroschke: Transportation transformer,Industry,p5_fewshot,D,D,stop,1
480,mf_0096,Business Analytics,Technology,p1_format,F,A,stop,0
481,mf_0096,Business Analytics,Technology,p1_format_soft,F,F,stop,1
482,mf_0096,Business Analytics,Technology,p2_complexity,F,F,stop,1
483,mf_0096,Business Analytics,Technology,p4_role,F,A,stop,0
484,mf_0096,Business Analytics,Technology,p5_fewshot,F,A,stop,0
485,mf_0097,Retail and consumer,Industry,p1_format,D,D,stop,1
486,mf_0097,Retail and consumer,Industry,p1_format_soft,D,D,stop,1
487,mf_0097,Retail and consumer,Industry,p2_complexity,D,D,stop,1
488,mf_0097,Retail and consumer,Industry,p4_role,D,D,stop,1
489,mf_0097,Retail and consumer,Industry,p5_fewshot,D,D,stop,1
490,mf_0098,Reputation Management,Business & Management,p1_format,A,A,stop,1
491,mf_0098,Reputation Management,Business & Management,p1_format_soft,A,A,stop,1
492,mf_0098,Reputation Management,Business & Management,p2_complexity,A,A,stop,1
493,mf_0098,Reputation Management,Business & Management,p4_role,A,A,stop,1
494,mf_0098,Reputation Management,Business & Management,p5_fewshot,A,A,stop,1
495,mf_0099,"‘A sense of responsibility’: Family, community and nation in Oman: Global Family Business Survey 2016: PwC",Business & Management,p1_format,A,A,stop,1
496,mf_0099,"‘A sense of responsibility’: Family, community and nation in Oman: Global Family Business Survey 2016: PwC",Business & Management,p1_format_soft,A,A,stop,1
497,mf_0099,"‘A sense of responsibility’: Family, community and nation in Oman: Global Family Business Survey 2016: PwC",Business & Management,p2_complexity,A,A,stop,1
498,mf_0099,"‘A sense of responsibility’: Family, community and nation in Oman: Global Family Business Survey 2016: PwC",Business & Management,p4_role,A,A,stop,1
499,mf_0099,"‘A sense of responsibility’: Family, community and nation in Oman: Global Family Business Survey 2016: PwC",Business & Management,p5_fewshot,A,A,stop,1
500,mf_0100,Emerging Trends in Real Estate® Europe 2016,Industry,p1_format,D,D,stop,1
501,mf_0100,Emerging Trends in Real Estate® Europe 2016,Industry,p1_format_soft,D,D,stop,1
502,mf_0100,Emerging Trends in Real Estate® Europe 2016,Industry,p2_complexity,D,D,stop,1
503,mf_0100,Emerging Trends in Real Estate® Europe 2016,Industry,p4_role,D,D,stop,1
504,mf_0100,Emerging Trends in Real Estate® Europe 2016,Industry,p5_fewshot,D,D,stop,1
505,mf_0101,PwC rated as a leader in robotic process automation (RPA) service providers in health industries report by independent research firm,Technology,p1_format,F,F,stop,1
506,mf_0101,PwC rated as a leader in robotic process automation (RPA) service providers in health industries report by independent research firm,Technology,p1_format_soft,F,F,stop,1
507,mf_0101,PwC rated as a leader in robotic process automation (RPA) service providers in health industries report by independent research firm,Technology,p2_complexity,F,F,stop,1
508,mf_0101,PwC rated as a leader in robotic process automation (RPA) service providers in health industries report by independent research firm,Technology,p4_role,F,F,stop,1
509,mf_0101,PwC rated as a leader in robotic process automation (RPA) service providers in health industries report by independent research firm,Technology,p5_fewshot,F,F,stop,1
510,mf_0102,Tax Flash: Supreme Administrative Court: The solidarity contribution falls within the scope of DTTs,Tax & Accounting,p1_format,E,E,stop,1
511,mf_0102,Tax Flash: Supreme Administrative Court: The solidarity contribution falls within the scope of DTTs,Tax & Accounting,p1_format_soft,E,E,stop,1
512,mf_0102,Tax Flash: Supreme Administrative Court: The solidarity contribution falls within the scope of DTTs,Tax & Accounting,p2_complexity,E,E,stop,1
513,mf_0102,Tax Flash: Supreme Administrative Court: The solidarity contribution falls within the scope of DTTs,Tax & Accounting,p4_role,E,E,stop,1
514,mf_0102,Tax Flash: Supreme Administrative Court: The solidarity contribution falls within the scope of DTTs,Tax & Accounting,p5_fewshot,E,E,stop,1
515,mf_0103,Cybersecurity,Technology,p1_format,F,F,stop,1
516,mf_0103,Cybersecurity,Technology,p1_format_soft,F,F,stop,1
517,mf_0103,Cybersecurity,Technology,p2_complexity,F,F,stop,1
518,mf_0103,Cybersecurity,Technology,p4_role,F,F,stop,1
519,mf_0103,Cybersecurity,Technology,p5_fewshot,F,F,stop,1
520,mf_0104,European Private Business Survey 2018,Business & Management,p1_format,A,A,stop,1
521,mf_0104,European Private Business Survey 2018,Business & Management,p1_format_soft,A,A,stop,1
522,mf_0104,European Private Business Survey 2018,Business & Management,p2_complexity,A,A,stop,1
523,mf_0104,European Private Business Survey 2018,Business & Management,p4_role,A,A,stop,1
524,mf_0104,European Private Business Survey 2018,Business & Management,p5_fewshot,A,A,stop,1
525,mf_0105,People Analytics,Business & Management,p1_format,A,A,stop,1
526,mf_0105,People Analytics,Business & Management,p1_format_soft,A,A,stop,1
527,mf_0105,People Analytics,Business & Management,p2_complexity,A,A,stop,1
528,mf_0105,People Analytics,Business & Management,p4_role,A,A,stop,1
529,mf_0105,People Analytics,Business & Management,p5_fewshot,A,A,stop,1
530,mf_0106,HR Metrics & Analytics,Business & Management,p1_format,A,A,stop,1
531,mf_0106,HR Metrics & Analytics,Business & Management,p1_format_soft,A,A,stop,1
532,mf_0106,HR Metrics & Analytics,Business & Management,p2_complexity,A,A,stop,1
533,mf_0106,HR Metrics & Analytics,Business & Management,p4_role,A,A,stop,1
534,mf_0106,HR Metrics & Analytics,Business & Management,p5_fewshot,A,A,stop,1
535,mf_0107,Winning through M&A in the next recession,Finance,p1_format,B,B,stop,1
536,mf_0107,Winning through M&A in the next recession,Finance,p1_format_soft,B,B,stop,1
537,mf_0107,Winning through M&A in the next recession,Finance,p2_complexity,B,B,stop,1
538,mf_0107,Winning through M&A in the next recession,Finance,p4_role,B,B,stop,1
539,mf_0107,Winning through M&A in the next recession,Finance,p5_fewshot,B,B,stop,1
540,mf_0108,19th Annual Global CEO Survey: Key findings in the insurance sector,Finance,p1_format,B,D,stop,0
541,mf_0108,19th Annual Global CEO Survey: Key findings in the insurance sector,Finance,p1_format_soft,B,D,stop,0
542,mf_0108,19th Annual Global CEO Survey: Key findings in the insurance sector,Finance,p2_complexity,B,D,stop,0
543,mf_0108,19th Annual Global CEO Survey: Key findings in the insurance sector,Finance,p4_role,B,D,stop,0
544,mf_0108,19th Annual Global CEO Survey: Key findings in the insurance sector,Finance,p5_fewshot,B,D,stop,0
545,mf_0109,C25 by Numbers 2018,Finance,p1_format,B,B,stop,1
546,mf_0109,C25 by Numbers 2018,Finance,p1_format_soft,B,B,stop,1
547,mf_0109,C25 by Numbers 2018,Finance,p2_complexity,B,B,stop,1
548,mf_0109,C25 by Numbers 2018,Finance,p4_role,B,B,stop,1
549,mf_0109,C25 by Numbers 2018,Finance,p5_fewshot,B,B,stop,1
550,mf_0110,Cybersecurity and Privacy,Technology,p1_format,F,F,stop,1
551,mf_0110,Cybersecurity and Privacy,Technology,p1_format_soft,F,F,stop,1
552,mf_0110,Cybersecurity and Privacy,Technology,p2_complexity,F,F,stop,1
553,mf_0110,Cybersecurity and Privacy,Technology,p4_role,F,F,stop,1
554,mf_0110,Cybersecurity and Privacy,Technology,p5_fewshot,F,F,stop,1
555,mf_0111,Deal summary Pohjolan Werkonrakennus Oy / Infratek,Finance,p1_format,B,B,stop,1
556,mf_0111,Deal summary Pohjolan Werkonrakennus Oy / Infratek,Finance,p1_format_soft,B,B,stop,1
557,mf_0111,Deal summary Pohjolan Werkonrakennus Oy / Infratek,Finance,p2_complexity,B,A,stop,0
558,mf_0111,Deal summary Pohjolan Werkonrakennus Oy / Infratek,Finance,p4_role,B,A,stop,0
559,mf_0111,Deal summary Pohjolan Werkonrakennus Oy / Infratek,Finance,p5_fewshot,B,A,stop,0
560,mf_0112,ESG requirements and reporting,Business & Management,p1_format,A,B,stop,0
561,mf_0112,ESG requirements and reporting,Business & Management,p1_format_soft,A,B,stop,0
562,mf_0112,ESG requirements and reporting,Business & Management,p2_complexity,A,B,stop,0
563,mf_0112,ESG requirements and reporting,Business & Management,p4_role,A,E,stop,0
564,mf_0112,ESG requirements and reporting,Business & Management,p5_fewshot,A,E,stop,0
565,mf_0113,Strategic Portfolio Management,Business & Management,p1_format,A,B,stop,0
566,mf_0113,Strategic Portfolio Management,Business & Management,p1_format_soft,A,B,stop,0
567,mf_0113,Strategic Portfolio Management,Business & Management,p2_complexity,A,B,stop,0
568,mf_0113,Strategic Portfolio Management,Business & Management,p4_role,A,B,stop,0
569,mf_0113,Strategic Portfolio Management,Business & Management,p5_fewshot,A,B,stop,0
570,mf_0114,PwC Greece is an accredited verifier for EU Monitoring Reporting and Verification (EU MRV) for Shipping companies,Industry,p1_format,D,C,stop,0
571,mf_0114,PwC Greece is an accredited verifier for EU Monitoring Reporting and Verification (EU MRV) for Shipping companies,Industry,p1_format_soft,D,C,stop,0
572,mf_0114,PwC Greece is an accredited verifier for EU Monitoring Reporting and Verification (EU MRV) for Shipping companies,Industry,p2_complexity,D,C,stop,0
573,mf_0114,PwC Greece is an accredited verifier for EU Monitoring Reporting and Verification (EU MRV) for Shipping companies,Industry,p4_role,D,C,stop,0
574,mf_0114,PwC Greece is an accredited verifier for EU Monitoring Reporting and Verification (EU MRV) for Shipping companies,Industry,p5_fewshot,D,E,stop,0
575,mf_0115,DAC6: The EU Directive on cross-border tax arrangements,Tax & Accounting,p1_format,E,E,stop,1
576,mf_0115,DAC6: The EU Directive on cross-border tax arrangements,Tax & Accounting,p1_format_soft,E,E,stop,1
577,mf_0115,DAC6: The EU Directive on cross-border tax arrangements,Tax & Accounting,p2_complexity,E,E,stop,1
578,mf_0115,DAC6: The EU Directive on cross-border tax arrangements,Tax & Accounting,p4_role,E,E,stop,1
579,mf_0115,DAC6: The EU Directive on cross-border tax arrangements,Tax & Accounting,p5_fewshot,E,E,stop,1
580,mf_0116,2019 Digital Operations study for energy,Industry,p1_format,D,D,stop,1
581,mf_0116,2019 Digital Operations study for energy,Industry,p1_format_soft,D,D,stop,1
582,mf_0116,2019 Digital Operations study for energy,Industry,p2_complexity,D,D,stop,1
583,mf_0116,2019 Digital Operations study for energy,Industry,p4_role,D,F,stop,0
584,mf_0116,2019 Digital Operations study for energy,Industry,p5_fewshot,D,D,stop,1
585,mf_0117,Deal summary Porvoon Lääkärikeskus and Porvoon Röntgen / Mehiläinen Oy,Finance,p1_format,B,B,stop,1
586,mf_0117,Deal summary Porvoon Lääkärikeskus and Porvoon Röntgen / Mehiläinen Oy,Finance,p1_format_soft,B,A,stop,0
587,mf_0117,Deal summary Porvoon Lääkärikeskus and Porvoon Röntgen / Mehiläinen Oy,Finance,p2_complexity,B,A,stop,0
588,mf_0117,Deal summary Porvoon Lääkärikeskus and Porvoon Röntgen / Mehiläinen Oy,Finance,p4_role,B,A,stop,0
589,mf_0117,Deal summary Porvoon Lääkärikeskus and Porvoon Röntgen / Mehiläinen Oy,Finance,p5_fewshot,B,A,stop,0
590,mf_0118,Creating value beyond the deal: private equity,Finance,p1_format,B,B,stop,1
591,mf_0118,Creating value beyond the deal: private equity,Finance,p1_format_soft,B,B,stop,1
592,mf_0118,Creating value beyond the deal: private equity,Finance,p2_complexity,B,B,stop,1
593,mf_0118,Creating value beyond the deal: private equity,Finance,p4_role,B,B,stop,1
594,mf_0118,Creating value beyond the deal: private equity,Finance,p5_fewshot,B,B,stop,1
595,mf_0119,Blockchain a catalyst for new approaches in insurance,Technology,p1_format,F,F,stop,1
596,mf_0119,Blockchain a catalyst for new approaches in insurance,Technology,p1_format_soft,F,F,stop,1
597,mf_0119,Blockchain a catalyst for new approaches in insurance,Technology,p2_complexity,F,F,stop,1
598,mf_0119,Blockchain a catalyst for new approaches in insurance,Technology,p4_role,F,F,stop,1
599,mf_0119,Blockchain a catalyst for new approaches in insurance,Technology,p5_fewshot,F,F,stop,1
600,mf_0120,20th CEO Survey: Key findings from the insurance and private pension industry,Finance,p1_format,B,D,stop,0
601,mf_0120,20th CEO Survey: Key findings from the insurance and private pension industry,Finance,p1_format_soft,B,D,stop,0
602,mf_0120,20th CEO Survey: Key findings from the insurance and private pension industry,Finance,p2_complexity,B,D,stop,0
603,mf_0120,20th CEO Survey: Key findings from the insurance and private pension industry,Finance,p4_role,B,D,stop,0
604,mf_0120,20th CEO Survey: Key findings from the insurance and private pension industry,Finance,p5_fewshot,B,D,stop,0
605,mf_0121,Central Bank Digital Currency,Finance,p1_format,B,C,stop,0
606,mf_0121,Central Bank Digital Currency,Finance,p1_format_soft,B,B,stop,1
607,mf_0121,Central Bank Digital Currency,Finance,p2_complexity,B,B,stop,1
608,mf_0121,Central Bank Digital Currency,Finance,p4_role,B,B,stop,1
609,mf_0121,Central Bank Digital Currency,Finance,p5_fewshot,B,B,stop,1
610,mf_0122,Winning through M&A in the next recession,Finance,p1_format,B,B,stop,1
611,mf_0122,Winning through M&A in the next recession,Finance,p1_format_soft,B,B,stop,1
612,mf_0122,Winning through M&A in the next recession,Finance,p2_complexity,B,B,stop,1
613,mf_0122,Winning through M&A in the next recession,Finance,p4_role,B,B,stop,1
614,mf_0122,Winning through M&A in the next recession,Finance,p5_fewshot,B,B,stop,1
615,mf_0123,Effectively tackling innovation risk helps fuel organisational growth,Business & Management,p1_format,A,A,stop,1
616,mf_0123,Effectively tackling innovation risk helps fuel organisational growth,Business & Management,p1_format_soft,A,A,stop,1
617,mf_0123,Effectively tackling innovation risk helps fuel organisational growth,Business & Management,p2_complexity,A,A,stop,1
618,mf_0123,Effectively tackling innovation risk helps fuel organisational growth,Business & Management,p4_role,A,A,stop,1
619,mf_0123,Effectively tackling innovation risk helps fuel organisational growth,Business & Management,p5_fewshot,A,A,stop,1
620,mf_0124,IFRS 15 Revenue from contracts with customers,Tax & Accounting,p1_format,E,E,stop,1
621,mf_0124,IFRS 15 Revenue from contracts with customers,Tax & Accounting,p1_format_soft,E,E,stop,1
622,mf_0124,IFRS 15 Revenue from contracts with customers,Tax & Accounting,p2_complexity,E,E,stop,1
623,mf_0124,IFRS 15 Revenue from contracts with customers,Tax & Accounting,p4_role,E,E,stop,1
624,mf_0124,IFRS 15 Revenue from contracts with customers,Tax & Accounting,p5_fewshot,E,E,stop,1
625,mf_0125,The impact of Brexit on (global) trade,Government & Controls,p1_format,C,A,stop,0
626,mf_0125,The impact of Brexit on (global) trade,Government & Controls,p1_format_soft,C,A,stop,0
627,mf_0125,The impact of Brexit on (global) trade,Government & Controls,p2_complexity,C,C,stop,1
628,mf_0125,The impact of Brexit on (global) trade,Government & Controls,p4_role,C,A,stop,0
629,mf_0125,The impact of Brexit on (global) trade,Government & Controls,p5_fewshot,C,C,stop,1
630,mf_0126,Tax and legal news 24 March 2017,Tax & Accounting,p1_format,E,E,stop,1
631,mf_0126,Tax and legal news 24 March 2017,Tax & Accounting,p1_format_soft,E,E,stop,1
632,mf_0126,Tax and legal news 24 March 2017,Tax & Accounting,p2_complexity,E,E,stop,1
633,mf_0126,Tax and legal news 24 March 2017,Tax & Accounting,p4_role,E,E,stop,1
634,mf_0126,Tax and legal news 24 March 2017,Tax & Accounting,p5_fewshot,E,E,stop,1
635,mf_0127,Provisions of the simplified APA procedure to be introduced by the end of June 2019,Tax & Accounting,p1_format,E,E,stop,1
636,mf_0127,Provisions of the simplified APA procedure to be introduced by the end of June 2019,Tax & Accounting,p1_format_soft,E,E,stop,1
637,mf_0127,Provisions of the simplified APA procedure to be introduced by the end of June 2019,Tax & Accounting,p2_complexity,E,E,stop,1
638,mf_0127,Provisions of the simplified APA procedure to be introduced by the end of June 2019,Tax & Accounting,p4_role,E,E,stop,1
639,mf_0127,Provisions of the simplified APA procedure to be introduced by the end of June 2019,Tax & Accounting,p5_fewshot,E,E,stop,1
640,mf_0128,Responding to the UK business impacts of COVID-19,Business & Management,p1_format,A,A,stop,1
641,mf_0128,Responding to the UK business impacts of COVID-19,Business & Management,p1_format_soft,A,A,stop,1
642,mf_0128,Responding to the UK business impacts of COVID-19,Business & Management,p2_complexity,A,A,stop,1
643,mf_0128,Responding to the UK business impacts of COVID-19,Business & Management,p4_role,A,A,stop,1
644,mf_0128,Responding to the UK business impacts of COVID-19,Business & Management,p5_fewshot,A,A,stop,1
645,mf_0129,Industry Collaborative Cloud Market – a young but fast growing market,Technology,p1_format,F,F,stop,1
646,mf_0129,Industry Collaborative Cloud Market – a young but fast growing market,Technology,p1_format_soft,F,D,stop,0
647,mf_0129,Industry Collaborative Cloud Market – a young but fast growing market,Technology,p2_complexity,F,F,stop,1
648,mf_0129,Industry Collaborative Cloud Market – a young but fast growing market,Technology,p4_role,F,F,stop,1
649,mf_0129,Industry Collaborative Cloud Market – a young but fast growing market,Technology,p5_fewshot,F,F,stop,1
650,mf_0130,Startup,Business & Management,p1_format,A,A,stop,1
651,mf_0130,Startup,Business & Management,p1_format_soft,A,A,stop,1
652,mf_0130,Startup,Business & Management,p2_complexity,A,A,stop,1
653,mf_0130,Startup,Business & Management,p4_role,A,A,stop,1
654,mf_0130,Startup,Business & Management,p5_fewshot,A,A,stop,1
655,mf_0131,Draft decrees on the CIT TP form and the CbCR published by Ministry of Finance,Tax & Accounting,p1_format,E,E,stop,1
656,mf_0131,Draft decrees on the CIT TP form and the CbCR published by Ministry of Finance,Tax & Accounting,p1_format_soft,E,E,stop,1
657,mf_0131,Draft decrees on the CIT TP form and the CbCR published by Ministry of Finance,Tax & Accounting,p2_complexity,E,E,stop,1
658,mf_0131,Draft decrees on the CIT TP form and the CbCR published by Ministry of Finance,Tax & Accounting,p4_role,E,E,stop,1
659,mf_0131,Draft decrees on the CIT TP form and the CbCR published by Ministry of Finance,Tax & Accounting,p5_fewshot,E,E,stop,1
660,mf_0132,Strategic planning,Business & Management,p1_format,A,A,stop,1
661,mf_0132,Strategic planning,Business & Management,p1_format_soft,A,A,stop,1
662,mf_0132,Strategic planning,Business & Management,p2_complexity,A,A,stop,1
663,mf_0132,Strategic planning,Business & Management,p4_role,A,A,stop,1
664,mf_0132,Strategic planning,Business & Management,p5_fewshot,A,A,stop,1
665,mf_0133,"India, Fit for Future",Government & Controls,p1_format,C,A,stop,0
666,mf_0133,"India, Fit for Future",Government & Controls,p1_format_soft,C,B,stop,0
667,mf_0133,"India, Fit for Future",Government & Controls,p2_complexity,C,A,stop,0
668,mf_0133,"India, Fit for Future",Government & Controls,p4_role,C,B,stop,0
669,mf_0133,"India, Fit for Future",Government & Controls,p5_fewshot,C,C,stop,1
670,mf_0134,Tax - Mergers and acquisitions,Finance,p1_format,B,E,stop,0
671,mf_0134,Tax - Mergers and acquisitions,Finance,p1_format_soft,B,E,stop,0
672,mf_0134,Tax - Mergers and acquisitions,Finance,p2_complexity,B,E,stop,0
673,mf_0134,Tax - Mergers and acquisitions,Finance,p4_role,B,E,stop,0
674,mf_0134,Tax - Mergers and acquisitions,Finance,p5_fewshot,B,E,stop,0
675,mf_0135,Tax and legal news 4 November 2016,Tax & Accounting,p1_format,E,E,stop,1
676,mf_0135,Tax and legal news 4 November 2016,Tax & Accounting,p1_format_soft,E,E,stop,1
677,mf_0135,Tax and legal news 4 November 2016,Tax & Accounting,p2_complexity,E,E,stop,1
678,mf_0135,Tax and legal news 4 November 2016,Tax & Accounting,p4_role,E,E,stop,1
679,mf_0135,Tax and legal news 4 November 2016,Tax & Accounting,p5_fewshot,E,E,stop,1
680,mf_0136,Accounting advisory,Tax & Accounting,p1_format,E,E,stop,1
681,mf_0136,Accounting advisory,Tax & Accounting,p1_format_soft,E,E,stop,1
682,mf_0136,Accounting advisory,Tax & Accounting,p2_complexity,E,E,stop,1
683,mf_0136,Accounting advisory,Tax & Accounting,p4_role,E,E,stop,1
684,mf_0136,Accounting advisory,Tax & Accounting,p5_fewshot,E,E,stop,1
685,mf_0137,Capital Markets 2030,Finance,p1_format,B,B,stop,1
686,mf_0137,Capital Markets 2030,Finance,p1_format_soft,B,B,stop,1
687,mf_0137,Capital Markets 2030,Finance,p2_complexity,B,B,stop,1
688,mf_0137,Capital Markets 2030,Finance,p4_role,B,B,stop,1
689,mf_0137,Capital Markets 2030,Finance,p5_fewshot,B,B,stop,1
690,mf_0138,Important changes in PIT taxation of employee incentive programs based on shares and derivatives - announced by the Polish government,Tax & Accounting,p1_format,E,E,stop,1
691,mf_0138,Important changes in PIT taxation of employee incentive programs based on shares and derivatives - announced by the Polish government,Tax & Accounting,p1_format_soft,E,E,stop,1
692,mf_0138,Important changes in PIT taxation of employee incentive programs based on shares and derivatives - announced by the Polish government,Tax & Accounting,p2_complexity,E,E,stop,1
693,mf_0138,Important changes in PIT taxation of employee incentive programs based on shares and derivatives - announced by the Polish government,Tax & Accounting,p4_role,E,E,stop,1
694,mf_0138,Important changes in PIT taxation of employee incentive programs based on shares and derivatives - announced by the Polish government,Tax & Accounting,p5_fewshot,E,E,stop,1
695,mf_0139,PwC's COVID-19 CFO Pulse,Business & Management,p1_format,A,B,stop,0
696,mf_0139,PwC's COVID-19 CFO Pulse,Business & Management,p1_format_soft,A,B,stop,0
697,mf_0139,PwC's COVID-19 CFO Pulse,Business & Management,p2_complexity,A,B,stop,0
698,mf_0139,PwC's COVID-19 CFO Pulse,Business & Management,p4_role,A,B,stop,0
699,mf_0139,PwC's COVID-19 CFO Pulse,Business & Management,p5_fewshot,A,B,stop,0
700,mf_0140,Real Estate 2020,Industry,p1_format,D,D,stop,1
701,mf_0140,Real Estate 2020,Industry,p1_format_soft,D,D,stop,1
702,mf_0140,Real Estate 2020,Industry,p2_complexity,D,D,stop,1
703,mf_0140,Real Estate 2020,Industry,p4_role,D,D,stop,1
704,mf_0140,Real Estate 2020,Industry,p5_fewshot,D,D,stop,1
705,mf_0141,PwC advised funds managed by Aberdeen Standard Investments on a transaction in renewable energy,Finance,p1_format,B,B,stop,1
706,mf_0141,PwC advised funds managed by Aberdeen Standard Investments on a transaction in renewable energy,Finance,p1_format_soft,B,B,stop,1
707,mf_0141,PwC advised funds managed by Aberdeen Standard Investments on a transaction in renewable energy,Finance,p2_complexity,B,B,stop,1
708,mf_0141,PwC advised funds managed by Aberdeen Standard Investments on a transaction in renewable energy,Finance,p4_role,B,B,stop,1
709,mf_0141,PwC advised funds managed by Aberdeen Standard Investments on a transaction in renewable energy,Finance,p5_fewshot,B,B,stop,1
710,mf_0142,Transparency and Good Governance,Government & Controls,p1_format,C,C,stop,1
711,mf_0142,Transparency and Good Governance,Government & Controls,p1_format_soft,C,C,stop,1
712,mf_0142,Transparency and Good Governance,Government & Controls,p2_complexity,C,C,stop,1
713,mf_0142,Transparency and Good Governance,Government & Controls,p4_role,C,C,stop,1
714,mf_0142,Transparency and Good Governance,Government & Controls,p5_fewshot,C,C,stop,1
715,mf_0143,PwC's 22nd CEO Survey - Greek report,Business & Management,p1_format,A,A,stop,1
716,mf_0143,PwC's 22nd CEO Survey - Greek report,Business & Management,p1_format_soft,A,A,stop,1
717,mf_0143,PwC's 22nd CEO Survey - Greek report,Business & Management,p2_complexity,A,A,stop,1
718,mf_0143,PwC's 22nd CEO Survey - Greek report,Business & Management,p4_role,A,A,stop,1
719,mf_0143,PwC's 22nd CEO Survey - Greek report,Business & Management,p5_fewshot,A,A,stop,1
720,mf_0144,SAP Lumira and Predictive Analytics,Technology,p1_format,F,F,stop,1
721,mf_0144,SAP Lumira and Predictive Analytics,Technology,p1_format_soft,F,F,stop,1
722,mf_0144,SAP Lumira and Predictive Analytics,Technology,p2_complexity,F,F,stop,1
723,mf_0144,SAP Lumira and Predictive Analytics,Technology,p4_role,F,F,stop,1
724,mf_0144,SAP Lumira and Predictive Analytics,Technology,p5_fewshot,F,F,stop,1
725,mf_0145,"Tax and legal news, 22 December 2015",Tax & Accounting,p1_format,E,E,stop,1
726,mf_0145,"Tax and legal news, 22 December 2015",Tax & Accounting,p1_format_soft,E,E,stop,1
727,mf_0145,"Tax and legal news, 22 December 2015",Tax & Accounting,p2_complexity,E,E,stop,1
728,mf_0145,"Tax and legal news, 22 December 2015",Tax & Accounting,p4_role,E,E,stop,1
729,mf_0145,"Tax and legal news, 22 December 2015",Tax & Accounting,p5_fewshot,E,E,stop,1
730,mf_0146,PwC rated as a leader in robotic process automation (RPA) service providers in health industries report by independent research firm,Technology,p1_format,F,F,stop,1
731,mf_0146,PwC rated as a leader in robotic process automation (RPA) service providers in health industries report by independent research firm,Technology,p1_format_soft,F,F,stop,1
732,mf_0146,PwC rated as a leader in robotic process automation (RPA) service providers in health industries report by independent research firm,Technology,p2_complexity,F,F,stop,1
733,mf_0146,PwC rated as a leader in robotic process automation (RPA) service providers in health industries report by independent research firm,Technology,p4_role,F,F,stop,1
734,mf_0146,PwC rated as a leader in robotic process automation (RPA) service providers in health industries report by independent research firm,Technology,p5_fewshot,F,F,stop,1
735,mf_0147,Budget 2021,Tax & Accounting,p1_format,E,C,stop,0
736,mf_0147,Budget 2021,Tax & Accounting,p1_format_soft,E,C,stop,0
737,mf_0147,Budget 2021,Tax & Accounting,p2_complexity,E,C,stop,0
738,mf_0147,Budget 2021,Tax & Accounting,p4_role,E,C,stop,0
739,mf_0147,Budget 2021,Tax & Accounting,p5_fewshot,E,C,stop,0
740,mf_0148,PwC Tax Forum 2020,Tax & Accounting,p1_format,E,E,stop,1
741,mf_0148,PwC Tax Forum 2020,Tax & Accounting,p1_format_soft,E,E,stop,1
742,mf_0148,PwC Tax Forum 2020,Tax & Accounting,p2_complexity,E,E,stop,1
743,mf_0148,PwC Tax Forum 2020,Tax & Accounting,p4_role,E,E,stop,1
744,mf_0148,PwC Tax Forum 2020,Tax & Accounting,p5_fewshot,E,E,stop,1
745,mf_0149,Strategic supply management,Industry,p1_format,D,A,stop,0
746,mf_0149,Strategic supply management,Industry,p1_format_soft,D,A,stop,0
747,mf_0149,Strategic supply management,Industry,p2_complexity,D,A,stop,0
748,mf_0149,Strategic supply management,Industry,p4_role,D,A,stop,0
749,mf_0149,Strategic supply management,Industry,p5_fewshot,D,A,stop,0
750,mf_0150,Transaction Services,Finance,p1_format,B,B,stop,1
751,mf_0150,Transaction Services,Finance,p1_format_soft,B,B,stop,1
752,mf_0150,Transaction Services,Finance,p2_complexity,B,B,stop,1
753,mf_0150,Transaction Services,Finance,p4_role,B,B,stop,1
754,mf_0150,Transaction Services,Finance,p5_fewshot,B,B,stop,1
755,mf_0151,Tax Flash: Exit taxation - Application details,Tax & Accounting,p1_format,E,E,stop,1
756,mf_0151,Tax Flash: Exit taxation - Application details,Tax & Accounting,p1_format_soft,E,E,stop,1
757,mf_0151,Tax Flash: Exit taxation - Application details,Tax & Accounting,p2_complexity,E,E,stop,1
758,mf_0151,Tax Flash: Exit taxation - Application details,Tax & Accounting,p4_role,E,E,stop,1
759,mf_0151,Tax Flash: Exit taxation - Application details,Tax & Accounting,p5_fewshot,E,E,stop,1
760,mf_0152,Magazine publishing,Industry,p1_format,D,D,stop,1
761,mf_0152,Magazine publishing,Industry,p1_format_soft,D,D,stop,1
762,mf_0152,Magazine publishing,Industry,p2_complexity,D,D,stop,1
763,mf_0152,Magazine publishing,Industry,p4_role,D,D,stop,1
764,mf_0152,Magazine publishing,Industry,p5_fewshot,D,D,stop,1
765,mf_0153,PwC named a Leader in the IDC MarketScape for Worldwide Cloud Professional Services 2020,Technology,p1_format,F,F,stop,1
766,mf_0153,PwC named a Leader in the IDC MarketScape for Worldwide Cloud Professional Services 2020,Technology,p1_format_soft,F,F,stop,1
767,mf_0153,PwC named a Leader in the IDC MarketScape for Worldwide Cloud Professional Services 2020,Technology,p2_complexity,F,F,stop,1
768,mf_0153,PwC named a Leader in the IDC MarketScape for Worldwide Cloud Professional Services 2020,Technology,p4_role,F,F,stop,1
769,mf_0153,PwC named a Leader in the IDC MarketScape for Worldwide Cloud Professional Services 2020,Technology,p5_fewshot,F,F,stop,1
770,mf_0154,Drive to digital treasury,Tax & Accounting,p1_format,E,B,stop,0
771,mf_0154,Drive to digital treasury,Tax & Accounting,p1_format_soft,E,B,stop,0
772,mf_0154,Drive to digital treasury,Tax & Accounting,p2_complexity,E,B,stop,0
773,mf_0154,Drive to digital treasury,Tax & Accounting,p4_role,E,B,stop,0
774,mf_0154,Drive to digital treasury,Tax & Accounting,p5_fewshot,E,B,stop,0
775,mf_0155,Transaction Services,Finance,p1_format,B,B,stop,1
776,mf_0155,Transaction Services,Finance,p1_format_soft,B,B,stop,1
777,mf_0155,Transaction Services,Finance,p2_complexity,B,B,stop,1
778,mf_0155,Transaction Services,Finance,p4_role,B,B,stop,1
779,mf_0155,Transaction Services,Finance,p5_fewshot,B,B,stop,1
780,mf_0156,PwC publishes annual Worldwide Tax Summaries - Corporate Taxes 2017/18,Tax & Accounting,p1_format,E,E,stop,1
781,mf_0156,PwC publishes annual Worldwide Tax Summaries - Corporate Taxes 2017/18,Tax & Accounting,p1_format_soft,E,E,stop,1
782,mf_0156,PwC publishes annual Worldwide Tax Summaries - Corporate Taxes 2017/18,Tax & Accounting,p2_complexity,E,E,stop,1
783,mf_0156,PwC publishes annual Worldwide Tax Summaries - Corporate Taxes 2017/18,Tax & Accounting,p4_role,E,E,stop,1
784,mf_0156,PwC publishes annual Worldwide Tax Summaries - Corporate Taxes 2017/18,Tax & Accounting,p5_fewshot,E,E,stop,1
785,mf_0157,Business strategy,Business & Management,p1_format,A,A,stop,1
786,mf_0157,Business strategy,Business & Management,p1_format_soft,A,A,stop,1
787,mf_0157,Business strategy,Business & Management,p2_complexity,A,A,stop,1
788,mf_0157,Business strategy,Business & Management,p4_role,A,A,stop,1
789,mf_0157,Business strategy,Business & Management,p5_fewshot,A,A,stop,1
790,mf_0158,Smarter Risk Taking: Delivering a AI-Based Risk Information and Decision Management System in the 21st Century,Technology,p1_format,F,F,stop,1
791,mf_0158,Smarter Risk Taking: Delivering a AI-Based Risk Information and Decision Management System in the 21st Century,Technology,p1_format_soft,F,F,stop,1
792,mf_0158,Smarter Risk Taking: Delivering a AI-Based Risk Information and Decision Management System in the 21st Century,Technology,p2_complexity,F,F,stop,1
793,mf_0158,Smarter Risk Taking: Delivering a AI-Based Risk Information and Decision Management System in the 21st Century,Technology,p4_role,F,F,stop,1
794,mf_0158,Smarter Risk Taking: Delivering a AI-Based Risk Information and Decision Management System in the 21st Century,Technology,p5_fewshot,F,F,stop,1
795,mf_0159,Tax Flash: New Tax Bill - Individuals income taxation,Tax & Accounting,p1_format,E,E,stop,1
796,mf_0159,Tax Flash: New Tax Bill - Individuals income taxation,Tax & Accounting,p1_format_soft,E,E,stop,1
797,mf_0159,Tax Flash: New Tax Bill - Individuals income taxation,Tax & Accounting,p2_complexity,E,E,stop,1
798,mf_0159,Tax Flash: New Tax Bill - Individuals income taxation,Tax & Accounting,p4_role,E,E,stop,1
799,mf_0159,Tax Flash: New Tax Bill - Individuals income taxation,Tax & Accounting,p5_fewshot,E,E,stop,1
800,mf_0160,Why not delete income tax at all?,Tax & Accounting,p1_format,E,E,stop,1
801,mf_0160,Why not delete income tax at all?,Tax & Accounting,p1_format_soft,E,E,stop,1
802,mf_0160,Why not delete income tax at all?,Tax & Accounting,p2_complexity,E,E,stop,1
803,mf_0160,Why not delete income tax at all?,Tax & Accounting,p4_role,E,E,stop,1
804,mf_0160,Why not delete income tax at all?,Tax & Accounting,p5_fewshot,E,E,stop,1
805,mf_0161,Cleantech,Industry,p1_format,D,F,stop,0
806,mf_0161,Cleantech,Industry,p1_format_soft,D,F,stop,0
807,mf_0161,Cleantech,Industry,p2_complexity,D,D,stop,1
808,mf_0161,Cleantech,Industry,p4_role,D,D,stop,1
809,mf_0161,Cleantech,Industry,p5_fewshot,D,D,stop,1
810,mf_0162,Mergers & Acquisitions,Finance,p1_format,B,B,stop,1
811,mf_0162,Mergers & Acquisitions,Finance,p1_format_soft,B,B,stop,1
812,mf_0162,Mergers & Acquisitions,Finance,p2_complexity,B,B,stop,1
813,mf_0162,Mergers & Acquisitions,Finance,p4_role,B,B,stop,1
814,mf_0162,Mergers & Acquisitions,Finance,p5_fewshot,B,B,stop,1
815,mf_0163,2020 Global Digital IQ,Technology,p1_format,F,F,stop,1
816,mf_0163,2020 Global Digital IQ,Technology,p1_format_soft,F,F,stop,1
817,mf_0163,2020 Global Digital IQ,Technology,p2_complexity,F,F,stop,1
818,mf_0163,2020 Global Digital IQ,Technology,p4_role,F,F,stop,1
819,mf_0163,2020 Global Digital IQ,Technology,p5_fewshot,F,F,stop,1
820,mf_0164,Global Entertainment & Media Outlook 2019–2023,Industry,p1_format,D,D,stop,1
821,mf_0164,Global Entertainment & Media Outlook 2019–2023,Industry,p1_format_soft,D,D,stop,1
822,mf_0164,Global Entertainment & Media Outlook 2019–2023,Industry,p2_complexity,D,D,stop,1
823,mf_0164,Global Entertainment & Media Outlook 2019–2023,Industry,p4_role,D,D,stop,1
824,mf_0164,Global Entertainment & Media Outlook 2019–2023,Industry,p5_fewshot,D,D,stop,1
825,mf_0165,Retail & Consumer,Industry,p1_format,D,D,stop,1
826,mf_0165,Retail & Consumer,Industry,p1_format_soft,D,D,stop,1
827,mf_0165,Retail & Consumer,Industry,p2_complexity,D,D,stop,1
828,mf_0165,Retail & Consumer,Industry,p4_role,D,D,stop,1
829,mf_0165,Retail & Consumer,Industry,p5_fewshot,D,D,stop,1
830,mf_0166,ALM Intelligence rates PwC a global leader in HR Operations Consulting,Business & Management,p1_format,A,A,stop,1
831,mf_0166,ALM Intelligence rates PwC a global leader in HR Operations Consulting,Business & Management,p1_format_soft,A,A,stop,1
832,mf_0166,ALM Intelligence rates PwC a global leader in HR Operations Consulting,Business & Management,p2_complexity,A,A,stop,1
833,mf_0166,ALM Intelligence rates PwC a global leader in HR Operations Consulting,Business & Management,p4_role,A,A,stop,1
834,mf_0166,ALM Intelligence rates PwC a global leader in HR Operations Consulting,Business & Management,p5_fewshot,A,A,stop,1
835,mf_0167,The human side of crisis,Business & Management,p1_format,A,A,stop,1
836,mf_0167,The human side of crisis,Business & Management,p1_format_soft,A,A,stop,1
837,mf_0167,The human side of crisis,Business & Management,p2_complexity,A,A,stop,1
838,mf_0167,The human side of crisis,Business & Management,p4_role,A,A,stop,1
839,mf_0167,The human side of crisis,Business & Management,p5_fewshot,A,A,stop,1
840,mf_0168,@digital #11: Machine Experience,Technology,p1_format,F,F,stop,1
841,mf_0168,@digital #11: Machine Experience,Technology,p1_format_soft,F,F,stop,1
842,mf_0168,@digital #11: Machine Experience,Technology,p2_complexity,F,F,stop,1
843,mf_0168,@digital #11: Machine Experience,Technology,p4_role,F,F,stop,1
844,mf_0168,@digital #11: Machine Experience,Technology,p5_fewshot,F,F,stop,1
845,mf_0169,Business transformation is a continuous process,Business & Management,p1_format,A,A,stop,1
846,mf_0169,Business transformation is a continuous process,Business & Management,p1_format_soft,A,A,stop,1
847,mf_0169,Business transformation is a continuous process,Business & Management,p2_complexity,A,A,stop,1
848,mf_0169,Business transformation is a continuous process,Business & Management,p4_role,A,A,stop,1
849,mf_0169,Business transformation is a continuous process,Business & Management,p5_fewshot,A,A,stop,1
850,mf_0170,CEO optimism booms despite increasing anxiety over threats to growth,Business & Management,p1_format,A,A,stop,1
851,mf_0170,CEO optimism booms despite increasing anxiety over threats to growth,Business & Management,p1_format_soft,A,A,stop,1
852,mf_0170,CEO optimism booms despite increasing anxiety over threats to growth,Business & Management,p2_complexity,A,A,stop,1
853,mf_0170,CEO optimism booms despite increasing anxiety over threats to growth,Business & Management,p4_role,A,A,stop,1
854,mf_0170,CEO optimism booms despite increasing anxiety over threats to growth,Business & Management,p5_fewshot,A,A,stop,1
855,mf_0171,IFRS 17,Tax & Accounting,p1_format,E,E,stop,1
856,mf_0171,IFRS 17,Tax & Accounting,p1_format_soft,E,E,stop,1
857,mf_0171,IFRS 17,Tax & Accounting,p2_complexity,E,E,stop,1
858,mf_0171,IFRS 17,Tax & Accounting,p4_role,E,E,stop,1
859,mf_0171,IFRS 17,Tax & Accounting,p5_fewshot,E,E,stop,1
860,mf_0172,"Building sustainable, inclusive transportation systems: A framework for the future",Industry,p1_format,D,D,stop,1
861,mf_0172,"Building sustainable, inclusive transportation systems: A framework for the future",Industry,p1_format_soft,D,D,stop,1
862,mf_0172,"Building sustainable, inclusive transportation systems: A framework for the future",Industry,p2_complexity,D,C,stop,0
863,mf_0172,"Building sustainable, inclusive transportation systems: A framework for the future",Industry,p4_role,D,D,stop,1
864,mf_0172,"Building sustainable, inclusive transportation systems: A framework for the future",Industry,p5_fewshot,D,D,stop,1
865,mf_0173,Engineering and Construction Industry,Industry,p1_format,D,D,stop,1
866,mf_0173,Engineering and Construction Industry,Industry,p1_format_soft,D,D,stop,1
867,mf_0173,Engineering and Construction Industry,Industry,p2_complexity,D,D,stop,1
868,mf_0173,Engineering and Construction Industry,Industry,p4_role,D,D,stop,1
869,mf_0173,Engineering and Construction Industry,Industry,p5_fewshot,D,D,stop,1
870,mf_0174,Doing Business Globally Spotlight: Brazil,Government & Controls,p1_format,C,A,stop,0
871,mf_0174,Doing Business Globally Spotlight: Brazil,Government & Controls,p1_format_soft,C,A,stop,0
872,mf_0174,Doing Business Globally Spotlight: Brazil,Government & Controls,p2_complexity,C,A,stop,0
873,mf_0174,Doing Business Globally Spotlight: Brazil,Government & Controls,p4_role,C,A,stop,0
874,mf_0174,Doing Business Globally Spotlight: Brazil,Government & Controls,p5_fewshot,C,A,stop,0
875,mf_0175,New approach to SAF-T structure for VAT - JPK_VAT corrections rules in 2018,Tax & Accounting,p1_format,E,E,stop,1
876,mf_0175,New approach to SAF-T structure for VAT - JPK_VAT corrections rules in 2018,Tax & Accounting,p1_format_soft,E,E,stop,1
877,mf_0175,New approach to SAF-T structure for VAT - JPK_VAT corrections rules in 2018,Tax & Accounting,p2_complexity,E,E,stop,1
878,mf_0175,New approach to SAF-T structure for VAT - JPK_VAT corrections rules in 2018,Tax & Accounting,p4_role,E,E,stop,1
879,mf_0175,New approach to SAF-T structure for VAT - JPK_VAT corrections rules in 2018,Tax & Accounting,p5_fewshot,E,E,stop,1
880,mf_0176,Worldwide Tax Summaries,Tax & Accounting,p1_format,E,E,stop,1
881,mf_0176,Worldwide Tax Summaries,Tax & Accounting,p1_format_soft,E,E,stop,1
882,mf_0176,Worldwide Tax Summaries,Tax & Accounting,p2_complexity,E,E,stop,1
883,mf_0176,Worldwide Tax Summaries,Tax & Accounting,p4_role,E,E,stop,1
884,mf_0176,Worldwide Tax Summaries,Tax & Accounting,p5_fewshot,E,E,stop,1
885,mf_0177,Banking and capital markets,Finance,p1_format,B,B,stop,1
886,mf_0177,Banking and capital markets,Finance,p1_format_soft,B,B,stop,1
887,mf_0177,Banking and capital markets,Finance,p2_complexity,B,B,stop,1
888,mf_0177,Banking and capital markets,Finance,p4_role,B,B,stop,1
889,mf_0177,Banking and capital markets,Finance,p5_fewshot,B,B,stop,1
890,mf_0178,PwC and Alpina Publisher have announced publication of the book The Critical Few,Industry,p1_format,D,A,stop,0
891,mf_0178,PwC and Alpina Publisher have announced publication of the book The Critical Few,Industry,p1_format_soft,D,A,stop,0
892,mf_0178,PwC and Alpina Publisher have announced publication of the book The Critical Few,Industry,p2_complexity,D,A,stop,0
893,mf_0178,PwC and Alpina Publisher have announced publication of the book The Critical Few,Industry,p4_role,D,A,stop,0
894,mf_0178,PwC and Alpina Publisher have announced publication of the book The Critical Few,Industry,p5_fewshot,D,A,stop,0
895,mf_0179,IFRS News,Tax & Accounting,p1_format,E,E,stop,1
896,mf_0179,IFRS News,Tax & Accounting,p1_format_soft,E,E,stop,1
897,mf_0179,IFRS News,Tax & Accounting,p2_complexity,E,E,stop,1
898,mf_0179,IFRS News,Tax & Accounting,p4_role,E,E,stop,1
899,mf_0179,IFRS News,Tax & Accounting,p5_fewshot,E,E,stop,1
900,mf_0180,PwC strengthens its business consulting practice with acquisition of pricing boutique Fern Partners,Finance,p1_format,B,A,stop,0
901,mf_0180,PwC strengthens its business consulting practice with acquisition of pricing boutique Fern Partners,Finance,p1_format_soft,B,A,stop,0
902,mf_0180,PwC strengthens its business consulting practice with acquisition of pricing boutique Fern Partners,Finance,p2_complexity,B,A,stop,0
903,mf_0180,PwC strengthens its business consulting practice with acquisition of pricing boutique Fern Partners,Finance,p4_role,B,A,stop,0
904,mf_0180,PwC strengthens its business consulting practice with acquisition of pricing boutique Fern Partners,Finance,p5_fewshot,B,A,stop,0
905,mf_0181,Asset and Wealth Management confidence high but slow adoption of  technology change could threaten growth,Finance,p1_format,B,B,stop,1
906,mf_0181,Asset and Wealth Management confidence high but slow adoption of  technology change could threaten growth,Finance,p1_format_soft,B,B,stop,1
907,mf_0181,Asset and Wealth Management confidence high but slow adoption of  technology change could threaten growth,Finance,p2_complexity,B,B,stop,1
908,mf_0181,Asset and Wealth Management confidence high but slow adoption of  technology change could threaten growth,Finance,p4_role,B,B,stop,1
909,mf_0181,Asset and Wealth Management confidence high but slow adoption of  technology change could threaten growth,Finance,p5_fewshot,B,B,stop,1
910,mf_0182,"Tax and legal news, March 2018",Tax & Accounting,p1_format,E,E,stop,1
911,mf_0182,"Tax and legal news, March 2018",Tax & Accounting,p1_format_soft,E,E,stop,1
912,mf_0182,"Tax and legal news, March 2018",Tax & Accounting,p2_complexity,E,E,stop,1
913,mf_0182,"Tax and legal news, March 2018",Tax & Accounting,p4_role,E,E,stop,1
914,mf_0182,"Tax and legal news, March 2018",Tax & Accounting,p5_fewshot,E,E,stop,1
915,mf_0183,"Legal Flash: Amendments to the Greek Bankruptcy Code, the Law on the Out-of-Court Work Out Mechanism (OCW) and the Law on Non-Performing Loan Management Companies",Finance,p1_format,B,C,stop,0
916,mf_0183,"Legal Flash: Amendments to the Greek Bankruptcy Code, the Law on the Out-of-Court Work Out Mechanism (OCW) and the Law on Non-Performing Loan Management Companies",Finance,p1_format_soft,B,B,stop,1
917,mf_0183,"Legal Flash: Amendments to the Greek Bankruptcy Code, the Law on the Out-of-Court Work Out Mechanism (OCW) and the Law on Non-Performing Loan Management Companies",Finance,p2_complexity,B,B,stop,1
918,mf_0183,"Legal Flash: Amendments to the Greek Bankruptcy Code, the Law on the Out-of-Court Work Out Mechanism (OCW) and the Law on Non-Performing Loan Management Companies",Finance,p4_role,B,C,stop,0
919,mf_0183,"Legal Flash: Amendments to the Greek Bankruptcy Code, the Law on the Out-of-Court Work Out Mechanism (OCW) and the Law on Non-Performing Loan Management Companies",Finance,p5_fewshot,B,B,stop,1
920,mf_0184,Data Analytics,Technology,p1_format,F,F,stop,1
921,mf_0184,Data Analytics,Technology,p1_format_soft,F,F,stop,1
922,mf_0184,Data Analytics,Technology,p2_complexity,F,F,stop,1
923,mf_0184,Data Analytics,Technology,p4_role,F,F,stop,1
924,mf_0184,Data Analytics,Technology,p5_fewshot,F,F,stop,1
925,mf_0185,Technology alliances,Technology,p1_format,F,F,stop,1
926,mf_0185,Technology alliances,Technology,p1_format_soft,F,F,stop,1
927,mf_0185,Technology alliances,Technology,p2_complexity,F,F,stop,1
928,mf_0185,Technology alliances,Technology,p4_role,F,F,stop,1
929,mf_0185,Technology alliances,Technology,p5_fewshot,F,F,stop,1
930,mf_0186,Logistics and Supply Chain Management,Industry,p1_format,D,A,stop,0
931,mf_0186,Logistics and Supply Chain Management,Industry,p1_format_soft,D,A,stop,0
932,mf_0186,Logistics and Supply Chain Management,Industry,p2_complexity,D,A,stop,0
933,mf_0186,Logistics and Supply Chain Management,Industry,p4_role,D,A,stop,0
934,mf_0186,Logistics and Supply Chain Management,Industry,p5_fewshot,D,A,stop,0
935,mf_0187,"IFRS news, February 2020",Tax & Accounting,p1_format,E,E,stop,1
936,mf_0187,"IFRS news, February 2020",Tax & Accounting,p1_format_soft,E,E,stop,1
937,mf_0187,"IFRS news, February 2020",Tax & Accounting,p2_complexity,E,E,stop,1
938,mf_0187,"IFRS news, February 2020",Tax & Accounting,p4_role,E,E,stop,1
939,mf_0187,"IFRS news, February 2020",Tax & Accounting,p5_fewshot,E,E,stop,1
940,mf_0188,Corporate Governance,Government & Controls,p1_format,C,C,stop,1
941,mf_0188,Corporate Governance,Government & Controls,p1_format_soft,C,A,stop,0
942,mf_0188,Corporate Governance,Government & Controls,p2_complexity,C,A,stop,0
943,mf_0188,Corporate Governance,Government & Controls,p4_role,C,A,stop,0
944,mf_0188,Corporate Governance,Government & Controls,p5_fewshot,C,A,stop,0
945,mf_0189,Countdown to the 2016 Global Family Business Survey,Business & Management,p1_format,A,A,stop,1
946,mf_0189,Countdown to the 2016 Global Family Business Survey,Business & Management,p1_format_soft,A,A,stop,1
947,mf_0189,Countdown to the 2016 Global Family Business Survey,Business & Management,p2_complexity,A,A,stop,1
948,mf_0189,Countdown to the 2016 Global Family Business Survey,Business & Management,p4_role,A,A,stop,1
949,mf_0189,Countdown to the 2016 Global Family Business Survey,Business & Management,p5_fewshot,A,A,stop,1
950,mf_0190,M&A Integration - Focus on Financial services,Finance,p1_format,B,B,stop,1
951,mf_0190,M&A Integration - Focus on Financial services,Finance,p1_format_soft,B,B,stop,1
952,mf_0190,M&A Integration - Focus on Financial services,Finance,p2_complexity,B,B,stop,1
953,mf_0190,M&A Integration - Focus on Financial services,Finance,p4_role,B,B,stop,1
954,mf_0190,M&A Integration - Focus on Financial services,Finance,p5_fewshot,B,B,stop,1
955,mf_0191,US tax reform,Tax & Accounting,p1_format,E,E,stop,1
956,mf_0191,US tax reform,Tax & Accounting,p1_format_soft,E,E,stop,1
957,mf_0191,US tax reform,Tax & Accounting,p2_complexity,E,E,stop,1
958,mf_0191,US tax reform,Tax & Accounting,p4_role,E,E,stop,1
959,mf_0191,US tax reform,Tax & Accounting,p5_fewshot,E,E,stop,1
960,mf_0192,Real estate valuation and management,Industry,p1_format,D,D,stop,1
961,mf_0192,Real estate valuation and management,Industry,p1_format_soft,D,D,stop,1
962,mf_0192,Real estate valuation and management,Industry,p2_complexity,D,B,stop,0
963,mf_0192,Real estate valuation and management,Industry,p4_role,D,D,stop,1
964,mf_0192,Real estate valuation and management,Industry,p5_fewshot,D,D,stop,1
965,mf_0193,"Industry 4.0 “the Polish way” – where are we, compared to Europe?",Technology,p1_format,F,D,stop,0
966,mf_0193,"Industry 4.0 “the Polish way” – where are we, compared to Europe?",Technology,p1_format_soft,F,D,stop,0
967,mf_0193,"Industry 4.0 “the Polish way” – where are we, compared to Europe?",Technology,p2_complexity,F,D,stop,0
968,mf_0193,"Industry 4.0 “the Polish way” – where are we, compared to Europe?",Technology,p4_role,F,D,stop,0
969,mf_0193,"Industry 4.0 “the Polish way” – where are we, compared to Europe?",Technology,p5_fewshot,F,D,stop,0
970,mf_0194,Corporate acquisitions - Tax services,Finance,p1_format,B,E,stop,0
971,mf_0194,Corporate acquisitions - Tax services,Finance,p1_format_soft,B,E,stop,0
972,mf_0194,Corporate acquisitions - Tax services,Finance,p2_complexity,B,E,stop,0
973,mf_0194,Corporate acquisitions - Tax services,Finance,p4_role,B,E,stop,0
974,mf_0194,Corporate acquisitions - Tax services,Finance,p5_fewshot,B,E,stop,0
975,mf_0195,IFRS news - March 2017,Tax & Accounting,p1_format,E,E,stop,1
976,mf_0195,IFRS news - March 2017,Tax & Accounting,p1_format_soft,E,E,stop,1
977,mf_0195,IFRS news - March 2017,Tax & Accounting,p2_complexity,E,E,stop,1
978,mf_0195,IFRS news - March 2017,Tax & Accounting,p4_role,E,E,stop,1
979,mf_0195,IFRS news - March 2017,Tax & Accounting,p5_fewshot,E,E,stop,1
980,mf_0196,Capital markets: the rise of non-bank infrastructure project finance,Finance,p1_format,B,B,stop,1
981,mf_0196,Capital markets: the rise of non-bank infrastructure project finance,Finance,p1_format_soft,B,B,stop,1
982,mf_0196,Capital markets: the rise of non-bank infrastructure project finance,Finance,p2_complexity,B,B,stop,1
983,mf_0196,Capital markets: the rise of non-bank infrastructure project finance,Finance,p4_role,B,B,stop,1
984,mf_0196,Capital markets: the rise of non-bank infrastructure project finance,Finance,p5_fewshot,B,B,stop,1
985,mf_0197,Effects of Brexit for British citizens residing and working in Finland,Government & Controls,p1_format,C,C,stop,1
986,mf_0197,Effects of Brexit for British citizens residing and working in Finland,Government & Controls,p1_format_soft,C,C,stop,1
987,mf_0197,Effects of Brexit for British citizens residing and working in Finland,Government & Controls,p2_complexity,C,C,stop,1
988,mf_0197,Effects of Brexit for British citizens residing and working in Finland,Government & Controls,p4_role,C,C,stop,1
989,mf_0197,Effects of Brexit for British citizens residing and working in Finland,Government & Controls,p5_fewshot,C,B,stop,0
990,mf_0198,Pharma & Healthcare,Industry,p1_format,D,D,stop,1
991,mf_0198,Pharma & Healthcare,Industry,p1_format_soft,D,D,stop,1
992,mf_0198,Pharma & Healthcare,Industry,p2_complexity,D,D,stop,1
993,mf_0198,Pharma & Healthcare,Industry,p4_role,D,D,stop,1
994,mf_0198,Pharma & Healthcare,Industry,p5_fewshot,D,D,stop,1
995,mf_0199,Responsible Business Leadership,Business & Management,p1_format,A,A,stop,1
996,mf_0199,Responsible Business Leadership,Business & Management,p1_format_soft,A,A,stop,1
997,mf_0199,Responsible Business Leadership,Business & Management,p2_complexity,A,A,stop,1
998,mf_0199,Responsible Business Leadership,Business & Management,p4_role,A,A,stop,1
999,mf_0199,Responsible Business Leadership,Business & Management,p5_fewshot,A,A,stop,1
1000,mf_0200,The Budget process as a business growth engine,Business & Management,p1_format,A,A,stop,1
1001,mf_0200,The Budget process as a business growth engine,Business & Management,p1_format_soft,A,A,stop,1
1002,mf_0200,The Budget process as a business growth engine,Business & Management,p2_complexity,A,A,stop,1
1003,mf_0200,The Budget process as a business growth engine,Business & Management,p4_role,A,B,stop,0
1004,mf_0200,The Budget process as a business growth engine,Business & Management,p5_fewshot,A,A,stop,1
1005,mf_0201,Government Incentive Services Department,Government & Controls,p1_format,C,C,stop,1
1006,mf_0201,Government Incentive Services Department,Government & Controls,p1_format_soft,C,C,stop,1
1007,mf_0201,Government Incentive Services Department,Government & Controls,p2_complexity,C,C,stop,1
1008,mf_0201,Government Incentive Services Department,Government & Controls,p4_role,C,C,stop,1
1009,mf_0201,Government Incentive Services Department,Government & Controls,p5_fewshot,C,C,stop,1
1010,mf_0202,HR: Delivering more for less: What sets top performers apart?,Business & Management,p1_format,A,A,stop,1
1011,mf_0202,HR: Delivering more for less: What sets top performers apart?,Business & Management,p1_format_soft,A,A,stop,1
1012,mf_0202,HR: Delivering more for less: What sets top performers apart?,Business & Management,p2_complexity,A,A,stop,1
1013,mf_0202,HR: Delivering more for less: What sets top performers apart?,Business & Management,p4_role,A,A,stop,1
1014,mf_0202,HR: Delivering more for less: What sets top performers apart?,Business & Management,p5_fewshot,A,A,stop,1
1015,mf_0203,Deal summary SN4 International Oy / Bisnode Finland Oy,Finance,p1_format,B,B,stop,1
1016,mf_0203,Deal summary SN4 International Oy / Bisnode Finland Oy,Finance,p1_format_soft,B,B,stop,1
1017,mf_0203,Deal summary SN4 International Oy / Bisnode Finland Oy,Finance,p2_complexity,B,A,stop,0
1018,mf_0203,Deal summary SN4 International Oy / Bisnode Finland Oy,Finance,p4_role,B,A,stop,0
1019,mf_0203,Deal summary SN4 International Oy / Bisnode Finland Oy,Finance,p5_fewshot,B,B,stop,1
1020,mf_0204,Diversity and inclusion: PwC - Global Annual Review 2020,Business & Management,p1_format,A,A,stop,1
1021,mf_0204,Diversity and inclusion: PwC - Global Annual Review 2020,Business & Management,p1_format_soft,A,A,stop,1
1022,mf_0204,Diversity and inclusion: PwC - Global Annual Review 2020,Business & Management,p2_complexity,A,A,stop,1
1023,mf_0204,Diversity and inclusion: PwC - Global Annual Review 2020,Business & Management,p4_role,A,A,stop,1
1024,mf_0204,Diversity and inclusion: PwC - Global Annual Review 2020,Business & Management,p5_fewshot,A,A,stop,1
1025,mf_0205,Tax accounting,Tax & Accounting,p1_format,E,E,stop,1
1026,mf_0205,Tax accounting,Tax & Accounting,p1_format_soft,E,E,stop,1
1027,mf_0205,Tax accounting,Tax & Accounting,p2_complexity,E,E,stop,1
1028,mf_0205,Tax accounting,Tax & Accounting,p4_role,E,E,stop,1
1029,mf_0205,Tax accounting,Tax & Accounting,p5_fewshot,E,E,stop,1
1030,mf_0206,Finnish Tax Authorities’ actions to support companies during the COVID-19 epidemic,Tax & Accounting,p1_format,E,E,stop,1
1031,mf_0206,Finnish Tax Authorities’ actions to support companies during the COVID-19 epidemic,Tax & Accounting,p1_format_soft,E,E,stop,1
1032,mf_0206,Finnish Tax Authorities’ actions to support companies during the COVID-19 epidemic,Tax & Accounting,p2_complexity,E,E,stop,1
1033,mf_0206,Finnish Tax Authorities’ actions to support companies during the COVID-19 epidemic,Tax & Accounting,p4_role,E,E,stop,1
1034,mf_0206,Finnish Tax Authorities’ actions to support companies during the COVID-19 epidemic,Tax & Accounting,p5_fewshot,E,E,stop,1
1035,mf_0207,PwC Named a Leader for Logistics Management Consulting for second consecutive year,Industry,p1_format,D,A,stop,0
1036,mf_0207,PwC Named a Leader for Logistics Management Consulting for second consecutive year,Industry,p1_format_soft,D,A,stop,0
1037,mf_0207,PwC Named a Leader for Logistics Management Consulting for second consecutive year,Industry,p2_complexity,D,A,stop,0
1038,mf_0207,PwC Named a Leader for Logistics Management Consulting for second consecutive year,Industry,p4_role,D,A,stop,0
1039,mf_0207,PwC Named a Leader for Logistics Management Consulting for second consecutive year,Industry,p5_fewshot,D,A,stop,0
1040,mf_0208,Linking ESG to financing and investment activities,Business & Management,p1_format,A,B,stop,0
1041,mf_0208,Linking ESG to financing and investment activities,Business & Management,p1_format_soft,A,B,stop,0
1042,mf_0208,Linking ESG to financing and investment activities,Business & Management,p2_complexity,A,B,stop,0
1043,mf_0208,Linking ESG to financing and investment activities,Business & Management,p4_role,A,B,stop,0
1044,mf_0208,Linking ESG to financing and investment activities,Business & Management,p5_fewshot,A,B,stop,0
1045,mf_0209,Internet advertising,Industry,p1_format,D,F,stop,0
1046,mf_0209,Internet advertising,Industry,p1_format_soft,D,F,stop,0
1047,mf_0209,Internet advertising,Industry,p2_complexity,D,F,stop,0
1048,mf_0209,Internet advertising,Industry,p4_role,D,F,stop,0
1049,mf_0209,Internet advertising,Industry,p5_fewshot,D,F,stop,0
1050,mf_0210,Shipping Industry,Industry,p1_format,D,D,stop,1
1051,mf_0210,Shipping Industry,Industry,p1_format_soft,D,D,stop,1
1052,mf_0210,Shipping Industry,Industry,p2_complexity,D,D,stop,1
1053,mf_0210,Shipping Industry,Industry,p4_role,D,D,stop,1
1054,mf_0210,Shipping Industry,Industry,p5_fewshot,D,D,stop,1
1055,mf_0211,Global Consumer Insights Survey,Industry,p1_format,D,A,stop,0
1056,mf_0211,Global Consumer Insights Survey,Industry,p1_format_soft,D,A,stop,0
1057,mf_0211,Global Consumer Insights Survey,Industry,p2_complexity,D,A,stop,0
1058,mf_0211,Global Consumer Insights Survey,Industry,p4_role,D,A,stop,0
1059,mf_0211,Global Consumer Insights Survey,Industry,p5_fewshot,D,A,stop,0
1060,mf_0212,Strategy&,Business & Management,p1_format,A,A,stop,1
1061,mf_0212,Strategy&,Business & Management,p1_format_soft,A,A,stop,1
1062,mf_0212,Strategy&,Business & Management,p2_complexity,A,A,stop,1
1063,mf_0212,Strategy&,Business & Management,p4_role,A,A,stop,1
1064,mf_0212,Strategy&,Business & Management,p5_fewshot,A,A,stop,1
1065,mf_0213,The rising attractiveness of alternative asset classes for Sovereign Wealth Funds,Finance,p1_format,B,B,stop,1
1066,mf_0213,The rising attractiveness of alternative asset classes for Sovereign Wealth Funds,Finance,p1_format_soft,B,B,stop,1
1067,mf_0213,The rising attractiveness of alternative asset classes for Sovereign Wealth Funds,Finance,p2_complexity,B,B,stop,1
1068,mf_0213,The rising attractiveness of alternative asset classes for Sovereign Wealth Funds,Finance,p4_role,B,B,stop,1
1069,mf_0213,The rising attractiveness of alternative asset classes for Sovereign Wealth Funds,Finance,p5_fewshot,B,B,stop,1
1070,mf_0214,"Rapidly changing behaviours in 2020 are accelerating consumer embrace of digital, health, and sustainability trends, says PwC",Industry,p1_format,D,A,stop,0
1071,mf_0214,"Rapidly changing behaviours in 2020 are accelerating consumer embrace of digital, health, and sustainability trends, says PwC",Industry,p1_format_soft,D,A,stop,0
1072,mf_0214,"Rapidly changing behaviours in 2020 are accelerating consumer embrace of digital, health, and sustainability trends, says PwC",Industry,p2_complexity,D,A,stop,0
1073,mf_0214,"Rapidly changing behaviours in 2020 are accelerating consumer embrace of digital, health, and sustainability trends, says PwC",Industry,p4_role,D,A,stop,0
1074,mf_0214,"Rapidly changing behaviours in 2020 are accelerating consumer embrace of digital, health, and sustainability trends, says PwC",Industry,p5_fewshot,D,D,stop,1
1075,mf_0215,China’s semiconductor industry remains on the upswing,Technology,p1_format,F,D,stop,0
1076,mf_0215,China’s semiconductor industry remains on the upswing,Technology,p1_format_soft,F,D,stop,0
1077,mf_0215,China’s semiconductor industry remains on the upswing,Technology,p2_complexity,F,D,stop,0
1078,mf_0215,China’s semiconductor industry remains on the upswing,Technology,p4_role,F,F,stop,1
1079,mf_0215,China’s semiconductor industry remains on the upswing,Technology,p5_fewshot,F,F,stop,1
1080,mf_0216,Key English Accelerator - Online Course,Business & Management,p1_format,A,A,stop,1
1081,mf_0216,Key English Accelerator - Online Course,Business & Management,p1_format_soft,A,A,stop,1
1082,mf_0216,Key English Accelerator - Online Course,Business & Management,p2_complexity,A,F,stop,0
1083,mf_0216,Key English Accelerator - Online Course,Business & Management,p4_role,A,A,stop,1
1084,mf_0216,Key English Accelerator - Online Course,Business & Management,p5_fewshot,A,A,stop,1
1085,mf_0217,Playing with the future: PwC’s immersive emerging tech experience,Technology,p1_format,F,F,stop,1
1086,mf_0217,Playing with the future: PwC’s immersive emerging tech experience,Technology,p1_format_soft,F,F,stop,1
1087,mf_0217,Playing with the future: PwC’s immersive emerging tech experience,Technology,p2_complexity,F,F,stop,1
1088,mf_0217,Playing with the future: PwC’s immersive emerging tech experience,Technology,p4_role,F,F,stop,1
1089,mf_0217,Playing with the future: PwC’s immersive emerging tech experience,Technology,p5_fewshot,F,F,stop,1
1090,mf_0218,The COVID-19 crisis has accelerated the Digital Transformation across industries and can lead to a wave of consolidation in the TMT sector,Technology,p1_format,F,F,stop,1
1091,mf_0218,The COVID-19 crisis has accelerated the Digital Transformation across industries and can lead to a wave of consolidation in the TMT sector,Technology,p1_format_soft,F,D,stop,0
1092,mf_0218,The COVID-19 crisis has accelerated the Digital Transformation across industries and can lead to a wave of consolidation in the TMT sector,Technology,p2_complexity,F,D,stop,0
1093,mf_0218,The COVID-19 crisis has accelerated the Digital Transformation across industries and can lead to a wave of consolidation in the TMT sector,Technology,p4_role,F,F,stop,1
1094,mf_0218,The COVID-19 crisis has accelerated the Digital Transformation across industries and can lead to a wave of consolidation in the TMT sector,Technology,p5_fewshot,F,F,stop,1
1095,mf_0219,The Internet of Things,Technology,p1_format,F,F,stop,1
1096,mf_0219,The Internet of Things,Technology,p1_format_soft,F,F,stop,1
1097,mf_0219,The Internet of Things,Technology,p2_complexity,F,F,stop,1
1098,mf_0219,The Internet of Things,Technology,p4_role,F,F,stop,1
1099,mf_0219,The Internet of Things,Technology,p5_fewshot,F,F,stop,1
1100,mf_0220,2016 Family business Survey,Business & Management,p1_format,A,A,stop,1
1101,mf_0220,2016 Family business Survey,Business & Management,p1_format_soft,A,A,stop,1
1102,mf_0220,2016 Family business Survey,Business & Management,p2_complexity,A,A,stop,1
1103,mf_0220,2016 Family business Survey,Business & Management,p4_role,A,A,stop,1
1104,mf_0220,2016 Family business Survey,Business & Management,p5_fewshot,A,A,stop,1
1105,mf_0221,Cash Flow Statements,Tax & Accounting,p1_format,E,E,stop,1
1106,mf_0221,Cash Flow Statements,Tax & Accounting,p1_format_soft,E,E,stop,1
1107,mf_0221,Cash Flow Statements,Tax & Accounting,p2_complexity,E,E,stop,1
1108,mf_0221,Cash Flow Statements,Tax & Accounting,p4_role,E,E,stop,1
1109,mf_0221,Cash Flow Statements,Tax & Accounting,p5_fewshot,E,E,stop,1
1110,mf_0222,Internal Controls Advisory,Government & Controls,p1_format,C,E,stop,0
1111,mf_0222,Internal Controls Advisory,Government & Controls,p1_format_soft,C,E,stop,0
1112,mf_0222,Internal Controls Advisory,Government & Controls,p2_complexity,C,E,stop,0
1113,mf_0222,Internal Controls Advisory,Government & Controls,p4_role,C,E,stop,0
1114,mf_0222,Internal Controls Advisory,Government & Controls,p5_fewshot,C,E,stop,0
1115,mf_0223,Online Gambler Outlook,Industry,p1_format,D,D,stop,1
1116,mf_0223,Online Gambler Outlook,Industry,p1_format_soft,D,D,stop,1
1117,mf_0223,Online Gambler Outlook,Industry,p2_complexity,D,D,stop,1
1118,mf_0223,Online Gambler Outlook,Industry,p4_role,D,D,stop,1
1119,mf_0223,Online Gambler Outlook,Industry,p5_fewshot,D,D,stop,1
1120,mf_0224,Annual report 2016: Creating a technology enabled business transcript,Tax & Accounting,p1_format,E,F,stop,0
1121,mf_0224,Annual report 2016: Creating a technology enabled business transcript,Tax & Accounting,p1_format_soft,E,F,stop,0
1122,mf_0224,Annual report 2016: Creating a technology enabled business transcript,Tax & Accounting,p2_complexity,E,B,stop,0
1123,mf_0224,Annual report 2016: Creating a technology enabled business transcript,Tax & Accounting,p4_role,E,A,stop,0
1124,mf_0224,Annual report 2016: Creating a technology enabled business transcript,Tax & Accounting,p5_fewshot,E,F,stop,0
1125,mf_0225,Asset management and COVID-19: Emerging stronger from uncertain times,Finance,p1_format,B,B,stop,1
1126,mf_0225,Asset management and COVID-19: Emerging stronger from uncertain times,Finance,p1_format_soft,B,B,stop,1
1127,mf_0225,Asset management and COVID-19: Emerging stronger from uncertain times,Finance,p2_complexity,B,B,stop,1
1128,mf_0225,Asset management and COVID-19: Emerging stronger from uncertain times,Finance,p4_role,B,B,stop,1
1129,mf_0225,Asset management and COVID-19: Emerging stronger from uncertain times,Finance,p5_fewshot,B,B,stop,1
1130,mf_0226,COVID-19: What US business leaders should know,Business & Management,p1_format,A,A,stop,1
1131,mf_0226,COVID-19: What US business leaders should know,Business & Management,p1_format_soft,A,A,stop,1
1132,mf_0226,COVID-19: What US business leaders should know,Business & Management,p2_complexity,A,A,stop,1
1133,mf_0226,COVID-19: What US business leaders should know,Business & Management,p4_role,A,A,stop,1
1134,mf_0226,COVID-19: What US business leaders should know,Business & Management,p5_fewshot,A,A,stop,1
1135,mf_0227,Deal summary Investium Group Oy / Titanium Oyj,Finance,p1_format,B,B,stop,1
1136,mf_0227,Deal summary Investium Group Oy / Titanium Oyj,Finance,p1_format_soft,B,B,stop,1
1137,mf_0227,Deal summary Investium Group Oy / Titanium Oyj,Finance,p2_complexity,B,B,stop,1
1138,mf_0227,Deal summary Investium Group Oy / Titanium Oyj,Finance,p4_role,B,A,stop,0
1139,mf_0227,Deal summary Investium Group Oy / Titanium Oyj,Finance,p5_fewshot,B,B,stop,1
1140,mf_0228,Legislative compliance,Government & Controls,p1_format,C,C,stop,1
1141,mf_0228,Legislative compliance,Government & Controls,p1_format_soft,C,C,stop,1
1142,mf_0228,Legislative compliance,Government & Controls,p2_complexity,C,C,stop,1
1143,mf_0228,Legislative compliance,Government & Controls,p4_role,C,C,stop,1
1144,mf_0228,Legislative compliance,Government & Controls,p5_fewshot,C,C,stop,1
1145,mf_0229,PwC’s Family Office Services: Protecting and structuring your family wealth,Business & Management,p1_format,A,B,stop,0
1146,mf_0229,PwC’s Family Office Services: Protecting and structuring your family wealth,Business & Management,p1_format_soft,A,B,stop,0
1147,mf_0229,PwC’s Family Office Services: Protecting and structuring your family wealth,Business & Management,p2_complexity,A,B,stop,0
1148,mf_0229,PwC’s Family Office Services: Protecting and structuring your family wealth,Business & Management,p4_role,A,B,stop,0
1149,mf_0229,PwC’s Family Office Services: Protecting and structuring your family wealth,Business & Management,p5_fewshot,A,B,stop,0
1150,mf_0230,COSO Enterprise Risk Management–Integrating with Strategy and Performance,Business & Management,p1_format,A,A,stop,1
1151,mf_0230,COSO Enterprise Risk Management–Integrating with Strategy and Performance,Business & Management,p1_format_soft,A,A,stop,1
1152,mf_0230,COSO Enterprise Risk Management–Integrating with Strategy and Performance,Business & Management,p2_complexity,A,A,stop,1
1153,mf_0230,COSO Enterprise Risk Management–Integrating with Strategy and Performance,Business & Management,p4_role,A,A,stop,1
1154,mf_0230,COSO Enterprise Risk Management–Integrating with Strategy and Performance,Business & Management,p5_fewshot,A,C,stop,0
1155,mf_0231,Candidate assessment,Business & Management,p1_format,A,A,stop,1
1156,mf_0231,Candidate assessment,Business & Management,p1_format_soft,A,A,stop,1
1157,mf_0231,Candidate assessment,Business & Management,p2_complexity,A,A,stop,1
1158,mf_0231,Candidate assessment,Business & Management,p4_role,A,A,stop,1
1159,mf_0231,Candidate assessment,Business & Management,p5_fewshot,A,A,stop,1
1160,mf_0232,New global initiative to help harness technology to tackle environmental issues.,Business & Management,p1_format,A,F,stop,0
1161,mf_0232,New global initiative to help harness technology to tackle environmental issues.,Business & Management,p1_format_soft,A,F,stop,0
1162,mf_0232,New global initiative to help harness technology to tackle environmental issues.,Business & Management,p2_complexity,A,F,stop,0
1163,mf_0232,New global initiative to help harness technology to tackle environmental issues.,Business & Management,p4_role,A,F,stop,0
1164,mf_0232,New global initiative to help harness technology to tackle environmental issues.,Business & Management,p5_fewshot,A,F,stop,0
1165,mf_0233,Real estate law - what can investors expect in 2018?,Industry,p1_format,D,C,stop,0
1166,mf_0233,Real estate law - what can investors expect in 2018?,Industry,p1_format_soft,D,C,stop,0
1167,mf_0233,Real estate law - what can investors expect in 2018?,Industry,p2_complexity,D,C,stop,0
1168,mf_0233,Real estate law - what can investors expect in 2018?,Industry,p4_role,D,C,stop,0
1169,mf_0233,Real estate law - what can investors expect in 2018?,Industry,p5_fewshot,D,C,stop,0
1170,mf_0234,Deal summary Valio Oy / Chr.Hansen A/S,Finance,p1_format,B,B,stop,1
1171,mf_0234,Deal summary Valio Oy / Chr.Hansen A/S,Finance,p1_format_soft,B,A,stop,0
1172,mf_0234,Deal summary Valio Oy / Chr.Hansen A/S,Finance,p2_complexity,B,A,stop,0
1173,mf_0234,Deal summary Valio Oy / Chr.Hansen A/S,Finance,p4_role,B,A,stop,0
1174,mf_0234,Deal summary Valio Oy / Chr.Hansen A/S,Finance,p5_fewshot,B,B,stop,1
1175,mf_0235,Tax and legal news 10 February 2017,Tax & Accounting,p1_format,E,E,stop,1
1176,mf_0235,Tax and legal news 10 February 2017,Tax & Accounting,p1_format_soft,E,E,stop,1
1177,mf_0235,Tax and legal news 10 February 2017,Tax & Accounting,p2_complexity,E,E,stop,1
1178,mf_0235,Tax and legal news 10 February 2017,Tax & Accounting,p4_role,E,E,stop,1
1179,mf_0235,Tax and legal news 10 February 2017,Tax & Accounting,p5_fewshot,E,E,stop,1
1180,mf_0236,PwC rated as a Leader in AI Consulting,Technology,p1_format,F,F,stop,1
1181,mf_0236,PwC rated as a Leader in AI Consulting,Technology,p1_format_soft,F,F,stop,1
1182,mf_0236,PwC rated as a Leader in AI Consulting,Technology,p2_complexity,F,F,stop,1
1183,mf_0236,PwC rated as a Leader in AI Consulting,Technology,p4_role,F,F,stop,1
1184,mf_0236,PwC rated as a Leader in AI Consulting,Technology,p5_fewshot,F,F,stop,1
1185,mf_0237,Business Driven CIO Advisory,Business & Management,p1_format,A,F,stop,0
1186,mf_0237,Business Driven CIO Advisory,Business & Management,p1_format_soft,A,F,stop,0
1187,mf_0237,Business Driven CIO Advisory,Business & Management,p2_complexity,A,F,stop,0
1188,mf_0237,Business Driven CIO Advisory,Business & Management,p4_role,A,F,stop,0
1189,mf_0237,Business Driven CIO Advisory,Business & Management,p5_fewshot,A,F,stop,0
1190,mf_0238,Building and rebuilding: Managing through change in Australia: Global Family Business Survey 2016: PwC,Business & Management,p1_format,A,A,stop,1
1191,mf_0238,Building and rebuilding: Managing through change in Australia: Global Family Business Survey 2016: PwC,Business & Management,p1_format_soft,A,A,stop,1
1192,mf_0238,Building and rebuilding: Managing through change in Australia: Global Family Business Survey 2016: PwC,Business & Management,p2_complexity,A,A,stop,1
1193,mf_0238,Building and rebuilding: Managing through change in Australia: Global Family Business Survey 2016: PwC,Business & Management,p4_role,A,A,stop,1
1194,mf_0238,Building and rebuilding: Managing through change in Australia: Global Family Business Survey 2016: PwC,Business & Management,p5_fewshot,A,A,stop,1
1195,mf_0239,Transportation and Logistics Industry,Industry,p1_format,D,D,stop,1
1196,mf_0239,Transportation and Logistics Industry,Industry,p1_format_soft,D,D,stop,1
1197,mf_0239,Transportation and Logistics Industry,Industry,p2_complexity,D,D,stop,1
1198,mf_0239,Transportation and Logistics Industry,Industry,p4_role,D,D,stop,1
1199,mf_0239,Transportation and Logistics Industry,Industry,p5_fewshot,D,D,stop,1
1200,mf_0240,Employment matters,Business & Management,p1_format,A,C,stop,0
1201,mf_0240,Employment matters,Business & Management,p1_format_soft,A,A,stop,1
1202,mf_0240,Employment matters,Business & Management,p2_complexity,A,A,stop,1
1203,mf_0240,Employment matters,Business & Management,p4_role,A,A,stop,1
1204,mf_0240,Employment matters,Business & Management,p5_fewshot,A,A,stop,1
1205,mf_0241,Risk assurance - Cyber security - Manage digital security,Technology,p1_format,F,F,stop,1
1206,mf_0241,Risk assurance - Cyber security - Manage digital security,Technology,p1_format_soft,F,F,stop,1
1207,mf_0241,Risk assurance - Cyber security - Manage digital security,Technology,p2_complexity,F,F,stop,1
1208,mf_0241,Risk assurance - Cyber security - Manage digital security,Technology,p4_role,F,F,stop,1
1209,mf_0241,Risk assurance - Cyber security - Manage digital security,Technology,p5_fewshot,F,F,stop,1
1210,mf_0242,Creating value beyond the deal: Technology media & telecommunications,Technology,p1_format,F,D,stop,0
1211,mf_0242,Creating value beyond the deal: Technology media & telecommunications,Technology,p1_format_soft,F,D,stop,0
1212,mf_0242,Creating value beyond the deal: Technology media & telecommunications,Technology,p2_complexity,F,D,stop,0
1213,mf_0242,Creating value beyond the deal: Technology media & telecommunications,Technology,p4_role,F,D,stop,0
1214,mf_0242,Creating value beyond the deal: Technology media & telecommunications,Technology,p5_fewshot,F,D,stop,0
1215,mf_0243,Deals,Finance,p1_format,B,B,stop,1
1216,mf_0243,Deals,Finance,p1_format_soft,B,B,stop,1
1217,mf_0243,Deals,Finance,p2_complexity,B,B,stop,1
1218,mf_0243,Deals,Finance,p4_role,B,B,stop,1
1219,mf_0243,Deals,Finance,p5_fewshot,B,B,stop,1
1220,mf_0244,PwC launches its start-up accelerator program in Warsaw,Business & Management,p1_format,A,A,stop,1
1221,mf_0244,PwC launches its start-up accelerator program in Warsaw,Business & Management,p1_format_soft,A,A,stop,1
1222,mf_0244,PwC launches its start-up accelerator program in Warsaw,Business & Management,p2_complexity,A,A,stop,1
1223,mf_0244,PwC launches its start-up accelerator program in Warsaw,Business & Management,p4_role,A,A,stop,1
1224,mf_0244,PwC launches its start-up accelerator program in Warsaw,Business & Management,p5_fewshot,A,A,stop,1
1225,mf_0245,Deal summary Neste Oyj / OFI InfraVia,Finance,p1_format,B,B,stop,1
1226,mf_0245,Deal summary Neste Oyj / OFI InfraVia,Finance,p1_format_soft,B,B,stop,1
1227,mf_0245,Deal summary Neste Oyj / OFI InfraVia,Finance,p2_complexity,B,B,stop,1
1228,mf_0245,Deal summary Neste Oyj / OFI InfraVia,Finance,p4_role,B,B,stop,1
1229,mf_0245,Deal summary Neste Oyj / OFI InfraVia,Finance,p5_fewshot,B,B,stop,1
1230,mf_0246,Strategy and growth,Business & Management,p1_format,A,A,stop,1
1231,mf_0246,Strategy and growth,Business & Management,p1_format_soft,A,A,stop,1
1232,mf_0246,Strategy and growth,Business & Management,p2_complexity,A,A,stop,1
1233,mf_0246,Strategy and growth,Business & Management,p4_role,A,A,stop,1
1234,mf_0246,Strategy and growth,Business & Management,p5_fewshot,A,A,stop,1
1235,mf_0247,Annual report 2016: Our awards,Tax & Accounting,p1_format,E,B,stop,0
1236,mf_0247,Annual report 2016: Our awards,Tax & Accounting,p1_format_soft,E,A,stop,0
1237,mf_0247,Annual report 2016: Our awards,Tax & Accounting,p2_complexity,E,B,stop,0
1238,mf_0247,Annual report 2016: Our awards,Tax & Accounting,p4_role,E,B,stop,0
1239,mf_0247,Annual report 2016: Our awards,Tax & Accounting,p5_fewshot,E,E,stop,1
1240,mf_0248,Business Recovery Services,Business & Management,p1_format,A,A,stop,1
1241,mf_0248,Business Recovery Services,Business & Management,p1_format_soft,A,A,stop,1
1242,mf_0248,Business Recovery Services,Business & Management,p2_complexity,A,A,stop,1
1243,mf_0248,Business Recovery Services,Business & Management,p4_role,A,A,stop,1
1244,mf_0248,Business Recovery Services,Business & Management,p5_fewshot,A,A,stop,1
1245,mf_0249,Bitcoin: PwC,Technology,p1_format,F,E,stop,0
1246,mf_0249,Bitcoin: PwC,Technology,p1_format_soft,F,B,stop,0
1247,mf_0249,Bitcoin: PwC,Technology,p2_complexity,F,B,stop,0
1248,mf_0249,Bitcoin: PwC,Technology,p4_role,F,E,stop,0
1249,mf_0249,Bitcoin: PwC,Technology,p5_fewshot,F,B,stop,0
1250,mf_0250,The new European Commission's priorities for 2021-2027,Government & Controls,p1_format,C,C,stop,1
1251,mf_0250,The new European Commission's priorities for 2021-2027,Government & Controls,p1_format_soft,C,C,stop,1
1252,mf_0250,The new European Commission's priorities for 2021-2027,Government & Controls,p2_complexity,C,C,stop,1
1253,mf_0250,The new European Commission's priorities for 2021-2027,Government & Controls,p4_role,C,C,stop,1
1254,mf_0250,The new European Commission's priorities for 2021-2027,Government & Controls,p5_fewshot,C,C,stop,1
1255,mf_0251,PwC's Global Consumer Insights Survey 2020,Industry,p1_format,D,A,stop,0
1256,mf_0251,PwC's Global Consumer Insights Survey 2020,Industry,p1_format_soft,D,A,stop,0
1257,mf_0251,PwC's Global Consumer Insights Survey 2020,Industry,p2_complexity,D,A,stop,0
1258,mf_0251,PwC's Global Consumer Insights Survey 2020,Industry,p4_role,D,A,stop,0
1259,mf_0251,PwC's Global Consumer Insights Survey 2020,Industry,p5_fewshot,D,D,stop,1
1260,mf_0252,FinTech 2017,Finance,p1_format,B,F,stop,0
1261,mf_0252,FinTech 2017,Finance,p1_format_soft,B,F,stop,0
1262,mf_0252,FinTech 2017,Finance,p2_complexity,B,F,stop,0
1263,mf_0252,FinTech 2017,Finance,p4_role,B,F,stop,0
1264,mf_0252,FinTech 2017,Finance,p5_fewshot,B,F,stop,0
1265,mf_0253,Workforce of the future: The competing forces shaping 2030,Business & Management,p1_format,A,A,stop,1
1266,mf_0253,Workforce of the future: The competing forces shaping 2030,Business & Management,p1_format_soft,A,A,stop,1
1267,mf_0253,Workforce of the future: The competing forces shaping 2030,Business & Management,p2_complexity,A,A,stop,1
1268,mf_0253,Workforce of the future: The competing forces shaping 2030,Business & Management,p4_role,A,A,stop,1
1269,mf_0253,Workforce of the future: The competing forces shaping 2030,Business & Management,p5_fewshot,A,A,stop,1
1270,mf_0254,2018 State of the Internal Audit Profession Study,Tax & Accounting,p1_format,E,C,stop,0
1271,mf_0254,2018 State of the Internal Audit Profession Study,Tax & Accounting,p1_format_soft,E,C,stop,0
1272,mf_0254,2018 State of the Internal Audit Profession Study,Tax & Accounting,p2_complexity,E,C,stop,0
1273,mf_0254,2018 State of the Internal Audit Profession Study,Tax & Accounting,p4_role,E,C,stop,0
1274,mf_0254,2018 State of the Internal Audit Profession Study,Tax & Accounting,p5_fewshot,E,C,stop,0
1275,mf_0255,Financial Reporting and Accounting Advisory Services,Tax & Accounting,p1_format,E,E,stop,1
1276,mf_0255,Financial Reporting and Accounting Advisory Services,Tax & Accounting,p1_format_soft,E,E,stop,1
1277,mf_0255,Financial Reporting and Accounting Advisory Services,Tax & Accounting,p2_complexity,E,E,stop,1
1278,mf_0255,Financial Reporting and Accounting Advisory Services,Tax & Accounting,p4_role,E,E,stop,1
1279,mf_0255,Financial Reporting and Accounting Advisory Services,Tax & Accounting,p5_fewshot,E,E,stop,1
1280,mf_0256,Deal summary Herrmans Oy Ab,Finance,p1_format,B,B,stop,1
1281,mf_0256,Deal summary Herrmans Oy Ab,Finance,p1_format_soft,B,B,stop,1
1282,mf_0256,Deal summary Herrmans Oy Ab,Finance,p2_complexity,B,A,stop,0
1283,mf_0256,Deal summary Herrmans Oy Ab,Finance,p4_role,B,B,stop,1
1284,mf_0256,Deal summary Herrmans Oy Ab,Finance,p5_fewshot,B,B,stop,1
1285,mf_0257,Compensation scheme for self-employed persons - now also for freelancers,Tax & Accounting,p1_format,E,C,stop,0
1286,mf_0257,Compensation scheme for self-employed persons - now also for freelancers,Tax & Accounting,p1_format_soft,E,C,stop,0
1287,mf_0257,Compensation scheme for self-employed persons - now also for freelancers,Tax & Accounting,p2_complexity,E,C,stop,0
1288,mf_0257,Compensation scheme for self-employed persons - now also for freelancers,Tax & Accounting,p4_role,E,C,stop,0
1289,mf_0257,Compensation scheme for self-employed persons - now also for freelancers,Tax & Accounting,p5_fewshot,E,B,stop,0
1290,mf_0258,10 Minutes on the OECD's BEPS project,Tax & Accounting,p1_format,E,E,stop,1
1291,mf_0258,10 Minutes on the OECD's BEPS project,Tax & Accounting,p1_format_soft,E,E,stop,1
1292,mf_0258,10 Minutes on the OECD's BEPS project,Tax & Accounting,p2_complexity,E,E,stop,1
1293,mf_0258,10 Minutes on the OECD's BEPS project,Tax & Accounting,p4_role,E,E,stop,1
1294,mf_0258,10 Minutes on the OECD's BEPS project,Tax & Accounting,p5_fewshot,E,E,stop,1
1295,mf_0259,Responding to the potential business impacts of COVID-19,Business & Management,p1_format,A,A,stop,1
1296,mf_0259,Responding to the potential business impacts of COVID-19,Business & Management,p1_format_soft,A,A,stop,1
1297,mf_0259,Responding to the potential business impacts of COVID-19,Business & Management,p2_complexity,A,A,stop,1
1298,mf_0259,Responding to the potential business impacts of COVID-19,Business & Management,p4_role,A,A,stop,1
1299,mf_0259,Responding to the potential business impacts of COVID-19,Business & Management,p5_fewshot,A,A,stop,1
1300,mf_0260,19th CEO Survey,Business & Management,p1_format,A,A,stop,1
1301,mf_0260,19th CEO Survey,Business & Management,p1_format_soft,A,A,stop,1
1302,mf_0260,19th CEO Survey,Business & Management,p2_complexity,A,A,stop,1
1303,mf_0260,19th CEO Survey,Business & Management,p4_role,A,A,stop,1
1304,mf_0260,19th CEO Survey,Business & Management,p5_fewshot,A,A,stop,1
1305,mf_0261,Energy and Utilities Industry,Industry,p1_format,D,D,stop,1
1306,mf_0261,Energy and Utilities Industry,Industry,p1_format_soft,D,D,stop,1
1307,mf_0261,Energy and Utilities Industry,Industry,p2_complexity,D,D,stop,1
1308,mf_0261,Energy and Utilities Industry,Industry,p4_role,D,D,stop,1
1309,mf_0261,Energy and Utilities Industry,Industry,p5_fewshot,D,D,stop,1
1310,mf_0262,The financial sector under pressure of change,Finance,p1_format,B,B,stop,1
1311,mf_0262,The financial sector under pressure of change,Finance,p1_format_soft,B,B,stop,1
1312,mf_0262,The financial sector under pressure of change,Finance,p2_complexity,B,B,stop,1
1313,mf_0262,The financial sector under pressure of change,Finance,p4_role,B,B,stop,1
1314,mf_0262,The financial sector under pressure of change,Finance,p5_fewshot,B,B,stop,1
1315,mf_0263,Mergers & Acquisitions Tax Services,Finance,p1_format,B,E,stop,0
1316,mf_0263,Mergers & Acquisitions Tax Services,Finance,p1_format_soft,B,E,stop,0
1317,mf_0263,Mergers & Acquisitions Tax Services,Finance,p2_complexity,B,E,stop,0
1318,mf_0263,Mergers & Acquisitions Tax Services,Finance,p4_role,B,E,stop,0
1319,mf_0263,Mergers & Acquisitions Tax Services,Finance,p5_fewshot,B,E,stop,0
1320,mf_0264,Mergers & Acquisitions Advisory,Finance,p1_format,B,B,stop,1
1321,mf_0264,Mergers & Acquisitions Advisory,Finance,p1_format_soft,B,B,stop,1
1322,mf_0264,Mergers & Acquisitions Advisory,Finance,p2_complexity,B,B,stop,1
1323,mf_0264,Mergers & Acquisitions Advisory,Finance,p4_role,B,B,stop,1
1324,mf_0264,Mergers & Acquisitions Advisory,Finance,p5_fewshot,B,B,stop,1
1325,mf_0265,PwC: Upskilling your workforce should remain a key priority even in an uncertain world,Business & Management,p1_format,A,A,stop,1
1326,mf_0265,PwC: Upskilling your workforce should remain a key priority even in an uncertain world,Business & Management,p1_format_soft,A,A,stop,1
1327,mf_0265,PwC: Upskilling your workforce should remain a key priority even in an uncertain world,Business & Management,p2_complexity,A,A,stop,1
1328,mf_0265,PwC: Upskilling your workforce should remain a key priority even in an uncertain world,Business & Management,p4_role,A,A,stop,1
1329,mf_0265,PwC: Upskilling your workforce should remain a key priority even in an uncertain world,Business & Management,p5_fewshot,A,A,stop,1
1330,mf_0266,Ethics and business conduct,Business & Management,p1_format,A,A,stop,1
1331,mf_0266,Ethics and business conduct,Business & Management,p1_format_soft,A,A,stop,1
1332,mf_0266,Ethics and business conduct,Business & Management,p2_complexity,A,A,stop,1
1333,mf_0266,Ethics and business conduct,Business & Management,p4_role,A,A,stop,1
1334,mf_0266,Ethics and business conduct,Business & Management,p5_fewshot,A,A,stop,1
1335,mf_0267,The Healthy Sense Award presents the 2020 shortlist of nominees,Industry,p1_format,D,A,stop,0
1336,mf_0267,The Healthy Sense Award presents the 2020 shortlist of nominees,Industry,p1_format_soft,D,A,stop,0
1337,mf_0267,The Healthy Sense Award presents the 2020 shortlist of nominees,Industry,p2_complexity,D,A,stop,0
1338,mf_0267,The Healthy Sense Award presents the 2020 shortlist of nominees,Industry,p4_role,D,A,stop,0
1339,mf_0267,The Healthy Sense Award presents the 2020 shortlist of nominees,Industry,p5_fewshot,D,A,stop,0
1340,mf_0268,IFRS 16 Leases,Tax & Accounting,p1_format,E,E,stop,1
1341,mf_0268,IFRS 16 Leases,Tax & Accounting,p1_format_soft,E,E,stop,1
1342,mf_0268,IFRS 16 Leases,Tax & Accounting,p2_complexity,E,E,stop,1
1343,mf_0268,IFRS 16 Leases,Tax & Accounting,p4_role,E,E,stop,1
1344,mf_0268,IFRS 16 Leases,Tax & Accounting,p5_fewshot,E,E,stop,1
1345,mf_0269,The Digital Healthcare Leap,Industry,p1_format,D,F,stop,0
1346,mf_0269,The Digital Healthcare Leap,Industry,p1_format_soft,D,F,stop,0
1347,mf_0269,The Digital Healthcare Leap,Industry,p2_complexity,D,D,stop,1
1348,mf_0269,The Digital Healthcare Leap,Industry,p4_role,D,F,stop,0
1349,mf_0269,The Digital Healthcare Leap,Industry,p5_fewshot,D,F,stop,0
1350,mf_0270,Tax and legal news 7 October 2016,Tax & Accounting,p1_format,E,E,stop,1
1351,mf_0270,Tax and legal news 7 October 2016,Tax & Accounting,p1_format_soft,E,E,stop,1
1352,mf_0270,Tax and legal news 7 October 2016,Tax & Accounting,p2_complexity,E,E,stop,1
1353,mf_0270,Tax and legal news 7 October 2016,Tax & Accounting,p4_role,E,E,stop,1
1354,mf_0270,Tax and legal news 7 October 2016,Tax & Accounting,p5_fewshot,E,E,stop,1
1355,mf_0271,"IFRS news, August 2018",Tax & Accounting,p1_format,E,E,stop,1
1356,mf_0271,"IFRS news, August 2018",Tax & Accounting,p1_format_soft,E,E,stop,1
1357,mf_0271,"IFRS news, August 2018",Tax & Accounting,p2_complexity,E,E,stop,1
1358,mf_0271,"IFRS news, August 2018",Tax & Accounting,p4_role,E,E,stop,1
1359,mf_0271,"IFRS news, August 2018",Tax & Accounting,p5_fewshot,E,E,stop,1
1360,mf_0272,Insurance,Finance,p1_format,B,B,stop,1
1361,mf_0272,Insurance,Finance,p1_format_soft,B,B,stop,1
1362,mf_0272,Insurance,Finance,p2_complexity,B,B,stop,1
1363,mf_0272,Insurance,Finance,p4_role,B,B,stop,1
1364,mf_0272,Insurance,Finance,p5_fewshot,B,B,stop,1
1365,mf_0273,Consumer insights about transport & delivery 2018,Industry,p1_format,D,D,stop,1
1366,mf_0273,Consumer insights about transport & delivery 2018,Industry,p1_format_soft,D,D,stop,1
1367,mf_0273,Consumer insights about transport & delivery 2018,Industry,p2_complexity,D,D,stop,1
1368,mf_0273,Consumer insights about transport & delivery 2018,Industry,p4_role,D,D,stop,1
1369,mf_0273,Consumer insights about transport & delivery 2018,Industry,p5_fewshot,D,D,stop,1
1370,mf_0274,Global Consumer Insights Survey 2019,Industry,p1_format,D,A,stop,0
1371,mf_0274,Global Consumer Insights Survey 2019,Industry,p1_format_soft,D,A,stop,0
1372,mf_0274,Global Consumer Insights Survey 2019,Industry,p2_complexity,D,A,stop,0
1373,mf_0274,Global Consumer Insights Survey 2019,Industry,p4_role,D,A,stop,0
1374,mf_0274,Global Consumer Insights Survey 2019,Industry,p5_fewshot,D,A,stop,0
1375,mf_0275,2017 Oil and Gas Trends,Industry,p1_format,D,D,stop,1
1376,mf_0275,2017 Oil and Gas Trends,Industry,p1_format_soft,D,D,stop,1
1377,mf_0275,2017 Oil and Gas Trends,Industry,p2_complexity,D,D,stop,1
1378,mf_0275,2017 Oil and Gas Trends,Industry,p4_role,D,D,stop,1
1379,mf_0275,2017 Oil and Gas Trends,Industry,p5_fewshot,D,D,stop,1
1380,mf_0276,The digital transformation,Technology,p1_format,F,F,stop,1
1381,mf_0276,The digital transformation,Technology,p1_format_soft,F,F,stop,1
1382,mf_0276,The digital transformation,Technology,p2_complexity,F,F,stop,1
1383,mf_0276,The digital transformation,Technology,p4_role,F,F,stop,1
1384,mf_0276,The digital transformation,Technology,p5_fewshot,F,F,stop,1
1385,mf_0277,Prepare your SAP for no-deal Brexit,Technology,p1_format,F,F,stop,1
1386,mf_0277,Prepare your SAP for no-deal Brexit,Technology,p1_format_soft,F,F,stop,1
1387,mf_0277,Prepare your SAP for no-deal Brexit,Technology,p2_complexity,F,F,stop,1
1388,mf_0277,Prepare your SAP for no-deal Brexit,Technology,p4_role,F,F,stop,1
1389,mf_0277,Prepare your SAP for no-deal Brexit,Technology,p5_fewshot,F,F,stop,1
1390,mf_0278,Cybersecurity and Privacy,Technology,p1_format,F,F,stop,1
1391,mf_0278,Cybersecurity and Privacy,Technology,p1_format_soft,F,F,stop,1
1392,mf_0278,Cybersecurity and Privacy,Technology,p2_complexity,F,F,stop,1
1393,mf_0278,Cybersecurity and Privacy,Technology,p4_role,F,F,stop,1
1394,mf_0278,Cybersecurity and Privacy,Technology,p5_fewshot,F,F,stop,1
1395,mf_0279,Success factors: Tech’s appeal in Greece: Global Family Business Survey 2016: PwC,Business & Management,p1_format,A,F,stop,0
1396,mf_0279,Success factors: Tech’s appeal in Greece: Global Family Business Survey 2016: PwC,Business & Management,p1_format_soft,A,F,stop,0
1397,mf_0279,Success factors: Tech’s appeal in Greece: Global Family Business Survey 2016: PwC,Business & Management,p2_complexity,A,F,stop,0
1398,mf_0279,Success factors: Tech’s appeal in Greece: Global Family Business Survey 2016: PwC,Business & Management,p4_role,A,F,stop,0
1399,mf_0279,Success factors: Tech’s appeal in Greece: Global Family Business Survey 2016: PwC,Business & Management,p5_fewshot,A,F,stop,0
1400,mf_0280,Performance assurance services,Tax & Accounting,p1_format,E,E,stop,1
1401,mf_0280,Performance assurance services,Tax & Accounting,p1_format_soft,E,E,stop,1
1402,mf_0280,Performance assurance services,Tax & Accounting,p2_complexity,E,E,stop,1
1403,mf_0280,Performance assurance services,Tax & Accounting,p4_role,E,E,stop,1
1404,mf_0280,Performance assurance services,Tax & Accounting,p5_fewshot,E,E,stop,1
1405,mf_0281,Central Government Reforms: “Transforming Policy to Action”,Government & Controls,p1_format,C,C,stop,1
1406,mf_0281,Central Government Reforms: “Transforming Policy to Action”,Government & Controls,p1_format_soft,C,C,stop,1
1407,mf_0281,Central Government Reforms: “Transforming Policy to Action”,Government & Controls,p2_complexity,C,C,stop,1
1408,mf_0281,Central Government Reforms: “Transforming Policy to Action”,Government & Controls,p4_role,C,C,stop,1
1409,mf_0281,Central Government Reforms: “Transforming Policy to Action”,Government & Controls,p5_fewshot,C,C,stop,1
1410,mf_0282,Auditing and accounting,Tax & Accounting,p1_format,E,E,stop,1
1411,mf_0282,Auditing and accounting,Tax & Accounting,p1_format_soft,E,E,stop,1
1412,mf_0282,Auditing and accounting,Tax & Accounting,p2_complexity,E,E,stop,1
1413,mf_0282,Auditing and accounting,Tax & Accounting,p4_role,E,E,stop,1
1414,mf_0282,Auditing and accounting,Tax & Accounting,p5_fewshot,E,E,stop,1
1415,mf_0283,Emerging Trends in Real Estate®: Europe 2018,Industry,p1_format,D,D,stop,1
1416,mf_0283,Emerging Trends in Real Estate®: Europe 2018,Industry,p1_format_soft,D,D,stop,1
1417,mf_0283,Emerging Trends in Real Estate®: Europe 2018,Industry,p2_complexity,D,D,stop,1
1418,mf_0283,Emerging Trends in Real Estate®: Europe 2018,Industry,p4_role,D,D,stop,1
1419,mf_0283,Emerging Trends in Real Estate®: Europe 2018,Industry,p5_fewshot,D,D,stop,1
1420,mf_0284,Deal summary OneMed Group Oy / Megra Oy,Finance,p1_format,B,B,stop,1
1421,mf_0284,Deal summary OneMed Group Oy / Megra Oy,Finance,p1_format_soft,B,B,stop,1
1422,mf_0284,Deal summary OneMed Group Oy / Megra Oy,Finance,p2_complexity,B,B,stop,1
1423,mf_0284,Deal summary OneMed Group Oy / Megra Oy,Finance,p4_role,B,B,stop,1
1424,mf_0284,Deal summary OneMed Group Oy / Megra Oy,Finance,p5_fewshot,B,A,stop,0
1425,mf_0285,Corporate Income Tax,Tax & Accounting,p1_format,E,E,stop,1
1426,mf_0285,Corporate Income Tax,Tax & Accounting,p1_format_soft,E,E,stop,1
1427,mf_0285,Corporate Income Tax,Tax & Accounting,p2_complexity,E,E,stop,1
1428,mf_0285,Corporate Income Tax,Tax & Accounting,p4_role,E,E,stop,1
1429,mf_0285,Corporate Income Tax,Tax & Accounting,p5_fewshot,E,E,stop,1
1430,mf_0286,Further important changes in income taxes and the Polish Tax Code,Tax & Accounting,p1_format,E,E,stop,1
1431,mf_0286,Further important changes in income taxes and the Polish Tax Code,Tax & Accounting,p1_format_soft,E,E,stop,1
1432,mf_0286,Further important changes in income taxes and the Polish Tax Code,Tax & Accounting,p2_complexity,E,E,stop,1
1433,mf_0286,Further important changes in income taxes and the Polish Tax Code,Tax & Accounting,p4_role,E,E,stop,1
1434,mf_0286,Further important changes in income taxes and the Polish Tax Code,Tax & Accounting,p5_fewshot,E,E,stop,1
1435,mf_0287,Actuarial services contact form,Finance,p1_format,B,B,stop,1
1436,mf_0287,Actuarial services contact form,Finance,p1_format_soft,B,B,stop,1
1437,mf_0287,Actuarial services contact form,Finance,p2_complexity,B,B,stop,1
1438,mf_0287,Actuarial services contact form,Finance,p4_role,B,B,stop,1
1439,mf_0287,Actuarial services contact form,Finance,p5_fewshot,B,B,stop,1
1440,mf_0288,Deal summary Mankkaan Taksi Oy / Cabonline Group,Finance,p1_format,B,A,stop,0
1441,mf_0288,Deal summary Mankkaan Taksi Oy / Cabonline Group,Finance,p1_format_soft,B,A,stop,0
1442,mf_0288,Deal summary Mankkaan Taksi Oy / Cabonline Group,Finance,p2_complexity,B,A,stop,0
1443,mf_0288,Deal summary Mankkaan Taksi Oy / Cabonline Group,Finance,p4_role,B,A,stop,0
1444,mf_0288,Deal summary Mankkaan Taksi Oy / Cabonline Group,Finance,p5_fewshot,B,B,stop,1
1445,mf_0289,Fraud Risk Management,Government & Controls,p1_format,C,B,stop,0
1446,mf_0289,Fraud Risk Management,Government & Controls,p1_format_soft,C,B,stop,0
1447,mf_0289,Fraud Risk Management,Government & Controls,p2_complexity,C,B,stop,0
1448,mf_0289,Fraud Risk Management,Government & Controls,p4_role,C,B,stop,0
1449,mf_0289,Fraud Risk Management,Government & Controls,p5_fewshot,C,C,stop,1
1450,mf_0290,Finance and investment audit,Tax & Accounting,p1_format,E,B,stop,0
1451,mf_0290,Finance and investment audit,Tax & Accounting,p1_format_soft,E,B,stop,0
1452,mf_0290,Finance and investment audit,Tax & Accounting,p2_complexity,E,B,stop,0
1453,mf_0290,Finance and investment audit,Tax & Accounting,p4_role,E,B,stop,0
1454,mf_0290,Finance and investment audit,Tax & Accounting,p5_fewshot,E,B,stop,0
1455,mf_0291,Tax and legal news 26 January 2017,Tax & Accounting,p1_format,E,E,stop,1
1456,mf_0291,Tax and legal news 26 January 2017,Tax & Accounting,p1_format_soft,E,E,stop,1
1457,mf_0291,Tax and legal news 26 January 2017,Tax & Accounting,p2_complexity,E,E,stop,1
1458,mf_0291,Tax and legal news 26 January 2017,Tax & Accounting,p4_role,E,E,stop,1
1459,mf_0291,Tax and legal news 26 January 2017,Tax & Accounting,p5_fewshot,E,E,stop,1
1460,mf_0292,PwC launches new tool to help organisations assess their workforce strategy,Business & Management,p1_format,A,A,stop,1
1461,mf_0292,PwC launches new tool to help organisations assess their workforce strategy,Business & Management,p1_format_soft,A,A,stop,1
1462,mf_0292,PwC launches new tool to help organisations assess their workforce strategy,Business & Management,p2_complexity,A,A,stop,1
1463,mf_0292,PwC launches new tool to help organisations assess their workforce strategy,Business & Management,p4_role,A,A,stop,1
1464,mf_0292,PwC launches new tool to help organisations assess their workforce strategy,Business & Management,p5_fewshot,A,A,stop,1
1465,mf_0293,IFRS news - June 2017,Tax & Accounting,p1_format,E,E,stop,1
1466,mf_0293,IFRS news - June 2017,Tax & Accounting,p1_format_soft,E,E,stop,1
1467,mf_0293,IFRS news - June 2017,Tax & Accounting,p2_complexity,E,E,stop,1
1468,mf_0293,IFRS news - June 2017,Tax & Accounting,p4_role,E,E,stop,1
1469,mf_0293,IFRS news - June 2017,Tax & Accounting,p5_fewshot,E,E,stop,1
1470,mf_0294,Deal summary OFI InfraVia / Outokumpu Oyj,Finance,p1_format,B,B,stop,1
1471,mf_0294,Deal summary OFI InfraVia / Outokumpu Oyj,Finance,p1_format_soft,B,B,stop,1
1472,mf_0294,Deal summary OFI InfraVia / Outokumpu Oyj,Finance,p2_complexity,B,B,stop,1
1473,mf_0294,Deal summary OFI InfraVia / Outokumpu Oyj,Finance,p4_role,B,B,stop,1
1474,mf_0294,Deal summary OFI InfraVia / Outokumpu Oyj,Finance,p5_fewshot,B,B,stop,1
1475,mf_0295,Leaders need to take responsibility for — and action on — responsible AI practices,Technology,p1_format,F,F,stop,1
1476,mf_0295,Leaders need to take responsibility for — and action on — responsible AI practices,Technology,p1_format_soft,F,F,stop,1
1477,mf_0295,Leaders need to take responsibility for — and action on — responsible AI practices,Technology,p2_complexity,F,F,stop,1
1478,mf_0295,Leaders need to take responsibility for — and action on — responsible AI practices,Technology,p4_role,F,F,stop,1
1479,mf_0295,Leaders need to take responsibility for — and action on — responsible AI practices,Technology,p5_fewshot,F,F,stop,1
1480,mf_0296,Global 100 Software Leaders report,Technology,p1_format,F,F,stop,1
1481,mf_0296,Global 100 Software Leaders report,Technology,p1_format_soft,F,F,stop,1
1482,mf_0296,Global 100 Software Leaders report,Technology,p2_complexity,F,F,stop,1
1483,mf_0296,Global 100 Software Leaders report,Technology,p4_role,F,F,stop,1
1484,mf_0296,Global 100 Software Leaders report,Technology,p5_fewshot,F,F,stop,1
1485,mf_0297,"IFRS news, October 2017",Tax & Accounting,p1_format,E,E,stop,1
1486,mf_0297,"IFRS news, October 2017",Tax & Accounting,p1_format_soft,E,E,stop,1
1487,mf_0297,"IFRS news, October 2017",Tax & Accounting,p2_complexity,E,E,stop,1
1488,mf_0297,"IFRS news, October 2017",Tax & Accounting,p4_role,E,E,stop,1
1489,mf_0297,"IFRS news, October 2017",Tax & Accounting,p5_fewshot,E,E,stop,1
1490,mf_0298,Energy Deals 2019,Industry,p1_format,D,D,stop,1
1491,mf_0298,Energy Deals 2019,Industry,p1_format_soft,D,D,stop,1
1492,mf_0298,Energy Deals 2019,Industry,p2_complexity,D,D,stop,1
1493,mf_0298,Energy Deals 2019,Industry,p4_role,D,D,stop,1
1494,mf_0298,Energy Deals 2019,Industry,p5_fewshot,D,D,stop,1
1495,mf_0299,The impacts of COVID-19 on taxation in Finland,Tax & Accounting,p1_format,E,E,stop,1
1496,mf_0299,The impacts of COVID-19 on taxation in Finland,Tax & Accounting,p1_format_soft,E,E,stop,1
1497,mf_0299,The impacts of COVID-19 on taxation in Finland,Tax & Accounting,p2_complexity,E,E,stop,1
1498,mf_0299,The impacts of COVID-19 on taxation in Finland,Tax & Accounting,p4_role,E,E,stop,1
1499,mf_0299,The impacts of COVID-19 on taxation in Finland,Tax & Accounting,p5_fewshot,E,E,stop,1
1500,mf_0300,System process assurance,Tax & Accounting,p1_format,E,F,stop,0
1501,mf_0300,System process assurance,Tax & Accounting,p1_format_soft,E,F,stop,0
1502,mf_0300,System process assurance,Tax & Accounting,p2_complexity,E,F,stop,0
1503,mf_0300,System process assurance,Tax & Accounting,p4_role,E,F,stop,0
1504,mf_0300,System process assurance,Tax & Accounting,p5_fewshot,E,F,stop,0
1505,mf_0301,"IFRS news, April 2020",Tax & Accounting,p1_format,E,E,stop,1
1506,mf_0301,"IFRS news, April 2020",Tax & Accounting,p1_format_soft,E,E,stop,1
1507,mf_0301,"IFRS news, April 2020",Tax & Accounting,p2_complexity,E,E,stop,1
1508,mf_0301,"IFRS news, April 2020",Tax & Accounting,p4_role,E,E,stop,1
1509,mf_0301,"IFRS news, April 2020",Tax & Accounting,p5_fewshot,E,E,stop,1
1510,mf_0302,Diversity and inclusion,Business & Management,p1_format,A,A,stop,1
1511,mf_0302,Diversity and inclusion,Business & Management,p1_format_soft,A,A,stop,1
1512,mf_0302,Diversity and inclusion,Business & Management,p2_complexity,A,A,stop,1
1513,mf_0302,Diversity and inclusion,Business & Management,p4_role,A,A,stop,1
1514,mf_0302,Diversity and inclusion,Business & Management,p5_fewshot,A,A,stop,1
1515,mf_0303,PwC's 21st CEO Survey: Key findings from the asset and wealth management industry,Finance,p1_format,B,B,stop,1
1516,mf_0303,PwC's 21st CEO Survey: Key findings from the asset and wealth management industry,Finance,p1_format_soft,B,B,stop,1
1517,mf_0303,PwC's 21st CEO Survey: Key findings from the asset and wealth management industry,Finance,p2_complexity,B,B,stop,1
1518,mf_0303,PwC's 21st CEO Survey: Key findings from the asset and wealth management industry,Finance,p4_role,B,B,stop,1
1519,mf_0303,PwC's 21st CEO Survey: Key findings from the asset and wealth management industry,Finance,p5_fewshot,B,B,stop,1
1520,mf_0304,Implementation of the filing of combined withholding tax returns and social security declarations postponed (again),Finance,p1_format,B,E,stop,0
1521,mf_0304,Implementation of the filing of combined withholding tax returns and social security declarations postponed (again),Finance,p1_format_soft,B,E,stop,0
1522,mf_0304,Implementation of the filing of combined withholding tax returns and social security declarations postponed (again),Finance,p2_complexity,B,E,stop,0
1523,mf_0304,Implementation of the filing of combined withholding tax returns and social security declarations postponed (again),Finance,p4_role,B,E,stop,0
1524,mf_0304,Implementation of the filing of combined withholding tax returns and social security declarations postponed (again),Finance,p5_fewshot,B,E,stop,0
1525,mf_0305,Responding to the potential business impacts of COVID-19,Business & Management,p1_format,A,A,stop,1
1526,mf_0305,Responding to the potential business impacts of COVID-19,Business & Management,p1_format_soft,A,A,stop,1
1527,mf_0305,Responding to the potential business impacts of COVID-19,Business & Management,p2_complexity,A,A,stop,1
1528,mf_0305,Responding to the potential business impacts of COVID-19,Business & Management,p4_role,A,A,stop,1
1529,mf_0305,Responding to the potential business impacts of COVID-19,Business & Management,p5_fewshot,A,A,stop,1
1530,mf_0306,Insurance Banana Skins 2017,Finance,p1_format,B,B,stop,1
1531,mf_0306,Insurance Banana Skins 2017,Finance,p1_format_soft,B,D,stop,0
1532,mf_0306,Insurance Banana Skins 2017,Finance,p2_complexity,B,D,stop,0
1533,mf_0306,Insurance Banana Skins 2017,Finance,p4_role,B,B,stop,1
1534,mf_0306,Insurance Banana Skins 2017,Finance,p5_fewshot,B,D,stop,0
1535,mf_0307,IFRS reporting,Tax & Accounting,p1_format,E,E,stop,1
1536,mf_0307,IFRS reporting,Tax & Accounting,p1_format_soft,E,E,stop,1
1537,mf_0307,IFRS reporting,Tax & Accounting,p2_complexity,E,E,stop,1
1538,mf_0307,IFRS reporting,Tax & Accounting,p4_role,E,E,stop,1
1539,mf_0307,IFRS reporting,Tax & Accounting,p5_fewshot,E,E,stop,1
1540,mf_0308,Tax rate benchmarking: Retail sector,Industry,p1_format,D,E,stop,0
1541,mf_0308,Tax rate benchmarking: Retail sector,Industry,p1_format_soft,D,E,stop,0
1542,mf_0308,Tax rate benchmarking: Retail sector,Industry,p2_complexity,D,E,stop,0
1543,mf_0308,Tax rate benchmarking: Retail sector,Industry,p4_role,D,E,stop,0
1544,mf_0308,Tax rate benchmarking: Retail sector,Industry,p5_fewshot,D,E,stop,0
1545,mf_0309,The Danish Ministry of Taxation publishes Bill to adjust the Danish tonnage tax scheme and the DIS scheme,Tax & Accounting,p1_format,E,E,stop,1
1546,mf_0309,The Danish Ministry of Taxation publishes Bill to adjust the Danish tonnage tax scheme and the DIS scheme,Tax & Accounting,p1_format_soft,E,E,stop,1
1547,mf_0309,The Danish Ministry of Taxation publishes Bill to adjust the Danish tonnage tax scheme and the DIS scheme,Tax & Accounting,p2_complexity,E,E,stop,1
1548,mf_0309,The Danish Ministry of Taxation publishes Bill to adjust the Danish tonnage tax scheme and the DIS scheme,Tax & Accounting,p4_role,E,E,stop,1
1549,mf_0309,The Danish Ministry of Taxation publishes Bill to adjust the Danish tonnage tax scheme and the DIS scheme,Tax & Accounting,p5_fewshot,E,E,stop,1
1550,mf_0310,PwC Appoints Pete Brown to co-lead Global People and Organisation Services,Business & Management,p1_format,A,A,stop,1
1551,mf_0310,PwC Appoints Pete Brown to co-lead Global People and Organisation Services,Business & Management,p1_format_soft,A,A,stop,1
1552,mf_0310,PwC Appoints Pete Brown to co-lead Global People and Organisation Services,Business & Management,p2_complexity,A,A,stop,1
1553,mf_0310,PwC Appoints Pete Brown to co-lead Global People and Organisation Services,Business & Management,p4_role,A,A,stop,1
1554,mf_0310,PwC Appoints Pete Brown to co-lead Global People and Organisation Services,Business & Management,p5_fewshot,A,A,stop,1
1555,mf_0311,What is ESG?,Business & Management,p1_format,A,B,stop,0
1556,mf_0311,What is ESG?,Business & Management,p1_format_soft,A,B,stop,0
1557,mf_0311,What is ESG?,Business & Management,p2_complexity,A,B,stop,0
1558,mf_0311,What is ESG?,Business & Management,p4_role,A,B,stop,0
1559,mf_0311,What is ESG?,Business & Management,p5_fewshot,A,B,stop,0
1560,mf_0312,Emerging Trends in Real Estate® - Europe 2018,Industry,p1_format,D,D,stop,1
1561,mf_0312,Emerging Trends in Real Estate® - Europe 2018,Industry,p1_format_soft,D,D,stop,1
1562,mf_0312,Emerging Trends in Real Estate® - Europe 2018,Industry,p2_complexity,D,D,stop,1
1563,mf_0312,Emerging Trends in Real Estate® - Europe 2018,Industry,p4_role,D,D,stop,1
1564,mf_0312,Emerging Trends in Real Estate® - Europe 2018,Industry,p5_fewshot,D,D,stop,1
1565,mf_0313,Data consumption,Technology,p1_format,F,F,stop,1
1566,mf_0313,Data consumption,Technology,p1_format_soft,F,F,stop,1
1567,mf_0313,Data consumption,Technology,p2_complexity,F,F,stop,1
1568,mf_0313,Data consumption,Technology,p4_role,F,F,stop,1
1569,mf_0313,Data consumption,Technology,p5_fewshot,F,F,stop,1
1570,mf_0314,Deal summary AinaCom Oy,Finance,p1_format,B,B,stop,1
1571,mf_0314,Deal summary AinaCom Oy,Finance,p1_format_soft,B,B,stop,1
1572,mf_0314,Deal summary AinaCom Oy,Finance,p2_complexity,B,B,stop,1
1573,mf_0314,Deal summary AinaCom Oy,Finance,p4_role,B,B,stop,1
1574,mf_0314,Deal summary AinaCom Oy,Finance,p5_fewshot,B,B,stop,1
1575,mf_0315,Tax services,Tax & Accounting,p1_format,E,E,stop,1
1576,mf_0315,Tax services,Tax & Accounting,p1_format_soft,E,E,stop,1
1577,mf_0315,Tax services,Tax & Accounting,p2_complexity,E,E,stop,1
1578,mf_0315,Tax services,Tax & Accounting,p4_role,E,E,stop,1
1579,mf_0315,Tax services,Tax & Accounting,p5_fewshot,E,E,stop,1
1580,mf_0316,Healthcare CEOs concerned about cyber threats but few are taking action,Industry,p1_format,D,A,stop,0
1581,mf_0316,Healthcare CEOs concerned about cyber threats but few are taking action,Industry,p1_format_soft,D,F,stop,0
1582,mf_0316,Healthcare CEOs concerned about cyber threats but few are taking action,Industry,p2_complexity,D,F,stop,0
1583,mf_0316,Healthcare CEOs concerned about cyber threats but few are taking action,Industry,p4_role,D,A,stop,0
1584,mf_0316,Healthcare CEOs concerned about cyber threats but few are taking action,Industry,p5_fewshot,D,F,stop,0
1585,mf_0317,PwC Named a Leader in Strategic Risk Management Consulting,Government & Controls,p1_format,C,A,stop,0
1586,mf_0317,PwC Named a Leader in Strategic Risk Management Consulting,Government & Controls,p1_format_soft,C,A,stop,0
1587,mf_0317,PwC Named a Leader in Strategic Risk Management Consulting,Government & Controls,p2_complexity,C,A,stop,0
1588,mf_0317,PwC Named a Leader in Strategic Risk Management Consulting,Government & Controls,p4_role,C,A,stop,0
1589,mf_0317,PwC Named a Leader in Strategic Risk Management Consulting,Government & Controls,p5_fewshot,C,A,stop,0
1590,mf_0318,Deal summary Veho Oy Ab,Finance,p1_format,B,B,stop,1
1591,mf_0318,Deal summary Veho Oy Ab,Finance,p1_format_soft,B,A,stop,0
1592,mf_0318,Deal summary Veho Oy Ab,Finance,p2_complexity,B,B,stop,1
1593,mf_0318,Deal summary Veho Oy Ab,Finance,p4_role,B,B,stop,1
1594,mf_0318,Deal summary Veho Oy Ab,Finance,p5_fewshot,B,B,stop,1
1595,mf_0319,HR system transformation,Business & Management,p1_format,A,F,stop,0
1596,mf_0319,HR system transformation,Business & Management,p1_format_soft,A,F,stop,0
1597,mf_0319,HR system transformation,Business & Management,p2_complexity,A,F,stop,0
1598,mf_0319,HR system transformation,Business & Management,p4_role,A,F,stop,0
1599,mf_0319,HR system transformation,Business & Management,p5_fewshot,A,F,stop,0
1600,mf_0320,Traditional TV and home video,Industry,p1_format,D,D,stop,1
1601,mf_0320,Traditional TV and home video,Industry,p1_format_soft,D,D,stop,1
1602,mf_0320,Traditional TV and home video,Industry,p2_complexity,D,D,stop,1
1603,mf_0320,Traditional TV and home video,Industry,p4_role,D,D,stop,1
1604,mf_0320,Traditional TV and home video,Industry,p5_fewshot,D,D,stop,1
1605,mf_0321,Tax Flash: New Investment Incentive Law,Tax & Accounting,p1_format,E,E,stop,1
1606,mf_0321,Tax Flash: New Investment Incentive Law,Tax & Accounting,p1_format_soft,E,E,stop,1
1607,mf_0321,Tax Flash: New Investment Incentive Law,Tax & Accounting,p2_complexity,E,E,stop,1
1608,mf_0321,Tax Flash: New Investment Incentive Law,Tax & Accounting,p4_role,E,E,stop,1
1609,mf_0321,Tax Flash: New Investment Incentive Law,Tax & Accounting,p5_fewshot,E,E,stop,1
1610,mf_0322,Global Economic Crime Survey 2016,Government & Controls,p1_format,C,C,stop,1
1611,mf_0322,Global Economic Crime Survey 2016,Government & Controls,p1_format_soft,C,B,stop,0
1612,mf_0322,Global Economic Crime Survey 2016,Government & Controls,p2_complexity,C,C,stop,1
1613,mf_0322,Global Economic Crime Survey 2016,Government & Controls,p4_role,C,B,stop,0
1614,mf_0322,Global Economic Crime Survey 2016,Government & Controls,p5_fewshot,C,B,stop,0
1615,mf_0323,The circular economy model,Industry,p1_format,D,A,stop,0
1616,mf_0323,The circular economy model,Industry,p1_format_soft,D,A,stop,0
1617,mf_0323,The circular economy model,Industry,p2_complexity,D,A,stop,0
1618,mf_0323,The circular economy model,Industry,p4_role,D,A,stop,0
1619,mf_0323,The circular economy model,Industry,p5_fewshot,D,A,stop,0
1620,mf_0324,PwC Named a Leader in HR Operations Consulting,Business & Management,p1_format,A,A,stop,1
1621,mf_0324,PwC Named a Leader in HR Operations Consulting,Business & Management,p1_format_soft,A,A,stop,1
1622,mf_0324,PwC Named a Leader in HR Operations Consulting,Business & Management,p2_complexity,A,A,stop,1
1623,mf_0324,PwC Named a Leader in HR Operations Consulting,Business & Management,p4_role,A,A,stop,1
1624,mf_0324,PwC Named a Leader in HR Operations Consulting,Business & Management,p5_fewshot,A,A,stop,1
1625,mf_0325,PwC rated as a Leader for Global Cybersecurity Consulting,Technology,p1_format,F,F,stop,1
1626,mf_0325,PwC rated as a Leader for Global Cybersecurity Consulting,Technology,p1_format_soft,F,F,stop,1
1627,mf_0325,PwC rated as a Leader for Global Cybersecurity Consulting,Technology,p2_complexity,F,F,stop,1
1628,mf_0325,PwC rated as a Leader for Global Cybersecurity Consulting,Technology,p4_role,F,F,stop,1
1629,mf_0325,PwC rated as a Leader for Global Cybersecurity Consulting,Technology,p5_fewshot,F,F,stop,1
1630,mf_0326,Ethics & Compliance,Government & Controls,p1_format,C,C,stop,1
1631,mf_0326,Ethics & Compliance,Government & Controls,p1_format_soft,C,C,stop,1
1632,mf_0326,Ethics & Compliance,Government & Controls,p2_complexity,C,C,stop,1
1633,mf_0326,Ethics & Compliance,Government & Controls,p4_role,C,C,stop,1
1634,mf_0326,Ethics & Compliance,Government & Controls,p5_fewshot,C,C,stop,1
1635,mf_0327,IFRS news,Tax & Accounting,p1_format,E,E,stop,1
1636,mf_0327,IFRS news,Tax & Accounting,p1_format_soft,E,E,stop,1
1637,mf_0327,IFRS news,Tax & Accounting,p2_complexity,E,E,stop,1
1638,mf_0327,IFRS news,Tax & Accounting,p4_role,E,E,stop,1
1639,mf_0327,IFRS news,Tax & Accounting,p5_fewshot,E,E,stop,1
1640,mf_0328,Tax accounting,Tax & Accounting,p1_format,E,E,stop,1
1641,mf_0328,Tax accounting,Tax & Accounting,p1_format_soft,E,E,stop,1
1642,mf_0328,Tax accounting,Tax & Accounting,p2_complexity,E,E,stop,1
1643,mf_0328,Tax accounting,Tax & Accounting,p4_role,E,E,stop,1
1644,mf_0328,Tax accounting,Tax & Accounting,p5_fewshot,E,E,stop,1
1645,mf_0329,Deal summary Korona Invest / Intera Partners,Finance,p1_format,B,B,stop,1
1646,mf_0329,Deal summary Korona Invest / Intera Partners,Finance,p1_format_soft,B,B,stop,1
1647,mf_0329,Deal summary Korona Invest / Intera Partners,Finance,p2_complexity,B,B,stop,1
1648,mf_0329,Deal summary Korona Invest / Intera Partners,Finance,p4_role,B,B,stop,1
1649,mf_0329,Deal summary Korona Invest / Intera Partners,Finance,p5_fewshot,B,B,stop,1
1650,mf_0330,Deal summary Neste Oyj / OFI InfraVia,Finance,p1_format,B,B,stop,1
1651,mf_0330,Deal summary Neste Oyj / OFI InfraVia,Finance,p1_format_soft,B,B,stop,1
1652,mf_0330,Deal summary Neste Oyj / OFI InfraVia,Finance,p2_complexity,B,B,stop,1
1653,mf_0330,Deal summary Neste Oyj / OFI InfraVia,Finance,p4_role,B,B,stop,1
1654,mf_0330,Deal summary Neste Oyj / OFI InfraVia,Finance,p5_fewshot,B,B,stop,1
1655,mf_0331,Employee’s Capital Pension Scheme – updated draft of new regulations has been published,Finance,p1_format,B,C,stop,0
1656,mf_0331,Employee’s Capital Pension Scheme – updated draft of new regulations has been published,Finance,p1_format_soft,B,C,stop,0
1657,mf_0331,Employee’s Capital Pension Scheme – updated draft of new regulations has been published,Finance,p2_complexity,B,C,stop,0
1658,mf_0331,Employee’s Capital Pension Scheme – updated draft of new regulations has been published,Finance,p4_role,B,C,stop,0
1659,mf_0331,Employee’s Capital Pension Scheme – updated draft of new regulations has been published,Finance,p5_fewshot,B,C,stop,0
1660,mf_0332,Audit and assurance services contact form,Tax & Accounting,p1_format,E,E,stop,1
1661,mf_0332,Audit and assurance services contact form,Tax & Accounting,p1_format_soft,E,E,stop,1
1662,mf_0332,Audit and assurance services contact form,Tax & Accounting,p2_complexity,E,E,stop,1
1663,mf_0332,Audit and assurance services contact form,Tax & Accounting,p4_role,E,E,stop,1
1664,mf_0332,Audit and assurance services contact form,Tax & Accounting,p5_fewshot,E,E,stop,1
1665,mf_0333,Growth through Innovation: “PwC's Accelerator”,Business & Management,p1_format,A,A,stop,1
1666,mf_0333,Growth through Innovation: “PwC's Accelerator”,Business & Management,p1_format_soft,A,A,stop,1
1667,mf_0333,Growth through Innovation: “PwC's Accelerator”,Business & Management,p2_complexity,A,A,stop,1
1668,mf_0333,Growth through Innovation: “PwC's Accelerator”,Business & Management,p4_role,A,A,stop,1
1669,mf_0333,Growth through Innovation: “PwC's Accelerator”,Business & Management,p5_fewshot,A,A,stop,1
1670,mf_0334,Emerging Trends in Real Estate: The Global Outlook 2019,Industry,p1_format,D,D,stop,1
1671,mf_0334,Emerging Trends in Real Estate: The Global Outlook 2019,Industry,p1_format_soft,D,D,stop,1
1672,mf_0334,Emerging Trends in Real Estate: The Global Outlook 2019,Industry,p2_complexity,D,D,stop,1
1673,mf_0334,Emerging Trends in Real Estate: The Global Outlook 2019,Industry,p4_role,D,D,stop,1
1674,mf_0334,Emerging Trends in Real Estate: The Global Outlook 2019,Industry,p5_fewshot,D,D,stop,1
1675,mf_0335,Coronavirus (COVID-19),Industry,p1_format,D,C,stop,0
1676,mf_0335,Coronavirus (COVID-19),Industry,p1_format_soft,D,C,stop,0
1677,mf_0335,Coronavirus (COVID-19),Industry,p2_complexity,D,C,stop,0
1678,mf_0335,Coronavirus (COVID-19),Industry,p4_role,D,C,stop,0
1679,mf_0335,Coronavirus (COVID-19),Industry,p5_fewshot,D,C,stop,0
1680,mf_0336,M&A Lead Advisory,Finance,p1_format,B,B,stop,1
1681,mf_0336,M&A Lead Advisory,Finance,p1_format_soft,B,B,stop,1
1682,mf_0336,M&A Lead Advisory,Finance,p2_complexity,B,B,stop,1
1683,mf_0336,M&A Lead Advisory,Finance,p4_role,B,B,stop,1
1684,mf_0336,M&A Lead Advisory,Finance,p5_fewshot,B,B,stop,1
1685,mf_0337,PwC named a Leader in the IDC MarketScape for Worldwide Risk Consulting Services,Government & Controls,p1_format,C,A,stop,0
1686,mf_0337,PwC named a Leader in the IDC MarketScape for Worldwide Risk Consulting Services,Government & Controls,p1_format_soft,C,A,stop,0
1687,mf_0337,PwC named a Leader in the IDC MarketScape for Worldwide Risk Consulting Services,Government & Controls,p2_complexity,C,A,stop,0
1688,mf_0337,PwC named a Leader in the IDC MarketScape for Worldwide Risk Consulting Services,Government & Controls,p4_role,C,A,stop,0
1689,mf_0337,PwC named a Leader in the IDC MarketScape for Worldwide Risk Consulting Services,Government & Controls,p5_fewshot,C,C,stop,1
1690,mf_0338,White list of VAT taxpayers will come into force in September 2019,Tax & Accounting,p1_format,E,E,stop,1
1691,mf_0338,White list of VAT taxpayers will come into force in September 2019,Tax & Accounting,p1_format_soft,E,E,stop,1
1692,mf_0338,White list of VAT taxpayers will come into force in September 2019,Tax & Accounting,p2_complexity,E,E,stop,1
1693,mf_0338,White list of VAT taxpayers will come into force in September 2019,Tax & Accounting,p4_role,E,E,stop,1
1694,mf_0338,White list of VAT taxpayers will come into force in September 2019,Tax & Accounting,p5_fewshot,E,E,stop,1
1695,mf_0339,Communications Review / Mobile data analytics: not just for consumers any more,Technology,p1_format,F,F,stop,1
1696,mf_0339,Communications Review / Mobile data analytics: not just for consumers any more,Technology,p1_format_soft,F,F,stop,1
1697,mf_0339,Communications Review / Mobile data analytics: not just for consumers any more,Technology,p2_complexity,F,F,stop,1
1698,mf_0339,Communications Review / Mobile data analytics: not just for consumers any more,Technology,p4_role,F,F,stop,1
1699,mf_0339,Communications Review / Mobile data analytics: not just for consumers any more,Technology,p5_fewshot,F,F,stop,1
1700,mf_0340,EU-gateway,Government & Controls,p1_format,C,F,stop,0
1701,mf_0340,EU-gateway,Government & Controls,p1_format_soft,C,F,stop,0
1702,mf_0340,EU-gateway,Government & Controls,p2_complexity,C,F,stop,0
1703,mf_0340,EU-gateway,Government & Controls,p4_role,C,F,stop,0
1704,mf_0340,EU-gateway,Government & Controls,p5_fewshot,C,C,stop,1
1705,mf_0341,Emerging Trends in Real Estate®: Europe 2019,Industry,p1_format,D,D,stop,1
1706,mf_0341,Emerging Trends in Real Estate®: Europe 2019,Industry,p1_format_soft,D,D,stop,1
1707,mf_0341,Emerging Trends in Real Estate®: Europe 2019,Industry,p2_complexity,D,D,stop,1
1708,mf_0341,Emerging Trends in Real Estate®: Europe 2019,Industry,p4_role,D,D,stop,1
1709,mf_0341,Emerging Trends in Real Estate®: Europe 2019,Industry,p5_fewshot,D,D,stop,1
1710,mf_0342,Private Equity & Digital Transformation,Finance,p1_format,B,B,stop,1
1711,mf_0342,Private Equity & Digital Transformation,Finance,p1_format_soft,B,B,stop,1
1712,mf_0342,Private Equity & Digital Transformation,Finance,p2_complexity,B,B,stop,1
1713,mf_0342,Private Equity & Digital Transformation,Finance,p4_role,B,B,stop,1
1714,mf_0342,Private Equity & Digital Transformation,Finance,p5_fewshot,B,B,stop,1
1715,mf_0343,People: Unlock competencies that drive growth,Business & Management,p1_format,A,A,stop,1
1716,mf_0343,People: Unlock competencies that drive growth,Business & Management,p1_format_soft,A,A,stop,1
1717,mf_0343,People: Unlock competencies that drive growth,Business & Management,p2_complexity,A,A,stop,1
1718,mf_0343,People: Unlock competencies that drive growth,Business & Management,p4_role,A,A,stop,1
1719,mf_0343,People: Unlock competencies that drive growth,Business & Management,p5_fewshot,A,A,stop,1
1720,mf_0344,PSD2 (Revised Payment Service Directive),Finance,p1_format,B,C,stop,0
1721,mf_0344,PSD2 (Revised Payment Service Directive),Finance,p1_format_soft,B,B,stop,1
1722,mf_0344,PSD2 (Revised Payment Service Directive),Finance,p2_complexity,B,B,stop,1
1723,mf_0344,PSD2 (Revised Payment Service Directive),Finance,p4_role,B,C,stop,0
1724,mf_0344,PSD2 (Revised Payment Service Directive),Finance,p5_fewshot,B,B,stop,1
1725,mf_0345,The 2015 Global Innovation 1000,Business & Management,p1_format,A,F,stop,0
1726,mf_0345,The 2015 Global Innovation 1000,Business & Management,p1_format_soft,A,F,stop,0
1727,mf_0345,The 2015 Global Innovation 1000,Business & Management,p2_complexity,A,F,stop,0
1728,mf_0345,The 2015 Global Innovation 1000,Business & Management,p4_role,A,F,stop,0
1729,mf_0345,The 2015 Global Innovation 1000,Business & Management,p5_fewshot,A,F,stop,0
1730,mf_0346,Impact on society and our planet: PwC - Global Annual Review 2020,Business & Management,p1_format,A,A,stop,1
1731,mf_0346,Impact on society and our planet: PwC - Global Annual Review 2020,Business & Management,p1_format_soft,A,A,stop,1
1732,mf_0346,Impact on society and our planet: PwC - Global Annual Review 2020,Business & Management,p2_complexity,A,A,stop,1
1733,mf_0346,Impact on society and our planet: PwC - Global Annual Review 2020,Business & Management,p4_role,A,A,stop,1
1734,mf_0346,Impact on society and our planet: PwC - Global Annual Review 2020,Business & Management,p5_fewshot,A,A,stop,1
1735,mf_0347,"Volatility, uncertainty and major disruptions are pushing companies to lift and shift their supply chains quickly, PwC report says",Industry,p1_format,D,A,stop,0
1736,mf_0347,"Volatility, uncertainty and major disruptions are pushing companies to lift and shift their supply chains quickly, PwC report says",Industry,p1_format_soft,D,A,stop,0
1737,mf_0347,"Volatility, uncertainty and major disruptions are pushing companies to lift and shift their supply chains quickly, PwC report says",Industry,p2_complexity,D,A,stop,0
1738,mf_0347,"Volatility, uncertainty and major disruptions are pushing companies to lift and shift their supply chains quickly, PwC report says",Industry,p4_role,D,A,stop,0
1739,mf_0347,"Volatility, uncertainty and major disruptions are pushing companies to lift and shift their supply chains quickly, PwC report says",Industry,p5_fewshot,D,A,stop,0
1740,mf_0348,Employment law,Business & Management,p1_format,A,C,stop,0
1741,mf_0348,Employment law,Business & Management,p1_format_soft,A,C,stop,0
1742,mf_0348,Employment law,Business & Management,p2_complexity,A,C,stop,0
1743,mf_0348,Employment law,Business & Management,p4_role,A,C,stop,0
1744,mf_0348,Employment law,Business & Management,p5_fewshot,A,C,stop,0
1745,mf_0349,PwC's 21st CEO Survey: key findings from the healthcare industry,Industry,p1_format,D,D,stop,1
1746,mf_0349,PwC's 21st CEO Survey: key findings from the healthcare industry,Industry,p1_format_soft,D,D,stop,1
1747,mf_0349,PwC's 21st CEO Survey: key findings from the healthcare industry,Industry,p2_complexity,D,D,stop,1
1748,mf_0349,PwC's 21st CEO Survey: key findings from the healthcare industry,Industry,p4_role,D,D,stop,1
1749,mf_0349,PwC's 21st CEO Survey: key findings from the healthcare industry,Industry,p5_fewshot,D,D,stop,1
1750,mf_0350,Tax and legal news 24 March 2017,Tax & Accounting,p1_format,E,E,stop,1
1751,mf_0350,Tax and legal news 24 March 2017,Tax & Accounting,p1_format_soft,E,E,stop,1
1752,mf_0350,Tax and legal news 24 March 2017,Tax & Accounting,p2_complexity,E,E,stop,1
1753,mf_0350,Tax and legal news 24 March 2017,Tax & Accounting,p4_role,E,E,stop,1
1754,mf_0350,Tax and legal news 24 March 2017,Tax & Accounting,p5_fewshot,E,E,stop,1
1755,mf_0351,Private equity,Finance,p1_format,B,B,stop,1
1756,mf_0351,Private equity,Finance,p1_format_soft,B,B,stop,1
1757,mf_0351,Private equity,Finance,p2_complexity,B,B,stop,1
1758,mf_0351,Private equity,Finance,p4_role,B,B,stop,1
1759,mf_0351,Private equity,Finance,p5_fewshot,B,B,stop,1
1760,mf_0352,Deal summary Vaaka Partners Oy / Unisport Scandinavia AB,Finance,p1_format,B,B,stop,1
1761,mf_0352,Deal summary Vaaka Partners Oy / Unisport Scandinavia AB,Finance,p1_format_soft,B,B,stop,1
1762,mf_0352,Deal summary Vaaka Partners Oy / Unisport Scandinavia AB,Finance,p2_complexity,B,B,stop,1
1763,mf_0352,Deal summary Vaaka Partners Oy / Unisport Scandinavia AB,Finance,p4_role,B,B,stop,1
1764,mf_0352,Deal summary Vaaka Partners Oy / Unisport Scandinavia AB,Finance,p5_fewshot,B,B,stop,1
1765,mf_0353,New rules of control of certain transactions involving entities outside the EU and its potential impact on M&A transactions | PwC,Finance,p1_format,B,C,stop,0
1766,mf_0353,New rules of control of certain transactions involving entities outside the EU and its potential impact on M&A transactions | PwC,Finance,p1_format_soft,B,C,stop,0
1767,mf_0353,New rules of control of certain transactions involving entities outside the EU and its potential impact on M&A transactions | PwC,Finance,p2_complexity,B,C,stop,0
1768,mf_0353,New rules of control of certain transactions involving entities outside the EU and its potential impact on M&A transactions | PwC,Finance,p4_role,B,C,stop,0
1769,mf_0353,New rules of control of certain transactions involving entities outside the EU and its potential impact on M&A transactions | PwC,Finance,p5_fewshot,B,C,stop,0
1770,mf_0354,"Tax and legal news, May 2018",Tax & Accounting,p1_format,E,E,stop,1
1771,mf_0354,"Tax and legal news, May 2018",Tax & Accounting,p1_format_soft,E,E,stop,1
1772,mf_0354,"Tax and legal news, May 2018",Tax & Accounting,p2_complexity,E,E,stop,1
1773,mf_0354,"Tax and legal news, May 2018",Tax & Accounting,p4_role,E,E,stop,1
1774,mf_0354,"Tax and legal news, May 2018",Tax & Accounting,p5_fewshot,E,E,stop,1
1775,mf_0355,The PwC 2017 annual report. Our performance over the past year captured in videos data and infographics. data and infographics.,Tax & Accounting,p1_format,E,A,stop,0
1776,mf_0355,The PwC 2017 annual report. Our performance over the past year captured in videos data and infographics. data and infographics.,Tax & Accounting,p1_format_soft,E,A,stop,0
1777,mf_0355,The PwC 2017 annual report. Our performance over the past year captured in videos data and infographics. data and infographics.,Tax & Accounting,p2_complexity,E,B,stop,0
1778,mf_0355,The PwC 2017 annual report. Our performance over the past year captured in videos data and infographics. data and infographics.,Tax & Accounting,p4_role,E,B,stop,0
1779,mf_0355,The PwC 2017 annual report. Our performance over the past year captured in videos data and infographics. data and infographics.,Tax & Accounting,p5_fewshot,E,A,stop,0
1780,mf_0356,Entertainment & Media Outlook in Italy 2017-2021,Industry,p1_format,D,D,stop,1
1781,mf_0356,Entertainment & Media Outlook in Italy 2017-2021,Industry,p1_format_soft,D,D,stop,1
1782,mf_0356,Entertainment & Media Outlook in Italy 2017-2021,Industry,p2_complexity,D,D,stop,1
1783,mf_0356,Entertainment & Media Outlook in Italy 2017-2021,Industry,p4_role,D,D,stop,1
1784,mf_0356,Entertainment & Media Outlook in Italy 2017-2021,Industry,p5_fewshot,D,D,stop,1
1785,mf_0357,Entering the US securities market,Finance,p1_format,B,B,stop,1
1786,mf_0357,Entering the US securities market,Finance,p1_format_soft,B,B,stop,1
1787,mf_0357,Entering the US securities market,Finance,p2_complexity,B,B,stop,1
1788,mf_0357,Entering the US securities market,Finance,p4_role,B,B,stop,1
1789,mf_0357,Entering the US securities market,Finance,p5_fewshot,B,B,stop,1
1790,mf_0358,Annual report 2016: Our financial highlights transcript,Tax & Accounting,p1_format,E,B,stop,0
1791,mf_0358,Annual report 2016: Our financial highlights transcript,Tax & Accounting,p1_format_soft,E,B,stop,0
1792,mf_0358,Annual report 2016: Our financial highlights transcript,Tax & Accounting,p2_complexity,E,B,stop,0
1793,mf_0358,Annual report 2016: Our financial highlights transcript,Tax & Accounting,p4_role,E,B,stop,0
1794,mf_0358,Annual report 2016: Our financial highlights transcript,Tax & Accounting,p5_fewshot,E,B,stop,0
1795,mf_0359,COVID-19: Four essential crisis management lessons,Business & Management,p1_format,A,A,stop,1
1796,mf_0359,COVID-19: Four essential crisis management lessons,Business & Management,p1_format_soft,A,A,stop,1
1797,mf_0359,COVID-19: Four essential crisis management lessons,Business & Management,p2_complexity,A,A,stop,1
1798,mf_0359,COVID-19: Four essential crisis management lessons,Business & Management,p4_role,A,A,stop,1
1799,mf_0359,COVID-19: Four essential crisis management lessons,Business & Management,p5_fewshot,A,A,stop,1
1800,mf_0360,Uncharted waters: Tackling reinsurers’ riskiest exposures,Finance,p1_format,B,B,stop,1
1801,mf_0360,Uncharted waters: Tackling reinsurers’ riskiest exposures,Finance,p1_format_soft,B,B,stop,1
1802,mf_0360,Uncharted waters: Tackling reinsurers’ riskiest exposures,Finance,p2_complexity,B,B,stop,1
1803,mf_0360,Uncharted waters: Tackling reinsurers’ riskiest exposures,Finance,p4_role,B,B,stop,1
1804,mf_0360,Uncharted waters: Tackling reinsurers’ riskiest exposures,Finance,p5_fewshot,B,B,stop,1
1805,mf_0361,Energy App,Industry,p1_format,D,F,stop,0
1806,mf_0361,Energy App,Industry,p1_format_soft,D,F,stop,0
1807,mf_0361,Energy App,Industry,p2_complexity,D,F,stop,0
1808,mf_0361,Energy App,Industry,p4_role,D,F,stop,0
1809,mf_0361,Energy App,Industry,p5_fewshot,D,F,stop,0
1810,mf_0362,"Tax and Legal News, November 2020",Tax & Accounting,p1_format,E,E,stop,1
1811,mf_0362,"Tax and Legal News, November 2020",Tax & Accounting,p1_format_soft,E,E,stop,1
1812,mf_0362,"Tax and Legal News, November 2020",Tax & Accounting,p2_complexity,E,E,stop,1
1813,mf_0362,"Tax and Legal News, November 2020",Tax & Accounting,p4_role,E,E,stop,1
1814,mf_0362,"Tax and Legal News, November 2020",Tax & Accounting,p5_fewshot,E,E,stop,1
1815,mf_0363,Tax Flash: New tax bill,Tax & Accounting,p1_format,E,E,stop,1
1816,mf_0363,Tax Flash: New tax bill,Tax & Accounting,p1_format_soft,E,E,stop,1
1817,mf_0363,Tax Flash: New tax bill,Tax & Accounting,p2_complexity,E,E,stop,1
1818,mf_0363,Tax Flash: New tax bill,Tax & Accounting,p4_role,E,E,stop,1
1819,mf_0363,Tax Flash: New tax bill,Tax & Accounting,p5_fewshot,E,E,stop,1
1820,mf_0364,PwC’s COVID-19 CFO Pulse ,Business & Management,p1_format,A,B,stop,0
1821,mf_0364,PwC’s COVID-19 CFO Pulse ,Business & Management,p1_format_soft,A,B,stop,0
1822,mf_0364,PwC’s COVID-19 CFO Pulse ,Business & Management,p2_complexity,A,B,stop,0
1823,mf_0364,PwC’s COVID-19 CFO Pulse ,Business & Management,p4_role,A,B,stop,0
1824,mf_0364,PwC’s COVID-19 CFO Pulse ,Business & Management,p5_fewshot,A,B,stop,0
1825,mf_0365,"Working Capital Report 2018/19,Working Capital Report 2018/19",Tax & Accounting,p1_format,E,B,stop,0
1826,mf_0365,"Working Capital Report 2018/19,Working Capital Report 2018/19",Tax & Accounting,p1_format_soft,E,B,stop,0
1827,mf_0365,"Working Capital Report 2018/19,Working Capital Report 2018/19",Tax & Accounting,p2_complexity,E,B,stop,0
1828,mf_0365,"Working Capital Report 2018/19,Working Capital Report 2018/19",Tax & Accounting,p4_role,E,B,stop,0
1829,mf_0365,"Working Capital Report 2018/19,Working Capital Report 2018/19",Tax & Accounting,p5_fewshot,E,B,stop,0
1830,mf_0366,PwC’s Financial Crime Unit plans to employ 300 more staff in the next two years,Government & Controls,p1_format,C,B,stop,0
1831,mf_0366,PwC’s Financial Crime Unit plans to employ 300 more staff in the next two years,Government & Controls,p1_format_soft,C,C,stop,1
1832,mf_0366,PwC’s Financial Crime Unit plans to employ 300 more staff in the next two years,Government & Controls,p2_complexity,C,A,stop,0
1833,mf_0366,PwC’s Financial Crime Unit plans to employ 300 more staff in the next two years,Government & Controls,p4_role,C,B,stop,0
1834,mf_0366,PwC’s Financial Crime Unit plans to employ 300 more staff in the next two years,Government & Controls,p5_fewshot,C,B,stop,0
1835,mf_0367,19th Global CEO Survey: Redefining business success in a changing world,Business & Management,p1_format,A,A,stop,1
1836,mf_0367,19th Global CEO Survey: Redefining business success in a changing world,Business & Management,p1_format_soft,A,A,stop,1
1837,mf_0367,19th Global CEO Survey: Redefining business success in a changing world,Business & Management,p2_complexity,A,A,stop,1
1838,mf_0367,19th Global CEO Survey: Redefining business success in a changing world,Business & Management,p4_role,A,A,stop,1
1839,mf_0367,19th Global CEO Survey: Redefining business success in a changing world,Business & Management,p5_fewshot,A,A,stop,1
1840,mf_0368,PwC’s 2018 Annual Corporate Directors Survey,Business & Management,p1_format,A,A,stop,1
1841,mf_0368,PwC’s 2018 Annual Corporate Directors Survey,Business & Management,p1_format_soft,A,A,stop,1
1842,mf_0368,PwC’s 2018 Annual Corporate Directors Survey,Business & Management,p2_complexity,A,A,stop,1
1843,mf_0368,PwC’s 2018 Annual Corporate Directors Survey,Business & Management,p4_role,A,A,stop,1
1844,mf_0368,PwC’s 2018 Annual Corporate Directors Survey,Business & Management,p5_fewshot,A,A,stop,1
1845,mf_0369,Internal audit analytics,Tax & Accounting,p1_format,E,C,stop,0
1846,mf_0369,Internal audit analytics,Tax & Accounting,p1_format_soft,E,C,stop,0
1847,mf_0369,Internal audit analytics,Tax & Accounting,p2_complexity,E,C,stop,0
1848,mf_0369,Internal audit analytics,Tax & Accounting,p4_role,E,C,stop,0
1849,mf_0369,Internal audit analytics,Tax & Accounting,p5_fewshot,E,C,stop,0
1850,mf_0370,"Energy, utilities & resources",Industry,p1_format,D,D,stop,1
1851,mf_0370,"Energy, utilities & resources",Industry,p1_format_soft,D,D,stop,1
1852,mf_0370,"Energy, utilities & resources",Industry,p2_complexity,D,D,stop,1
1853,mf_0370,"Energy, utilities & resources",Industry,p4_role,D,D,stop,1
1854,mf_0370,"Energy, utilities & resources",Industry,p5_fewshot,D,D,stop,1
1855,mf_0371,Mergers & Acquisitions,Finance,p1_format,B,B,stop,1
1856,mf_0371,Mergers & Acquisitions,Finance,p1_format_soft,B,B,stop,1
1857,mf_0371,Mergers & Acquisitions,Finance,p2_complexity,B,B,stop,1
1858,mf_0371,Mergers & Acquisitions,Finance,p4_role,B,B,stop,1
1859,mf_0371,Mergers & Acquisitions,Finance,p5_fewshot,B,B,stop,1
1860,mf_0372,Are Real Estate CEOs missing out on the technology opportunity?,Industry,p1_format,D,F,stop,0
1861,mf_0372,Are Real Estate CEOs missing out on the technology opportunity?,Industry,p1_format_soft,D,F,stop,0
1862,mf_0372,Are Real Estate CEOs missing out on the technology opportunity?,Industry,p2_complexity,D,F,stop,0
1863,mf_0372,Are Real Estate CEOs missing out on the technology opportunity?,Industry,p4_role,D,F,stop,0
1864,mf_0372,Are Real Estate CEOs missing out on the technology opportunity?,Industry,p5_fewshot,D,F,stop,0
1865,mf_0373,PwC's 21st CEO Survey: Key findings from the Real Estate industry,Industry,p1_format,D,D,stop,1
1866,mf_0373,PwC's 21st CEO Survey: Key findings from the Real Estate industry,Industry,p1_format_soft,D,D,stop,1
1867,mf_0373,PwC's 21st CEO Survey: Key findings from the Real Estate industry,Industry,p2_complexity,D,D,stop,1
1868,mf_0373,PwC's 21st CEO Survey: Key findings from the Real Estate industry,Industry,p4_role,D,D,stop,1
1869,mf_0373,PwC's 21st CEO Survey: Key findings from the Real Estate industry,Industry,p5_fewshot,D,D,stop,1
1870,mf_0374,Undergraduate work placements,Business & Management,p1_format,A,A,stop,1
1871,mf_0374,Undergraduate work placements,Business & Management,p1_format_soft,A,A,stop,1
1872,mf_0374,Undergraduate work placements,Business & Management,p2_complexity,A,A,stop,1
1873,mf_0374,Undergraduate work placements,Business & Management,p4_role,A,A,stop,1
1874,mf_0374,Undergraduate work placements,Business & Management,p5_fewshot,A,D,stop,0
1875,mf_0375,Sustainability & Climate Change,Business & Management,p1_format,A,A,stop,1
1876,mf_0375,Sustainability & Climate Change,Business & Management,p1_format_soft,A,A,stop,1
1877,mf_0375,Sustainability & Climate Change,Business & Management,p2_complexity,A,B,stop,0
1878,mf_0375,Sustainability & Climate Change,Business & Management,p4_role,A,A,stop,1
1879,mf_0375,Sustainability & Climate Change,Business & Management,p5_fewshot,A,A,stop,1
1880,mf_0376,PwC's 21st CEO Survey: Key findings from the insurance industry,Finance,p1_format,B,D,stop,0
1881,mf_0376,PwC's 21st CEO Survey: Key findings from the insurance industry,Finance,p1_format_soft,B,D,stop,0
1882,mf_0376,PwC's 21st CEO Survey: Key findings from the insurance industry,Finance,p2_complexity,B,D,stop,0
1883,mf_0376,PwC's 21st CEO Survey: Key findings from the insurance industry,Finance,p4_role,B,D,stop,0
1884,mf_0376,PwC's 21st CEO Survey: Key findings from the insurance industry,Finance,p5_fewshot,B,D,stop,0
1885,mf_0377,Treasury change,Tax & Accounting,p1_format,E,C,stop,0
1886,mf_0377,Treasury change,Tax & Accounting,p1_format_soft,E,C,stop,0
1887,mf_0377,Treasury change,Tax & Accounting,p2_complexity,E,C,stop,0
1888,mf_0377,Treasury change,Tax & Accounting,p4_role,E,C,stop,0
1889,mf_0377,Treasury change,Tax & Accounting,p5_fewshot,E,C,stop,0
1890,mf_0378,Global Entertainment and Media Outlook 2018-2022,Industry,p1_format,D,D,stop,1
1891,mf_0378,Global Entertainment and Media Outlook 2018-2022,Industry,p1_format_soft,D,D,stop,1
1892,mf_0378,Global Entertainment and Media Outlook 2018-2022,Industry,p2_complexity,D,D,stop,1
1893,mf_0378,Global Entertainment and Media Outlook 2018-2022,Industry,p4_role,D,D,stop,1
1894,mf_0378,Global Entertainment and Media Outlook 2018-2022,Industry,p5_fewshot,D,D,stop,1
1895,mf_0379,What was 2020 for the retail sector? | PwC,Industry,p1_format,D,D,stop,1
1896,mf_0379,What was 2020 for the retail sector? | PwC,Industry,p1_format_soft,D,D,stop,1
1897,mf_0379,What was 2020 for the retail sector? | PwC,Industry,p2_complexity,D,D,stop,1
1898,mf_0379,What was 2020 for the retail sector? | PwC,Industry,p4_role,D,D,stop,1
1899,mf_0379,What was 2020 for the retail sector? | PwC,Industry,p5_fewshot,D,D,stop,1
1900,mf_0380,HR Technology and Analytics,Business & Management,p1_format,A,F,stop,0
1901,mf_0380,HR Technology and Analytics,Business & Management,p1_format_soft,A,F,stop,0
1902,mf_0380,HR Technology and Analytics,Business & Management,p2_complexity,A,F,stop,0
1903,mf_0380,HR Technology and Analytics,Business & Management,p4_role,A,F,stop,0
1904,mf_0380,HR Technology and Analytics,Business & Management,p5_fewshot,A,F,stop,0
1905,mf_0381,PwC opens Cyber Security Experience Centre in Israel,Technology,p1_format,F,F,stop,1
1906,mf_0381,PwC opens Cyber Security Experience Centre in Israel,Technology,p1_format_soft,F,F,stop,1
1907,mf_0381,PwC opens Cyber Security Experience Centre in Israel,Technology,p2_complexity,F,F,stop,1
1908,mf_0381,PwC opens Cyber Security Experience Centre in Israel,Technology,p4_role,F,F,stop,1
1909,mf_0381,PwC opens Cyber Security Experience Centre in Israel,Technology,p5_fewshot,F,F,stop,1
1910,mf_0382,Cyber threats topple over-regulation as top risk for Banking and Capital Markets CEOs,Technology,p1_format,F,F,stop,1
1911,mf_0382,Cyber threats topple over-regulation as top risk for Banking and Capital Markets CEOs,Technology,p1_format_soft,F,F,stop,1
1912,mf_0382,Cyber threats topple over-regulation as top risk for Banking and Capital Markets CEOs,Technology,p2_complexity,F,F,stop,1
1913,mf_0382,Cyber threats topple over-regulation as top risk for Banking and Capital Markets CEOs,Technology,p4_role,F,B,stop,0
1914,mf_0382,Cyber threats topple over-regulation as top risk for Banking and Capital Markets CEOs,Technology,p5_fewshot,F,B,stop,0
1915,mf_0383,Business Continuity Plan and Actions for Contact Centres,Business & Management,p1_format,A,A,stop,1
1916,mf_0383,Business Continuity Plan and Actions for Contact Centres,Business & Management,p1_format_soft,A,A,stop,1
1917,mf_0383,Business Continuity Plan and Actions for Contact Centres,Business & Management,p2_complexity,A,A,stop,1
1918,mf_0383,Business Continuity Plan and Actions for Contact Centres,Business & Management,p4_role,A,A,stop,1
1919,mf_0383,Business Continuity Plan and Actions for Contact Centres,Business & Management,p5_fewshot,A,A,stop,1
1920,mf_0384,CEO & Family Business Survey 2016,Business & Management,p1_format,A,A,stop,1
1921,mf_0384,CEO & Family Business Survey 2016,Business & Management,p1_format_soft,A,A,stop,1
1922,mf_0384,CEO & Family Business Survey 2016,Business & Management,p2_complexity,A,A,stop,1
1923,mf_0384,CEO & Family Business Survey 2016,Business & Management,p4_role,A,A,stop,1
1924,mf_0384,CEO & Family Business Survey 2016,Business & Management,p5_fewshot,A,A,stop,1
1925,mf_0385,Asset & Wealth Management Revolution: Embracing Exponential Change ,Finance,p1_format,B,B,stop,1
1926,mf_0385,Asset & Wealth Management Revolution: Embracing Exponential Change ,Finance,p1_format_soft,B,B,stop,1
1927,mf_0385,Asset & Wealth Management Revolution: Embracing Exponential Change ,Finance,p2_complexity,B,B,stop,1
1928,mf_0385,Asset & Wealth Management Revolution: Embracing Exponential Change ,Finance,p4_role,B,B,stop,1
1929,mf_0385,Asset & Wealth Management Revolution: Embracing Exponential Change ,Finance,p5_fewshot,B,B,stop,1
1930,mf_0386,Real estate transaction services,Industry,p1_format,D,D,stop,1
1931,mf_0386,Real estate transaction services,Industry,p1_format_soft,D,D,stop,1
1932,mf_0386,Real estate transaction services,Industry,p2_complexity,D,D,stop,1
1933,mf_0386,Real estate transaction services,Industry,p4_role,D,D,stop,1
1934,mf_0386,Real estate transaction services,Industry,p5_fewshot,D,D,stop,1
1935,mf_0387,Women in Work Index 2020,Business & Management,p1_format,A,A,stop,1
1936,mf_0387,Women in Work Index 2020,Business & Management,p1_format_soft,A,A,stop,1
1937,mf_0387,Women in Work Index 2020,Business & Management,p2_complexity,A,A,stop,1
1938,mf_0387,Women in Work Index 2020,Business & Management,p4_role,A,A,stop,1
1939,mf_0387,Women in Work Index 2020,Business & Management,p5_fewshot,A,A,stop,1
1940,mf_0388,Family Business Survey 2018,Business & Management,p1_format,A,A,stop,1
1941,mf_0388,Family Business Survey 2018,Business & Management,p1_format_soft,A,A,stop,1
1942,mf_0388,Family Business Survey 2018,Business & Management,p2_complexity,A,A,stop,1
1943,mf_0388,Family Business Survey 2018,Business & Management,p4_role,A,A,stop,1
1944,mf_0388,Family Business Survey 2018,Business & Management,p5_fewshot,A,A,stop,1
1945,mf_0389,Enterprise Applications,Technology,p1_format,F,F,stop,1
1946,mf_0389,Enterprise Applications,Technology,p1_format_soft,F,F,stop,1
1947,mf_0389,Enterprise Applications,Technology,p2_complexity,F,F,stop,1
1948,mf_0389,Enterprise Applications,Technology,p4_role,F,F,stop,1
1949,mf_0389,Enterprise Applications,Technology,p5_fewshot,F,F,stop,1
1950,mf_0390,Deals,Finance,p1_format,B,B,stop,1
1951,mf_0390,Deals,Finance,p1_format_soft,B,B,stop,1
1952,mf_0390,Deals,Finance,p2_complexity,B,B,stop,1
1953,mf_0390,Deals,Finance,p4_role,B,B,stop,1
1954,mf_0390,Deals,Finance,p5_fewshot,B,B,stop,1
1955,mf_0391,Emerging Trends in Real Estate®: Europe 2020 Report Launch,Industry,p1_format,D,D,stop,1
1956,mf_0391,Emerging Trends in Real Estate®: Europe 2020 Report Launch,Industry,p1_format_soft,D,D,stop,1
1957,mf_0391,Emerging Trends in Real Estate®: Europe 2020 Report Launch,Industry,p2_complexity,D,D,stop,1
1958,mf_0391,Emerging Trends in Real Estate®: Europe 2020 Report Launch,Industry,p4_role,D,D,stop,1
1959,mf_0391,Emerging Trends in Real Estate®: Europe 2020 Report Launch,Industry,p5_fewshot,D,D,stop,1
1960,mf_0392,Successful HR Practitioner,Business & Management,p1_format,A,A,stop,1
1961,mf_0392,Successful HR Practitioner,Business & Management,p1_format_soft,A,A,stop,1
1962,mf_0392,Successful HR Practitioner,Business & Management,p2_complexity,A,A,stop,1
1963,mf_0392,Successful HR Practitioner,Business & Management,p4_role,A,A,stop,1
1964,mf_0392,Successful HR Practitioner,Business & Management,p5_fewshot,A,A,stop,1
1965,mf_0393,PwC Legal reinforces its real estate law practice,Industry,p1_format,D,A,stop,0
1966,mf_0393,PwC Legal reinforces its real estate law practice,Industry,p1_format_soft,D,A,stop,0
1967,mf_0393,PwC Legal reinforces its real estate law practice,Industry,p2_complexity,D,A,stop,0
1968,mf_0393,PwC Legal reinforces its real estate law practice,Industry,p4_role,D,A,stop,0
1969,mf_0393,PwC Legal reinforces its real estate law practice,Industry,p5_fewshot,D,A,stop,0
1970,mf_0394,Global Employee Mobility,Business & Management,p1_format,A,A,stop,1
1971,mf_0394,Global Employee Mobility,Business & Management,p1_format_soft,A,A,stop,1
1972,mf_0394,Global Employee Mobility,Business & Management,p2_complexity,A,A,stop,1
1973,mf_0394,Global Employee Mobility,Business & Management,p4_role,A,A,stop,1
1974,mf_0394,Global Employee Mobility,Business & Management,p5_fewshot,A,A,stop,1
1975,mf_0395,Deal Announcement Katsastus Kovalainen and Q-katsastus,Finance,p1_format,B,A,stop,0
1976,mf_0395,Deal Announcement Katsastus Kovalainen and Q-katsastus,Finance,p1_format_soft,B,A,stop,0
1977,mf_0395,Deal Announcement Katsastus Kovalainen and Q-katsastus,Finance,p2_complexity,B,A,stop,0
1978,mf_0395,Deal Announcement Katsastus Kovalainen and Q-katsastus,Finance,p4_role,B,A,stop,0
1979,mf_0395,Deal Announcement Katsastus Kovalainen and Q-katsastus,Finance,p5_fewshot,B,A,stop,0
1980,mf_0396,Business Writing Skills in the Digital Age,Business & Management,p1_format,A,A,stop,1
1981,mf_0396,Business Writing Skills in the Digital Age,Business & Management,p1_format_soft,A,A,stop,1
1982,mf_0396,Business Writing Skills in the Digital Age,Business & Management,p2_complexity,A,A,stop,1
1983,mf_0396,Business Writing Skills in the Digital Age,Business & Management,p4_role,A,A,stop,1
1984,mf_0396,Business Writing Skills in the Digital Age,Business & Management,p5_fewshot,A,A,stop,1
1985,mf_0397,Data and Analytics (D&A),Technology,p1_format,F,F,stop,1
1986,mf_0397,Data and Analytics (D&A),Technology,p1_format_soft,F,F,stop,1
1987,mf_0397,Data and Analytics (D&A),Technology,p2_complexity,F,F,stop,1
1988,mf_0397,Data and Analytics (D&A),Technology,p4_role,F,F,stop,1
1989,mf_0397,Data and Analytics (D&A),Technology,p5_fewshot,F,F,stop,1
1990,mf_0398,Private Equity,Finance,p1_format,B,B,stop,1
1991,mf_0398,Private Equity,Finance,p1_format_soft,B,B,stop,1
1992,mf_0398,Private Equity,Finance,p2_complexity,B,B,stop,1
1993,mf_0398,Private Equity,Finance,p4_role,B,B,stop,1
1994,mf_0398,Private Equity,Finance,p5_fewshot,B,B,stop,1
1995,mf_0399,Cyber risk considerations and impacts,Technology,p1_format,F,F,stop,1
1996,mf_0399,Cyber risk considerations and impacts,Technology,p1_format_soft,F,F,stop,1
1997,mf_0399,Cyber risk considerations and impacts,Technology,p2_complexity,F,F,stop,1
1998,mf_0399,Cyber risk considerations and impacts,Technology,p4_role,F,F,stop,1
1999,mf_0399,Cyber risk considerations and impacts,Technology,p5_fewshot,F,F,stop,1
2000,mf_0400,Deal summary Turun Kauppaopetussäätiö / Auratum Real Estate Ltd,Finance,p1_format,B,B,stop,1
2001,mf_0400,Deal summary Turun Kauppaopetussäätiö / Auratum Real Estate Ltd,Finance,p1_format_soft,B,B,stop,1
2002,mf_0400,Deal summary Turun Kauppaopetussäätiö / Auratum Real Estate Ltd,Finance,p2_complexity,B,A,stop,0
2003,mf_0400,Deal summary Turun Kauppaopetussäätiö / Auratum Real Estate Ltd,Finance,p4_role,B,B,stop,1
2004,mf_0400,Deal summary Turun Kauppaopetussäätiö / Auratum Real Estate Ltd,Finance,p5_fewshot,B,B,stop,1
2005,mf_0401,System Process Assurance,Tax & Accounting,p1_format,E,F,stop,0
2006,mf_0401,System Process Assurance,Tax & Accounting,p1_format_soft,E,F,stop,0
2007,mf_0401,System Process Assurance,Tax & Accounting,p2_complexity,E,F,stop,0
2008,mf_0401,System Process Assurance,Tax & Accounting,p4_role,E,C,stop,0
2009,mf_0401,System Process Assurance,Tax & Accounting,p5_fewshot,E,F,stop,0
2010,mf_0402,Better by design: Innovation and new product development in Denmark: Global Family Business Survey 2016: PwC,Business & Management,p1_format,A,A,stop,1
2011,mf_0402,Better by design: Innovation and new product development in Denmark: Global Family Business Survey 2016: PwC,Business & Management,p1_format_soft,A,A,stop,1
2012,mf_0402,Better by design: Innovation and new product development in Denmark: Global Family Business Survey 2016: PwC,Business & Management,p2_complexity,A,A,stop,1
2013,mf_0402,Better by design: Innovation and new product development in Denmark: Global Family Business Survey 2016: PwC,Business & Management,p4_role,A,A,stop,1
2014,mf_0402,Better by design: Innovation and new product development in Denmark: Global Family Business Survey 2016: PwC,Business & Management,p5_fewshot,A,A,stop,1
2015,mf_0403,The finance function of the future: IFRS 17,Tax & Accounting,p1_format,E,E,stop,1
2016,mf_0403,The finance function of the future: IFRS 17,Tax & Accounting,p1_format_soft,E,E,stop,1
2017,mf_0403,The finance function of the future: IFRS 17,Tax & Accounting,p2_complexity,E,E,stop,1
2018,mf_0403,The finance function of the future: IFRS 17,Tax & Accounting,p4_role,E,E,stop,1
2019,mf_0403,The finance function of the future: IFRS 17,Tax & Accounting,p5_fewshot,E,E,stop,1
2020,mf_0404,Successfully Developing Innovative Drugs and Enhancing R&D Productivity,Industry,p1_format,D,D,stop,1
2021,mf_0404,Successfully Developing Innovative Drugs and Enhancing R&D Productivity,Industry,p1_format_soft,D,D,stop,1
2022,mf_0404,Successfully Developing Innovative Drugs and Enhancing R&D Productivity,Industry,p2_complexity,D,D,stop,1
2023,mf_0404,Successfully Developing Innovative Drugs and Enhancing R&D Productivity,Industry,p4_role,D,D,stop,1
2024,mf_0404,Successfully Developing Innovative Drugs and Enhancing R&D Productivity,Industry,p5_fewshot,D,D,stop,1
2025,mf_0405,Insurance’s new normal Driving innovation with InsurTech,Finance,p1_format,B,F,stop,0
2026,mf_0405,Insurance’s new normal Driving innovation with InsurTech,Finance,p1_format_soft,B,F,stop,0
2027,mf_0405,Insurance’s new normal Driving innovation with InsurTech,Finance,p2_complexity,B,F,stop,0
2028,mf_0405,Insurance’s new normal Driving innovation with InsurTech,Finance,p4_role,B,F,stop,0
2029,mf_0405,Insurance’s new normal Driving innovation with InsurTech,Finance,p5_fewshot,B,F,stop,0
2030,mf_0406,Proposed Amendments for Regulations Regarding Financial Restructuring Have Been Introduced,Finance,p1_format,B,C,stop,0
2031,mf_0406,Proposed Amendments for Regulations Regarding Financial Restructuring Have Been Introduced,Finance,p1_format_soft,B,C,stop,0
2032,mf_0406,Proposed Amendments for Regulations Regarding Financial Restructuring Have Been Introduced,Finance,p2_complexity,B,C,stop,0
2033,mf_0406,Proposed Amendments for Regulations Regarding Financial Restructuring Have Been Introduced,Finance,p4_role,B,C,stop,0
2034,mf_0406,Proposed Amendments for Regulations Regarding Financial Restructuring Have Been Introduced,Finance,p5_fewshot,B,C,stop,0
2035,mf_0407,Individual Taxation,Tax & Accounting,p1_format,E,E,stop,1
2036,mf_0407,Individual Taxation,Tax & Accounting,p1_format_soft,E,E,stop,1
2037,mf_0407,Individual Taxation,Tax & Accounting,p2_complexity,E,E,stop,1
2038,mf_0407,Individual Taxation,Tax & Accounting,p4_role,E,E,stop,1
2039,mf_0407,Individual Taxation,Tax & Accounting,p5_fewshot,E,E,stop,1
2040,mf_0408,Global tech IPOs in 2016 fell to their lowest level this decade,Finance,p1_format,B,B,stop,1
2041,mf_0408,Global tech IPOs in 2016 fell to their lowest level this decade,Finance,p1_format_soft,B,B,stop,1
2042,mf_0408,Global tech IPOs in 2016 fell to their lowest level this decade,Finance,p2_complexity,B,B,stop,1
2043,mf_0408,Global tech IPOs in 2016 fell to their lowest level this decade,Finance,p4_role,B,B,stop,1
2044,mf_0408,Global tech IPOs in 2016 fell to their lowest level this decade,Finance,p5_fewshot,B,B,stop,1
2045,mf_0409,19th Annual Global CEO Survey: Private Company View,Business & Management,p1_format,A,A,stop,1
2046,mf_0409,19th Annual Global CEO Survey: Private Company View,Business & Management,p1_format_soft,A,A,stop,1
2047,mf_0409,19th Annual Global CEO Survey: Private Company View,Business & Management,p2_complexity,A,A,stop,1
2048,mf_0409,19th Annual Global CEO Survey: Private Company View,Business & Management,p4_role,A,A,stop,1
2049,mf_0409,19th Annual Global CEO Survey: Private Company View,Business & Management,p5_fewshot,A,A,stop,1
2050,mf_0410,European IPO market looks set to shrug off uncertainty to reach €25bn in 2016,Finance,p1_format,B,B,stop,1
2051,mf_0410,European IPO market looks set to shrug off uncertainty to reach €25bn in 2016,Finance,p1_format_soft,B,B,stop,1
2052,mf_0410,European IPO market looks set to shrug off uncertainty to reach €25bn in 2016,Finance,p2_complexity,B,B,stop,1
2053,mf_0410,European IPO market looks set to shrug off uncertainty to reach €25bn in 2016,Finance,p4_role,B,B,stop,1
2054,mf_0410,European IPO market looks set to shrug off uncertainty to reach €25bn in 2016,Finance,p5_fewshot,B,B,stop,1
2055,mf_0411,Industry 4.0: Building the Digital Enterprise,Technology,p1_format,F,F,stop,1
2056,mf_0411,Industry 4.0: Building the Digital Enterprise,Technology,p1_format_soft,F,D,stop,0
2057,mf_0411,Industry 4.0: Building the Digital Enterprise,Technology,p2_complexity,F,F,stop,1
2058,mf_0411,Industry 4.0: Building the Digital Enterprise,Technology,p4_role,F,F,stop,1
2059,mf_0411,Industry 4.0: Building the Digital Enterprise,Technology,p5_fewshot,F,F,stop,1
2060,mf_0412,Private Equity,Finance,p1_format,B,B,stop,1
2061,mf_0412,Private Equity,Finance,p1_format_soft,B,B,stop,1
2062,mf_0412,Private Equity,Finance,p2_complexity,B,B,stop,1
2063,mf_0412,Private Equity,Finance,p4_role,B,B,stop,1
2064,mf_0412,Private Equity,Finance,p5_fewshot,B,B,stop,1
2065,mf_0413,Tax and legal news 25 February 2016,Tax & Accounting,p1_format,E,E,stop,1
2066,mf_0413,Tax and legal news 25 February 2016,Tax & Accounting,p1_format_soft,E,E,stop,1
2067,mf_0413,Tax and legal news 25 February 2016,Tax & Accounting,p2_complexity,E,E,stop,1
2068,mf_0413,Tax and legal news 25 February 2016,Tax & Accounting,p4_role,E,E,stop,1
2069,mf_0413,Tax and legal news 25 February 2016,Tax & Accounting,p5_fewshot,E,E,stop,1
2070,mf_0414,Brand communication during a pandemic. Time for storydoing,Business & Management,p1_format,A,A,stop,1
2071,mf_0414,Brand communication during a pandemic. Time for storydoing,Business & Management,p1_format_soft,A,A,stop,1
2072,mf_0414,Brand communication during a pandemic. Time for storydoing,Business & Management,p2_complexity,A,A,stop,1
2073,mf_0414,Brand communication during a pandemic. Time for storydoing,Business & Management,p4_role,A,A,stop,1
2074,mf_0414,Brand communication during a pandemic. Time for storydoing,Business & Management,p5_fewshot,A,A,stop,1
2075,mf_0415,Transform Your Organization to Adapt Post COVID-19,Business & Management,p1_format,A,A,stop,1
2076,mf_0415,Transform Your Organization to Adapt Post COVID-19,Business & Management,p1_format_soft,A,A,stop,1
2077,mf_0415,Transform Your Organization to Adapt Post COVID-19,Business & Management,p2_complexity,A,A,stop,1
2078,mf_0415,Transform Your Organization to Adapt Post COVID-19,Business & Management,p4_role,A,A,stop,1
2079,mf_0415,Transform Your Organization to Adapt Post COVID-19,Business & Management,p5_fewshot,A,A,stop,1
2080,mf_0416,Workforce Strategy,Business & Management,p1_format,A,A,stop,1
2081,mf_0416,Workforce Strategy,Business & Management,p1_format_soft,A,A,stop,1
2082,mf_0416,Workforce Strategy,Business & Management,p2_complexity,A,A,stop,1
2083,mf_0416,Workforce Strategy,Business & Management,p4_role,A,A,stop,1
2084,mf_0416,Workforce Strategy,Business & Management,p5_fewshot,A,A,stop,1
2085,mf_0417,Global employee mobility: Technology and efficiency,Business & Management,p1_format,A,F,stop,0
2086,mf_0417,Global employee mobility: Technology and efficiency,Business & Management,p1_format_soft,A,F,stop,0
2087,mf_0417,Global employee mobility: Technology and efficiency,Business & Management,p2_complexity,A,F,stop,0
2088,mf_0417,Global employee mobility: Technology and efficiency,Business & Management,p4_role,A,F,stop,0
2089,mf_0417,Global employee mobility: Technology and efficiency,Business & Management,p5_fewshot,A,F,stop,0
2090,mf_0418,Tax strategy  & operations,Tax & Accounting,p1_format,E,E,stop,1
2091,mf_0418,Tax strategy  & operations,Tax & Accounting,p1_format_soft,E,E,stop,1
2092,mf_0418,Tax strategy  & operations,Tax & Accounting,p2_complexity,E,E,stop,1
2093,mf_0418,Tax strategy  & operations,Tax & Accounting,p4_role,E,E,stop,1
2094,mf_0418,Tax strategy  & operations,Tax & Accounting,p5_fewshot,E,E,stop,1
2095,mf_0419,Get more than an accountant,Tax & Accounting,p1_format,E,E,stop,1
2096,mf_0419,Get more than an accountant,Tax & Accounting,p1_format_soft,E,E,stop,1
2097,mf_0419,Get more than an accountant,Tax & Accounting,p2_complexity,E,E,stop,1
2098,mf_0419,Get more than an accountant,Tax & Accounting,p4_role,E,E,stop,1
2099,mf_0419,Get more than an accountant,Tax & Accounting,p5_fewshot,E,E,stop,1
2100,mf_0420,Financial services organisations need to 'walk the diversity talk' to tap into the whole talent market,Business & Management,p1_format,A,A,stop,1
2101,mf_0420,Financial services organisations need to 'walk the diversity talk' to tap into the whole talent market,Business & Management,p1_format_soft,A,A,stop,1
2102,mf_0420,Financial services organisations need to 'walk the diversity talk' to tap into the whole talent market,Business & Management,p2_complexity,A,A,stop,1
2103,mf_0420,Financial services organisations need to 'walk the diversity talk' to tap into the whole talent market,Business & Management,p4_role,A,B,stop,0
2104,mf_0420,Financial services organisations need to 'walk the diversity talk' to tap into the whole talent market,Business & Management,p5_fewshot,A,A,stop,1
2105,mf_0421,New solidarity tax for the richest taxpayers and new social security contribution – practical impact overview,Finance,p1_format,B,E,stop,0
2106,mf_0421,New solidarity tax for the richest taxpayers and new social security contribution – practical impact overview,Finance,p1_format_soft,B,E,stop,0
2107,mf_0421,New solidarity tax for the richest taxpayers and new social security contribution – practical impact overview,Finance,p2_complexity,B,E,stop,0
2108,mf_0421,New solidarity tax for the richest taxpayers and new social security contribution – practical impact overview,Finance,p4_role,B,E,stop,0
2109,mf_0421,New solidarity tax for the richest taxpayers and new social security contribution – practical impact overview,Finance,p5_fewshot,B,E,stop,0
2110,mf_0422,PwC’s COVID-19 CFO Pulse,Business & Management,p1_format,A,B,stop,0
2111,mf_0422,PwC’s COVID-19 CFO Pulse,Business & Management,p1_format_soft,A,B,stop,0
2112,mf_0422,PwC’s COVID-19 CFO Pulse,Business & Management,p2_complexity,A,B,stop,0
2113,mf_0422,PwC’s COVID-19 CFO Pulse,Business & Management,p4_role,A,B,stop,0
2114,mf_0422,PwC’s COVID-19 CFO Pulse,Business & Management,p5_fewshot,A,B,stop,0
2115,mf_0423,Strategy,Business & Management,p1_format,A,A,stop,1
2116,mf_0423,Strategy,Business & Management,p1_format_soft,A,A,stop,1
2117,mf_0423,Strategy,Business & Management,p2_complexity,A,A,stop,1
2118,mf_0423,Strategy,Business & Management,p4_role,A,A,stop,1
2119,mf_0423,Strategy,Business & Management,p5_fewshot,A,A,stop,1
2120,mf_0424,Work in Assurance,Tax & Accounting,p1_format,E,E,stop,1
2121,mf_0424,Work in Assurance,Tax & Accounting,p1_format_soft,E,E,stop,1
2122,mf_0424,Work in Assurance,Tax & Accounting,p2_complexity,E,E,stop,1
2123,mf_0424,Work in Assurance,Tax & Accounting,p4_role,E,E,stop,1
2124,mf_0424,Work in Assurance,Tax & Accounting,p5_fewshot,E,E,stop,1
2125,mf_0425,Annual report 2016: Climate Week,Business & Management,p1_format,A,A,stop,1
2126,mf_0425,Annual report 2016: Climate Week,Business & Management,p1_format_soft,A,A,stop,1
2127,mf_0425,Annual report 2016: Climate Week,Business & Management,p2_complexity,A,A,stop,1
2128,mf_0425,Annual report 2016: Climate Week,Business & Management,p4_role,A,A,stop,1
2129,mf_0425,Annual report 2016: Climate Week,Business & Management,p5_fewshot,A,B,stop,0
2130,mf_0426,World CEOs turning to Germany for growth,Business & Management,p1_format,A,A,stop,1
2131,mf_0426,World CEOs turning to Germany for growth,Business & Management,p1_format_soft,A,A,stop,1
2132,mf_0426,World CEOs turning to Germany for growth,Business & Management,p2_complexity,A,A,stop,1
2133,mf_0426,World CEOs turning to Germany for growth,Business & Management,p4_role,A,A,stop,1
2134,mf_0426,World CEOs turning to Germany for growth,Business & Management,p5_fewshot,A,A,stop,1
2135,mf_0427,21st CEO Survey: The Anxious Optimist in the Corner Office,Business & Management,p1_format,A,A,stop,1
2136,mf_0427,21st CEO Survey: The Anxious Optimist in the Corner Office,Business & Management,p1_format_soft,A,A,stop,1
2137,mf_0427,21st CEO Survey: The Anxious Optimist in the Corner Office,Business & Management,p2_complexity,A,A,stop,1
2138,mf_0427,21st CEO Survey: The Anxious Optimist in the Corner Office,Business & Management,p4_role,A,A,stop,1
2139,mf_0427,21st CEO Survey: The Anxious Optimist in the Corner Office,Business & Management,p5_fewshot,A,A,stop,1
2140,mf_0428,NVIDIA Deep Learning,Technology,p1_format,F,F,stop,1
2141,mf_0428,NVIDIA Deep Learning,Technology,p1_format_soft,F,F,stop,1
2142,mf_0428,NVIDIA Deep Learning,Technology,p2_complexity,F,F,stop,1
2143,mf_0428,NVIDIA Deep Learning,Technology,p4_role,F,F,stop,1
2144,mf_0428,NVIDIA Deep Learning,Technology,p5_fewshot,F,F,stop,1
2145,mf_0429,Blockchain: PwC,Technology,p1_format,F,F,stop,1
2146,mf_0429,Blockchain: PwC,Technology,p1_format_soft,F,F,stop,1
2147,mf_0429,Blockchain: PwC,Technology,p2_complexity,F,F,stop,1
2148,mf_0429,Blockchain: PwC,Technology,p4_role,F,F,stop,1
2149,mf_0429,Blockchain: PwC,Technology,p5_fewshot,F,F,stop,1
2150,mf_0430,#amnc18: How will AI impact the job market in China?,Technology,p1_format,F,F,stop,1
2151,mf_0430,#amnc18: How will AI impact the job market in China?,Technology,p1_format_soft,F,F,stop,1
2152,mf_0430,#amnc18: How will AI impact the job market in China?,Technology,p2_complexity,F,F,stop,1
2153,mf_0430,#amnc18: How will AI impact the job market in China?,Technology,p4_role,F,F,stop,1
2154,mf_0430,#amnc18: How will AI impact the job market in China?,Technology,p5_fewshot,F,F,stop,1
2155,mf_0431,Payroll Outsourcing: Discipline leading to Innovation,Business & Management,p1_format,A,A,stop,1
2156,mf_0431,Payroll Outsourcing: Discipline leading to Innovation,Business & Management,p1_format_soft,A,A,stop,1
2157,mf_0431,Payroll Outsourcing: Discipline leading to Innovation,Business & Management,p2_complexity,A,A,stop,1
2158,mf_0431,Payroll Outsourcing: Discipline leading to Innovation,Business & Management,p4_role,A,A,stop,1
2159,mf_0431,Payroll Outsourcing: Discipline leading to Innovation,Business & Management,p5_fewshot,A,A,stop,1
2160,mf_0432,Digital Revolution and Open Banking,Finance,p1_format,B,B,stop,1
2161,mf_0432,Digital Revolution and Open Banking,Finance,p1_format_soft,B,B,stop,1
2162,mf_0432,Digital Revolution and Open Banking,Finance,p2_complexity,B,B,stop,1
2163,mf_0432,Digital Revolution and Open Banking,Finance,p4_role,B,B,stop,1
2164,mf_0432,Digital Revolution and Open Banking,Finance,p5_fewshot,B,F,stop,0
2165,mf_0433,Deal summary Veho Oy Ab,Finance,p1_format,B,A,stop,0
2166,mf_0433,Deal summary Veho Oy Ab,Finance,p1_format_soft,B,A,stop,0
2167,mf_0433,Deal summary Veho Oy Ab,Finance,p2_complexity,B,B,stop,1
2168,mf_0433,Deal summary Veho Oy Ab,Finance,p4_role,B,A,stop,0
2169,mf_0433,Deal summary Veho Oy Ab,Finance,p5_fewshot,B,B,stop,1
2170,mf_0434,Deal summary Vapo Oy,Finance,p1_format,B,B,stop,1
2171,mf_0434,Deal summary Vapo Oy,Finance,p1_format_soft,B,A,stop,0
2172,mf_0434,Deal summary Vapo Oy,Finance,p2_complexity,B,B,stop,1
2173,mf_0434,Deal summary Vapo Oy,Finance,p4_role,B,B,stop,1
2174,mf_0434,Deal summary Vapo Oy,Finance,p5_fewshot,B,B,stop,1
2175,mf_0435,Social security services,Finance,p1_format,B,C,stop,0
2176,mf_0435,Social security services,Finance,p1_format_soft,B,C,stop,0
2177,mf_0435,Social security services,Finance,p2_complexity,B,C,stop,0
2178,mf_0435,Social security services,Finance,p4_role,B,C,stop,0
2179,mf_0435,Social security services,Finance,p5_fewshot,B,B,stop,1
2180,mf_0436,ALM Intelligence rates PwC a global leader in retirement benefits consulting,Business & Management,p1_format,A,A,stop,1
2181,mf_0436,ALM Intelligence rates PwC a global leader in retirement benefits consulting,Business & Management,p1_format_soft,A,A,stop,1
2182,mf_0436,ALM Intelligence rates PwC a global leader in retirement benefits consulting,Business & Management,p2_complexity,A,A,stop,1
2183,mf_0436,ALM Intelligence rates PwC a global leader in retirement benefits consulting,Business & Management,p4_role,A,A,stop,1
2184,mf_0436,ALM Intelligence rates PwC a global leader in retirement benefits consulting,Business & Management,p5_fewshot,A,B,stop,0
2185,mf_0437,CEO confidence rises despite new risks and uncertainty,Business & Management,p1_format,A,A,stop,1
2186,mf_0437,CEO confidence rises despite new risks and uncertainty,Business & Management,p1_format_soft,A,A,stop,1
2187,mf_0437,CEO confidence rises despite new risks and uncertainty,Business & Management,p2_complexity,A,A,stop,1
2188,mf_0437,CEO confidence rises despite new risks and uncertainty,Business & Management,p4_role,A,A,stop,1
2189,mf_0437,CEO confidence rises despite new risks and uncertainty,Business & Management,p5_fewshot,A,A,stop,1
2190,mf_0438,Global CEO Pulse Survey on Innovation,Business & Management,p1_format,A,A,stop,1
2191,mf_0438,Global CEO Pulse Survey on Innovation,Business & Management,p1_format_soft,A,A,stop,1
2192,mf_0438,Global CEO Pulse Survey on Innovation,Business & Management,p2_complexity,A,A,stop,1
2193,mf_0438,Global CEO Pulse Survey on Innovation,Business & Management,p4_role,A,A,stop,1
2194,mf_0438,Global CEO Pulse Survey on Innovation,Business & Management,p5_fewshot,A,A,stop,1
2195,mf_0439,Tax and legal news 16 June 2017,Tax & Accounting,p1_format,E,E,stop,1
2196,mf_0439,Tax and legal news 16 June 2017,Tax & Accounting,p1_format_soft,E,E,stop,1
2197,mf_0439,Tax and legal news 16 June 2017,Tax & Accounting,p2_complexity,E,E,stop,1
2198,mf_0439,Tax and legal news 16 June 2017,Tax & Accounting,p4_role,E,E,stop,1
2199,mf_0439,Tax and legal news 16 June 2017,Tax & Accounting,p5_fewshot,E,E,stop,1
2200,mf_0440,Transaction services,Finance,p1_format,B,B,stop,1
2201,mf_0440,Transaction services,Finance,p1_format_soft,B,B,stop,1
2202,mf_0440,Transaction services,Finance,p2_complexity,B,B,stop,1
2203,mf_0440,Transaction services,Finance,p4_role,B,B,stop,1
2204,mf_0440,Transaction services,Finance,p5_fewshot,B,B,stop,1
2205,mf_0441,Assurance and financial reporting,Tax & Accounting,p1_format,E,E,stop,1
2206,mf_0441,Assurance and financial reporting,Tax & Accounting,p1_format_soft,E,E,stop,1
2207,mf_0441,Assurance and financial reporting,Tax & Accounting,p2_complexity,E,E,stop,1
2208,mf_0441,Assurance and financial reporting,Tax & Accounting,p4_role,E,E,stop,1
2209,mf_0441,Assurance and financial reporting,Tax & Accounting,p5_fewshot,E,E,stop,1
2210,mf_0442,"Energy, utilities and resources",Industry,p1_format,D,D,stop,1
2211,mf_0442,"Energy, utilities and resources",Industry,p1_format_soft,D,D,stop,1
2212,mf_0442,"Energy, utilities and resources",Industry,p2_complexity,D,D,stop,1
2213,mf_0442,"Energy, utilities and resources",Industry,p4_role,D,D,stop,1
2214,mf_0442,"Energy, utilities and resources",Industry,p5_fewshot,D,D,stop,1
2215,mf_0443,Databrain: Data Governance for Analytics,Technology,p1_format,F,F,stop,1
2216,mf_0443,Databrain: Data Governance for Analytics,Technology,p1_format_soft,F,F,stop,1
2217,mf_0443,Databrain: Data Governance for Analytics,Technology,p2_complexity,F,F,stop,1
2218,mf_0443,Databrain: Data Governance for Analytics,Technology,p4_role,F,F,stop,1
2219,mf_0443,Databrain: Data Governance for Analytics,Technology,p5_fewshot,F,F,stop,1
2220,mf_0444,Assurance,Tax & Accounting,p1_format,E,E,stop,1
2221,mf_0444,Assurance,Tax & Accounting,p1_format_soft,E,E,stop,1
2222,mf_0444,Assurance,Tax & Accounting,p2_complexity,E,E,stop,1
2223,mf_0444,Assurance,Tax & Accounting,p4_role,E,E,stop,1
2224,mf_0444,Assurance,Tax & Accounting,p5_fewshot,E,E,stop,1
2225,mf_0445,Tax and legal news 20 April 2017,Tax & Accounting,p1_format,E,E,stop,1
2226,mf_0445,Tax and legal news 20 April 2017,Tax & Accounting,p1_format_soft,E,E,stop,1
2227,mf_0445,Tax and legal news 20 April 2017,Tax & Accounting,p2_complexity,E,E,stop,1
2228,mf_0445,Tax and legal news 20 April 2017,Tax & Accounting,p4_role,E,E,stop,1
2229,mf_0445,Tax and legal news 20 April 2017,Tax & Accounting,p5_fewshot,E,E,stop,1
2230,mf_0446,Indirect Taxes,Tax & Accounting,p1_format,E,E,stop,1
2231,mf_0446,Indirect Taxes,Tax & Accounting,p1_format_soft,E,E,stop,1
2232,mf_0446,Indirect Taxes,Tax & Accounting,p2_complexity,E,E,stop,1
2233,mf_0446,Indirect Taxes,Tax & Accounting,p4_role,E,E,stop,1
2234,mf_0446,Indirect Taxes,Tax & Accounting,p5_fewshot,E,E,stop,1
2235,mf_0447,Cyber threats topple over-regulation as top risk for Banking and Capital Markets CEOs,Technology,p1_format,F,F,stop,1
2236,mf_0447,Cyber threats topple over-regulation as top risk for Banking and Capital Markets CEOs,Technology,p1_format_soft,F,F,stop,1
2237,mf_0447,Cyber threats topple over-regulation as top risk for Banking and Capital Markets CEOs,Technology,p2_complexity,F,F,stop,1
2238,mf_0447,Cyber threats topple over-regulation as top risk for Banking and Capital Markets CEOs,Technology,p4_role,F,F,stop,1
2239,mf_0447,Cyber threats topple over-regulation as top risk for Banking and Capital Markets CEOs,Technology,p5_fewshot,F,B,stop,0
2240,mf_0448,Deal summary Folmer Management Oy / Cockerill Maintenance & Ingénierie (CMI),Finance,p1_format,B,B,stop,1
2241,mf_0448,Deal summary Folmer Management Oy / Cockerill Maintenance & Ingénierie (CMI),Finance,p1_format_soft,B,B,stop,1
2242,mf_0448,Deal summary Folmer Management Oy / Cockerill Maintenance & Ingénierie (CMI),Finance,p2_complexity,B,A,stop,0
2243,mf_0448,Deal summary Folmer Management Oy / Cockerill Maintenance & Ingénierie (CMI),Finance,p4_role,B,A,stop,0
2244,mf_0448,Deal summary Folmer Management Oy / Cockerill Maintenance & Ingénierie (CMI),Finance,p5_fewshot,B,A,stop,0
2245,mf_0449,Presenting a United Front on Financial Crimes,Government & Controls,p1_format,C,C,stop,1
2246,mf_0449,Presenting a United Front on Financial Crimes,Government & Controls,p1_format_soft,C,C,stop,1
2247,mf_0449,Presenting a United Front on Financial Crimes,Government & Controls,p2_complexity,C,C,stop,1
2248,mf_0449,Presenting a United Front on Financial Crimes,Government & Controls,p4_role,C,C,stop,1
2249,mf_0449,Presenting a United Front on Financial Crimes,Government & Controls,p5_fewshot,C,C,stop,1
2250,mf_0450,How PwC’s Food Trust Platform protects Australian brands from food fraud,Government & Controls,p1_format,C,F,stop,0
2251,mf_0450,How PwC’s Food Trust Platform protects Australian brands from food fraud,Government & Controls,p1_format_soft,C,F,stop,0
2252,mf_0450,How PwC’s Food Trust Platform protects Australian brands from food fraud,Government & Controls,p2_complexity,C,F,stop,0
2253,mf_0450,How PwC’s Food Trust Platform protects Australian brands from food fraud,Government & Controls,p4_role,C,F,stop,0
2254,mf_0450,How PwC’s Food Trust Platform protects Australian brands from food fraud,Government & Controls,p5_fewshot,C,F,stop,0
2255,mf_0451,Tax Flash February 2015,Tax & Accounting,p1_format,E,E,stop,1
2256,mf_0451,Tax Flash February 2015,Tax & Accounting,p1_format_soft,E,E,stop,1
2257,mf_0451,Tax Flash February 2015,Tax & Accounting,p2_complexity,E,E,stop,1
2258,mf_0451,Tax Flash February 2015,Tax & Accounting,p4_role,E,E,stop,1
2259,mf_0451,Tax Flash February 2015,Tax & Accounting,p5_fewshot,E,E,stop,1
2260,mf_0452,Digital transformation in customer and operations,Technology,p1_format,F,F,stop,1
2261,mf_0452,Digital transformation in customer and operations,Technology,p1_format_soft,F,F,stop,1
2262,mf_0452,Digital transformation in customer and operations,Technology,p2_complexity,F,F,stop,1
2263,mf_0452,Digital transformation in customer and operations,Technology,p4_role,F,F,stop,1
2264,mf_0452,Digital transformation in customer and operations,Technology,p5_fewshot,F,F,stop,1
2265,mf_0453,IFRS 17/TFRS 17 Insurance Contracts,Finance,p1_format,B,E,stop,0
2266,mf_0453,IFRS 17/TFRS 17 Insurance Contracts,Finance,p1_format_soft,B,E,stop,0
2267,mf_0453,IFRS 17/TFRS 17 Insurance Contracts,Finance,p2_complexity,B,E,stop,0
2268,mf_0453,IFRS 17/TFRS 17 Insurance Contracts,Finance,p4_role,B,E,stop,0
2269,mf_0453,IFRS 17/TFRS 17 Insurance Contracts,Finance,p5_fewshot,B,E,stop,0
2270,mf_0454,Global employee mobility,Business & Management,p1_format,A,A,stop,1
2271,mf_0454,Global employee mobility,Business & Management,p1_format_soft,A,A,stop,1
2272,mf_0454,Global employee mobility,Business & Management,p2_complexity,A,A,stop,1
2273,mf_0454,Global employee mobility,Business & Management,p4_role,A,A,stop,1
2274,mf_0454,Global employee mobility,Business & Management,p5_fewshot,A,A,stop,1
2275,mf_0455,Emerging Trends in Real Estate®: Europe 2018,Industry,p1_format,D,D,stop,1
2276,mf_0455,Emerging Trends in Real Estate®: Europe 2018,Industry,p1_format_soft,D,D,stop,1
2277,mf_0455,Emerging Trends in Real Estate®: Europe 2018,Industry,p2_complexity,D,D,stop,1
2278,mf_0455,Emerging Trends in Real Estate®: Europe 2018,Industry,p4_role,D,D,stop,1
2279,mf_0455,Emerging Trends in Real Estate®: Europe 2018,Industry,p5_fewshot,D,D,stop,1
2280,mf_0456,"Tax and legal news, January 2020",Tax & Accounting,p1_format,E,E,stop,1
2281,mf_0456,"Tax and legal news, January 2020",Tax & Accounting,p1_format_soft,E,E,stop,1
2282,mf_0456,"Tax and legal news, January 2020",Tax & Accounting,p2_complexity,E,E,stop,1
2283,mf_0456,"Tax and legal news, January 2020",Tax & Accounting,p4_role,E,E,stop,1
2284,mf_0456,"Tax and legal news, January 2020",Tax & Accounting,p5_fewshot,E,E,stop,1
2285,mf_0457,PwC's Insights: Greek entrepreneurship at the crossroads,Business & Management,p1_format,A,A,stop,1
2286,mf_0457,PwC's Insights: Greek entrepreneurship at the crossroads,Business & Management,p1_format_soft,A,A,stop,1
2287,mf_0457,PwC's Insights: Greek entrepreneurship at the crossroads,Business & Management,p2_complexity,A,A,stop,1
2288,mf_0457,PwC's Insights: Greek entrepreneurship at the crossroads,Business & Management,p4_role,A,A,stop,1
2289,mf_0457,PwC's Insights: Greek entrepreneurship at the crossroads,Business & Management,p5_fewshot,A,A,stop,1
2290,mf_0458,Robo Advisory moves forward in Italy,Technology,p1_format,F,F,stop,1
2291,mf_0458,Robo Advisory moves forward in Italy,Technology,p1_format_soft,F,F,stop,1
2292,mf_0458,Robo Advisory moves forward in Italy,Technology,p2_complexity,F,B,stop,0
2293,mf_0458,Robo Advisory moves forward in Italy,Technology,p4_role,F,B,stop,0
2294,mf_0458,Robo Advisory moves forward in Italy,Technology,p5_fewshot,F,F,stop,1
2295,mf_0459,Fit for Growth,Business & Management,p1_format,A,A,stop,1
2296,mf_0459,Fit for Growth,Business & Management,p1_format_soft,A,A,stop,1
2297,mf_0459,Fit for Growth,Business & Management,p2_complexity,A,A,stop,1
2298,mf_0459,Fit for Growth,Business & Management,p4_role,A,A,stop,1
2299,mf_0459,Fit for Growth,Business & Management,p5_fewshot,A,A,stop,1
2300,mf_0460,Insurance,Finance,p1_format,B,B,stop,1
2301,mf_0460,Insurance,Finance,p1_format_soft,B,B,stop,1
2302,mf_0460,Insurance,Finance,p2_complexity,B,B,stop,1
2303,mf_0460,Insurance,Finance,p4_role,B,B,stop,1
2304,mf_0460,Insurance,Finance,p5_fewshot,B,B,stop,1
2305,mf_0461,US tax reform,Tax & Accounting,p1_format,E,E,stop,1
2306,mf_0461,US tax reform,Tax & Accounting,p1_format_soft,E,E,stop,1
2307,mf_0461,US tax reform,Tax & Accounting,p2_complexity,E,E,stop,1
2308,mf_0461,US tax reform,Tax & Accounting,p4_role,E,E,stop,1
2309,mf_0461,US tax reform,Tax & Accounting,p5_fewshot,E,E,stop,1
2310,mf_0462,PwC Women in Work Index: Closing the gender pay gap,Business & Management,p1_format,A,A,stop,1
2311,mf_0462,PwC Women in Work Index: Closing the gender pay gap,Business & Management,p1_format_soft,A,A,stop,1
2312,mf_0462,PwC Women in Work Index: Closing the gender pay gap,Business & Management,p2_complexity,A,A,stop,1
2313,mf_0462,PwC Women in Work Index: Closing the gender pay gap,Business & Management,p4_role,A,A,stop,1
2314,mf_0462,PwC Women in Work Index: Closing the gender pay gap,Business & Management,p5_fewshot,A,A,stop,1
2315,mf_0463,Project Management Services,Business & Management,p1_format,A,A,stop,1
2316,mf_0463,Project Management Services,Business & Management,p1_format_soft,A,A,stop,1
2317,mf_0463,Project Management Services,Business & Management,p2_complexity,A,A,stop,1
2318,mf_0463,Project Management Services,Business & Management,p4_role,A,A,stop,1
2319,mf_0463,Project Management Services,Business & Management,p5_fewshot,A,A,stop,1
2320,mf_0464,Digital Fitness Assessment,Technology,p1_format,F,F,stop,1
2321,mf_0464,Digital Fitness Assessment,Technology,p1_format_soft,F,F,stop,1
2322,mf_0464,Digital Fitness Assessment,Technology,p2_complexity,F,F,stop,1
2323,mf_0464,Digital Fitness Assessment,Technology,p4_role,F,F,stop,1
2324,mf_0464,Digital Fitness Assessment,Technology,p5_fewshot,F,F,stop,1
2325,mf_0465,PwC rated as a leader in robotic process automation (RPA) service providers in health industries report by independent research firm,Technology,p1_format,F,F,stop,1
2326,mf_0465,PwC rated as a leader in robotic process automation (RPA) service providers in health industries report by independent research firm,Technology,p1_format_soft,F,F,stop,1
2327,mf_0465,PwC rated as a leader in robotic process automation (RPA) service providers in health industries report by independent research firm,Technology,p2_complexity,F,F,stop,1
2328,mf_0465,PwC rated as a leader in robotic process automation (RPA) service providers in health industries report by independent research firm,Technology,p4_role,F,F,stop,1
2329,mf_0465,PwC rated as a leader in robotic process automation (RPA) service providers in health industries report by independent research firm,Technology,p5_fewshot,F,F,stop,1
2330,mf_0466,The impact of Brexit on the free flow of data,Government & Controls,p1_format,C,F,stop,0
2331,mf_0466,The impact of Brexit on the free flow of data,Government & Controls,p1_format_soft,C,F,stop,0
2332,mf_0466,The impact of Brexit on the free flow of data,Government & Controls,p2_complexity,C,F,stop,0
2333,mf_0466,The impact of Brexit on the free flow of data,Government & Controls,p4_role,C,F,stop,0
2334,mf_0466,The impact of Brexit on the free flow of data,Government & Controls,p5_fewshot,C,C,stop,1
2335,mf_0467,Statistical Analysis with MS Excel,Technology,p1_format,F,F,stop,1
2336,mf_0467,Statistical Analysis with MS Excel,Technology,p1_format_soft,F,F,stop,1
2337,mf_0467,Statistical Analysis with MS Excel,Technology,p2_complexity,F,F,stop,1
2338,mf_0467,Statistical Analysis with MS Excel,Technology,p4_role,F,F,stop,1
2339,mf_0467,Statistical Analysis with MS Excel,Technology,p5_fewshot,F,F,stop,1
2340,mf_0468,Strategy & Operations,Business & Management,p1_format,A,A,stop,1
2341,mf_0468,Strategy & Operations,Business & Management,p1_format_soft,A,A,stop,1
2342,mf_0468,Strategy & Operations,Business & Management,p2_complexity,A,A,stop,1
2343,mf_0468,Strategy & Operations,Business & Management,p4_role,A,A,stop,1
2344,mf_0468,Strategy & Operations,Business & Management,p5_fewshot,A,A,stop,1
2345,mf_0469,Deal summary FuturSoft Oy / Vitec Software Group,Finance,p1_format,B,A,stop,0
2346,mf_0469,Deal summary FuturSoft Oy / Vitec Software Group,Finance,p1_format_soft,B,A,stop,0
2347,mf_0469,Deal summary FuturSoft Oy / Vitec Software Group,Finance,p2_complexity,B,A,stop,0
2348,mf_0469,Deal summary FuturSoft Oy / Vitec Software Group,Finance,p4_role,B,F,stop,0
2349,mf_0469,Deal summary FuturSoft Oy / Vitec Software Group,Finance,p5_fewshot,B,A,stop,0
2350,mf_0470,Tax accounting services,Tax & Accounting,p1_format,E,E,stop,1
2351,mf_0470,Tax accounting services,Tax & Accounting,p1_format_soft,E,E,stop,1
2352,mf_0470,Tax accounting services,Tax & Accounting,p2_complexity,E,E,stop,1
2353,mf_0470,Tax accounting services,Tax & Accounting,p4_role,E,E,stop,1
2354,mf_0470,Tax accounting services,Tax & Accounting,p5_fewshot,E,E,stop,1
2355,mf_0471,PwC Global CIO recognised in Premier 100 Technology Leadership Awards.,Business & Management,p1_format,A,F,stop,0
2356,mf_0471,PwC Global CIO recognised in Premier 100 Technology Leadership Awards.,Business & Management,p1_format_soft,A,F,stop,0
2357,mf_0471,PwC Global CIO recognised in Premier 100 Technology Leadership Awards.,Business & Management,p2_complexity,A,F,stop,0
2358,mf_0471,PwC Global CIO recognised in Premier 100 Technology Leadership Awards.,Business & Management,p4_role,A,F,stop,0
2359,mf_0471,PwC Global CIO recognised in Premier 100 Technology Leadership Awards.,Business & Management,p5_fewshot,A,F,stop,0
2360,mf_0472,Internet access,Technology,p1_format,F,F,stop,1
2361,mf_0472,Internet access,Technology,p1_format_soft,F,F,stop,1
2362,mf_0472,Internet access,Technology,p2_complexity,F,F,stop,1
2363,mf_0472,Internet access,Technology,p4_role,F,F,stop,1
2364,mf_0472,Internet access,Technology,p5_fewshot,F,F,stop,1
2365,mf_0473,Audit and Assurance Services,Tax & Accounting,p1_format,E,E,stop,1
2366,mf_0473,Audit and Assurance Services,Tax & Accounting,p1_format_soft,E,E,stop,1
2367,mf_0473,Audit and Assurance Services,Tax & Accounting,p2_complexity,E,E,stop,1
2368,mf_0473,Audit and Assurance Services,Tax & Accounting,p4_role,E,E,stop,1
2369,mf_0473,Audit and Assurance Services,Tax & Accounting,p5_fewshot,E,E,stop,1
2370,mf_0474,Summary of planned changes in PIT from 1st January 2019,Tax & Accounting,p1_format,E,E,stop,1
2371,mf_0474,Summary of planned changes in PIT from 1st January 2019,Tax & Accounting,p1_format_soft,E,E,stop,1
2372,mf_0474,Summary of planned changes in PIT from 1st January 2019,Tax & Accounting,p2_complexity,E,E,stop,1
2373,mf_0474,Summary of planned changes in PIT from 1st January 2019,Tax & Accounting,p4_role,E,E,stop,1
2374,mf_0474,Summary of planned changes in PIT from 1st January 2019,Tax & Accounting,p5_fewshot,E,E,stop,1
2375,mf_0475,SAF-T in Poland – the number of tax audits using SAF-T is increasing,Tax & Accounting,p1_format,E,E,stop,1
2376,mf_0475,SAF-T in Poland – the number of tax audits using SAF-T is increasing,Tax & Accounting,p1_format_soft,E,E,stop,1
2377,mf_0475,SAF-T in Poland – the number of tax audits using SAF-T is increasing,Tax & Accounting,p2_complexity,E,E,stop,1
2378,mf_0475,SAF-T in Poland – the number of tax audits using SAF-T is increasing,Tax & Accounting,p4_role,E,E,stop,1
2379,mf_0475,SAF-T in Poland – the number of tax audits using SAF-T is increasing,Tax & Accounting,p5_fewshot,E,E,stop,1
2380,mf_0476,"Strong values drive growth for family business amid disruption fears, finds PwC global survey",Business & Management,p1_format,A,A,stop,1
2381,mf_0476,"Strong values drive growth for family business amid disruption fears, finds PwC global survey",Business & Management,p1_format_soft,A,A,stop,1
2382,mf_0476,"Strong values drive growth for family business amid disruption fears, finds PwC global survey",Business & Management,p2_complexity,A,A,stop,1
2383,mf_0476,"Strong values drive growth for family business amid disruption fears, finds PwC global survey",Business & Management,p4_role,A,A,stop,1
2384,mf_0476,"Strong values drive growth for family business amid disruption fears, finds PwC global survey",Business & Management,p5_fewshot,A,A,stop,1
2385,mf_0477,Crisis Management & Forensic Intelligence,Government & Controls,p1_format,C,A,stop,0
2386,mf_0477,Crisis Management & Forensic Intelligence,Government & Controls,p1_format_soft,C,A,stop,0
2387,mf_0477,Crisis Management & Forensic Intelligence,Government & Controls,p2_complexity,C,A,stop,0
2388,mf_0477,Crisis Management & Forensic Intelligence,Government & Controls,p4_role,C,A,stop,0
2389,mf_0477,Crisis Management & Forensic Intelligence,Government & Controls,p5_fewshot,C,A,stop,0
2390,mf_0478,Deal execution,Finance,p1_format,B,B,stop,1
2391,mf_0478,Deal execution,Finance,p1_format_soft,B,B,stop,1
2392,mf_0478,Deal execution,Finance,p2_complexity,B,B,stop,1
2393,mf_0478,Deal execution,Finance,p4_role,B,B,stop,1
2394,mf_0478,Deal execution,Finance,p5_fewshot,B,B,stop,1
2395,mf_0479,Tax technology,Tax & Accounting,p1_format,E,E,stop,1
2396,mf_0479,Tax technology,Tax & Accounting,p1_format_soft,E,E,stop,1
2397,mf_0479,Tax technology,Tax & Accounting,p2_complexity,E,E,stop,1
2398,mf_0479,Tax technology,Tax & Accounting,p4_role,E,E,stop,1
2399,mf_0479,Tax technology,Tax & Accounting,p5_fewshot,E,E,stop,1
2400,mf_0480,Technology,Technology,p1_format,F,F,stop,1
2401,mf_0480,Technology,Technology,p1_format_soft,F,F,stop,1
2402,mf_0480,Technology,Technology,p2_complexity,F,F,stop,1
2403,mf_0480,Technology,Technology,p4_role,F,F,stop,1
2404,mf_0480,Technology,Technology,p5_fewshot,F,F,stop,1
2405,mf_0481,Tax and legal news 26 September 2016,Tax & Accounting,p1_format,E,E,stop,1
2406,mf_0481,Tax and legal news 26 September 2016,Tax & Accounting,p1_format_soft,E,E,stop,1
2407,mf_0481,Tax and legal news 26 September 2016,Tax & Accounting,p2_complexity,E,E,stop,1
2408,mf_0481,Tax and legal news 26 September 2016,Tax & Accounting,p4_role,E,E,stop,1
2409,mf_0481,Tax and legal news 26 September 2016,Tax & Accounting,p5_fewshot,E,E,stop,1
2410,mf_0482,Insights about consumers and artificial intelligence 2018,Industry,p1_format,D,F,stop,0
2411,mf_0482,Insights about consumers and artificial intelligence 2018,Industry,p1_format_soft,D,F,stop,0
2412,mf_0482,Insights about consumers and artificial intelligence 2018,Industry,p2_complexity,D,F,stop,0
2413,mf_0482,Insights about consumers and artificial intelligence 2018,Industry,p4_role,D,F,stop,0
2414,mf_0482,Insights about consumers and artificial intelligence 2018,Industry,p5_fewshot,D,F,stop,0
2415,mf_0483,PwC: Forty percent of Russian companies have no information security strategy,Technology,p1_format,F,F,stop,1
2416,mf_0483,PwC: Forty percent of Russian companies have no information security strategy,Technology,p1_format_soft,F,F,stop,1
2417,mf_0483,PwC: Forty percent of Russian companies have no information security strategy,Technology,p2_complexity,F,F,stop,1
2418,mf_0483,PwC: Forty percent of Russian companies have no information security strategy,Technology,p4_role,F,F,stop,1
2419,mf_0483,PwC: Forty percent of Russian companies have no information security strategy,Technology,p5_fewshot,F,F,stop,1
2420,mf_0484,Telecommunications,Technology,p1_format,F,D,stop,0
2421,mf_0484,Telecommunications,Technology,p1_format_soft,F,D,stop,0
2422,mf_0484,Telecommunications,Technology,p2_complexity,F,D,stop,0
2423,mf_0484,Telecommunications,Technology,p4_role,F,D,stop,0
2424,mf_0484,Telecommunications,Technology,p5_fewshot,F,D,stop,0
2425,mf_0485,10 trends in polish healthcare 2016,Industry,p1_format,D,D,stop,1
2426,mf_0485,10 trends in polish healthcare 2016,Industry,p1_format_soft,D,D,stop,1
2427,mf_0485,10 trends in polish healthcare 2016,Industry,p2_complexity,D,D,stop,1
2428,mf_0485,10 trends in polish healthcare 2016,Industry,p4_role,D,D,stop,1
2429,mf_0485,10 trends in polish healthcare 2016,Industry,p5_fewshot,D,D,stop,1
2430,mf_0486,Emerging Trends in Real Estate® Europe 2017,Industry,p1_format,D,D,stop,1
2431,mf_0486,Emerging Trends in Real Estate® Europe 2017,Industry,p1_format_soft,D,D,stop,1
2432,mf_0486,Emerging Trends in Real Estate® Europe 2017,Industry,p2_complexity,D,D,stop,1
2433,mf_0486,Emerging Trends in Real Estate® Europe 2017,Industry,p4_role,D,D,stop,1
2434,mf_0486,Emerging Trends in Real Estate® Europe 2017,Industry,p5_fewshot,D,D,stop,1
2435,mf_0487,Insurance and legacy solutions,Finance,p1_format,B,B,stop,1
2436,mf_0487,Insurance and legacy solutions,Finance,p1_format_soft,B,B,stop,1
2437,mf_0487,Insurance and legacy solutions,Finance,p2_complexity,B,B,stop,1
2438,mf_0487,Insurance and legacy solutions,Finance,p4_role,B,B,stop,1
2439,mf_0487,Insurance and legacy solutions,Finance,p5_fewshot,B,B,stop,1
2440,mf_0488,Shifting patterns: the future of the logistics industry,Industry,p1_format,D,D,stop,1
2441,mf_0488,Shifting patterns: the future of the logistics industry,Industry,p1_format_soft,D,D,stop,1
2442,mf_0488,Shifting patterns: the future of the logistics industry,Industry,p2_complexity,D,D,stop,1
2443,mf_0488,Shifting patterns: the future of the logistics industry,Industry,p4_role,D,D,stop,1
2444,mf_0488,Shifting patterns: the future of the logistics industry,Industry,p5_fewshot,D,D,stop,1
2445,mf_0489,Hitting the sweet spot: Growth and diversification in Japan: Global Family Business Survey 2016: PwC,Business & Management,p1_format,A,A,stop,1
2446,mf_0489,Hitting the sweet spot: Growth and diversification in Japan: Global Family Business Survey 2016: PwC,Business & Management,p1_format_soft,A,A,stop,1
2447,mf_0489,Hitting the sweet spot: Growth and diversification in Japan: Global Family Business Survey 2016: PwC,Business & Management,p2_complexity,A,A,stop,1
2448,mf_0489,Hitting the sweet spot: Growth and diversification in Japan: Global Family Business Survey 2016: PwC,Business & Management,p4_role,A,A,stop,1
2449,mf_0489,Hitting the sweet spot: Growth and diversification in Japan: Global Family Business Survey 2016: PwC,Business & Management,p5_fewshot,A,A,stop,1
2450,mf_0490,On 30 October 2018 the Constitutional Tribunal will decide if removal of the annual limit of the pension and disability contributions is consistent with the Polish Constitution,Finance,p1_format,B,C,stop,0
2451,mf_0490,On 30 October 2018 the Constitutional Tribunal will decide if removal of the annual limit of the pension and disability contributions is consistent with the Polish Constitution,Finance,p1_format_soft,B,C,stop,0
2452,mf_0490,On 30 October 2018 the Constitutional Tribunal will decide if removal of the annual limit of the pension and disability contributions is consistent with the Polish Constitution,Finance,p2_complexity,B,E,stop,0
2453,mf_0490,On 30 October 2018 the Constitutional Tribunal will decide if removal of the annual limit of the pension and disability contributions is consistent with the Polish Constitution,Finance,p4_role,B,C,stop,0
2454,mf_0490,On 30 October 2018 the Constitutional Tribunal will decide if removal of the annual limit of the pension and disability contributions is consistent with the Polish Constitution,Finance,p5_fewshot,B,B,stop,1
2455,mf_0491,2019 AI Predictions: Six priorities you can’t afford to ignore,Technology,p1_format,F,F,stop,1
2456,mf_0491,2019 AI Predictions: Six priorities you can’t afford to ignore,Technology,p1_format_soft,F,F,stop,1
2457,mf_0491,2019 AI Predictions: Six priorities you can’t afford to ignore,Technology,p2_complexity,F,F,stop,1
2458,mf_0491,2019 AI Predictions: Six priorities you can’t afford to ignore,Technology,p4_role,F,F,stop,1
2459,mf_0491,2019 AI Predictions: Six priorities you can’t afford to ignore,Technology,p5_fewshot,F,F,stop,1
2460,mf_0492,Annual report 2016: My PwC transcript,Tax & Accounting,p1_format,E,E,stop,1
2461,mf_0492,Annual report 2016: My PwC transcript,Tax & Accounting,p1_format_soft,E,E,stop,1
2462,mf_0492,Annual report 2016: My PwC transcript,Tax & Accounting,p2_complexity,E,E,stop,1
2463,mf_0492,Annual report 2016: My PwC transcript,Tax & Accounting,p4_role,E,E,stop,1
2464,mf_0492,Annual report 2016: My PwC transcript,Tax & Accounting,p5_fewshot,E,B,stop,0
2465,mf_0493,Employment Law Bulletin March 2020,Business & Management,p1_format,A,C,stop,0
2466,mf_0493,Employment Law Bulletin March 2020,Business & Management,p1_format_soft,A,C,stop,0
2467,mf_0493,Employment Law Bulletin March 2020,Business & Management,p2_complexity,A,C,stop,0
2468,mf_0493,Employment Law Bulletin March 2020,Business & Management,p4_role,A,C,stop,0
2469,mf_0493,Employment Law Bulletin March 2020,Business & Management,p5_fewshot,A,C,stop,0
2470,mf_0494,FinTech,Finance,p1_format,B,F,stop,0
2471,mf_0494,FinTech,Finance,p1_format_soft,B,F,stop,0
2472,mf_0494,FinTech,Finance,p2_complexity,B,F,stop,0
2473,mf_0494,FinTech,Finance,p4_role,B,F,stop,0
2474,mf_0494,FinTech,Finance,p5_fewshot,B,F,stop,0
2475,mf_0495,The digital healthcare leap,Industry,p1_format,D,F,stop,0
2476,mf_0495,The digital healthcare leap,Industry,p1_format_soft,D,F,stop,0
2477,mf_0495,The digital healthcare leap,Industry,p2_complexity,D,F,stop,0
2478,mf_0495,The digital healthcare leap,Industry,p4_role,D,F,stop,0
2479,mf_0495,The digital healthcare leap,Industry,p5_fewshot,D,F,stop,0
2480,mf_0496,Assessing the global transport infrastructure market: Outlook to 2025,Industry,p1_format,D,D,stop,1
2481,mf_0496,Assessing the global transport infrastructure market: Outlook to 2025,Industry,p1_format_soft,D,D,stop,1
2482,mf_0496,Assessing the global transport infrastructure market: Outlook to 2025,Industry,p2_complexity,D,D,stop,1
2483,mf_0496,Assessing the global transport infrastructure market: Outlook to 2025,Industry,p4_role,D,D,stop,1
2484,mf_0496,Assessing the global transport infrastructure market: Outlook to 2025,Industry,p5_fewshot,D,D,stop,1
2485,mf_0497,Actuarial services,Finance,p1_format,B,B,stop,1
2486,mf_0497,Actuarial services,Finance,p1_format_soft,B,B,stop,1
2487,mf_0497,Actuarial services,Finance,p2_complexity,B,B,stop,1
2488,mf_0497,Actuarial services,Finance,p4_role,B,B,stop,1
2489,mf_0497,Actuarial services,Finance,p5_fewshot,B,B,stop,1
2490,mf_0498,Customer experience and payment behaviours in the PSD2 context,Finance,p1_format,B,B,stop,1
2491,mf_0498,Customer experience and payment behaviours in the PSD2 context,Finance,p1_format_soft,B,B,stop,1
2492,mf_0498,Customer experience and payment behaviours in the PSD2 context,Finance,p2_complexity,B,B,stop,1
2493,mf_0498,Customer experience and payment behaviours in the PSD2 context,Finance,p4_role,B,B,stop,1
2494,mf_0498,Customer experience and payment behaviours in the PSD2 context,Finance,p5_fewshot,B,B,stop,1
2495,mf_0499,Corporate Responsibility,Business & Management,p1_format,A,A,stop,1
2496,mf_0499,Corporate Responsibility,Business & Management,p1_format_soft,A,A,stop,1
2497,mf_0499,Corporate Responsibility,Business & Management,p2_complexity,A,A,stop,1
2498,mf_0499,Corporate Responsibility,Business & Management,p4_role,A,A,stop,1
2499,mf_0499,Corporate Responsibility,Business & Management,p5_fewshot,A,A,stop,1
2500,mf_0500,2015 CEO Success study,Business & Management,p1_format,A,A,stop,1
2501,mf_0500,2015 CEO Success study,Business & Management,p1_format_soft,A,A,stop,1
2502,mf_0500,2015 CEO Success study,Business & Management,p2_complexity,A,A,stop,1
2503,mf_0500,2015 CEO Success study,Business & Management,p4_role,A,A,stop,1
2504,mf_0500,2015 CEO Success study,Business & Management,p5_fewshot,A,A,stop,1
2505,mf_0501,Strategy & Operations,Business & Management,p1_format,A,A,stop,1
2506,mf_0501,Strategy & Operations,Business & Management,p1_format_soft,A,A,stop,1
2507,mf_0501,Strategy & Operations,Business & Management,p2_complexity,A,A,stop,1
2508,mf_0501,Strategy & Operations,Business & Management,p4_role,A,A,stop,1
2509,mf_0501,Strategy & Operations,Business & Management,p5_fewshot,A,A,stop,1
2510,mf_0502,Transfer pricing in an exceptional circumstances,Tax & Accounting,p1_format,E,E,stop,1
2511,mf_0502,Transfer pricing in an exceptional circumstances,Tax & Accounting,p1_format_soft,E,E,stop,1
2512,mf_0502,Transfer pricing in an exceptional circumstances,Tax & Accounting,p2_complexity,E,E,stop,1
2513,mf_0502,Transfer pricing in an exceptional circumstances,Tax & Accounting,p4_role,E,E,stop,1
2514,mf_0502,Transfer pricing in an exceptional circumstances,Tax & Accounting,p5_fewshot,E,E,stop,1
2515,mf_0503,Risk Assurance: Solutions for today's complex business landscape,Tax & Accounting,p1_format,E,B,stop,0
2516,mf_0503,Risk Assurance: Solutions for today's complex business landscape,Tax & Accounting,p1_format_soft,E,A,stop,0
2517,mf_0503,Risk Assurance: Solutions for today's complex business landscape,Tax & Accounting,p2_complexity,E,B,stop,0
2518,mf_0503,Risk Assurance: Solutions for today's complex business landscape,Tax & Accounting,p4_role,E,B,stop,0
2519,mf_0503,Risk Assurance: Solutions for today's complex business landscape,Tax & Accounting,p5_fewshot,E,B,stop,0
2520,mf_0504,Personal Data Protection Bulletin June 2019,Government & Controls,p1_format,C,C,stop,1
2521,mf_0504,Personal Data Protection Bulletin June 2019,Government & Controls,p1_format_soft,C,C,stop,1
2522,mf_0504,Personal Data Protection Bulletin June 2019,Government & Controls,p2_complexity,C,C,stop,1
2523,mf_0504,Personal Data Protection Bulletin June 2019,Government & Controls,p4_role,C,C,stop,1
2524,mf_0504,Personal Data Protection Bulletin June 2019,Government & Controls,p5_fewshot,C,C,stop,1
2525,mf_0505,‘Failing your way to success’: Longevity and entrepreneurship in the US: Global Family Business Survey 2016: PwC,Business & Management,p1_format,A,A,stop,1
2526,mf_0505,‘Failing your way to success’: Longevity and entrepreneurship in the US: Global Family Business Survey 2016: PwC,Business & Management,p1_format_soft,A,A,stop,1
2527,mf_0505,‘Failing your way to success’: Longevity and entrepreneurship in the US: Global Family Business Survey 2016: PwC,Business & Management,p2_complexity,A,A,stop,1
2528,mf_0505,‘Failing your way to success’: Longevity and entrepreneurship in the US: Global Family Business Survey 2016: PwC,Business & Management,p4_role,A,A,stop,1
2529,mf_0505,‘Failing your way to success’: Longevity and entrepreneurship in the US: Global Family Business Survey 2016: PwC,Business & Management,p5_fewshot,A,A,stop,1
2530,mf_0506,Transfer Pricing,Tax & Accounting,p1_format,E,E,stop,1
2531,mf_0506,Transfer Pricing,Tax & Accounting,p1_format_soft,E,E,stop,1
2532,mf_0506,Transfer Pricing,Tax & Accounting,p2_complexity,E,E,stop,1
2533,mf_0506,Transfer Pricing,Tax & Accounting,p4_role,E,E,stop,1
2534,mf_0506,Transfer Pricing,Tax & Accounting,p5_fewshot,E,E,stop,1
2535,mf_0507,About Business Advisory Services,Business & Management,p1_format,A,A,stop,1
2536,mf_0507,About Business Advisory Services,Business & Management,p1_format_soft,A,A,stop,1
2537,mf_0507,About Business Advisory Services,Business & Management,p2_complexity,A,A,stop,1
2538,mf_0507,About Business Advisory Services,Business & Management,p4_role,A,A,stop,1
2539,mf_0507,About Business Advisory Services,Business & Management,p5_fewshot,A,A,stop,1
2540,mf_0508,People & Change,Business & Management,p1_format,A,A,stop,1
2541,mf_0508,People & Change,Business & Management,p1_format_soft,A,A,stop,1
2542,mf_0508,People & Change,Business & Management,p2_complexity,A,A,stop,1
2543,mf_0508,People & Change,Business & Management,p4_role,A,A,stop,1
2544,mf_0508,People & Change,Business & Management,p5_fewshot,A,A,stop,1
2545,mf_0509,Global Digital Operations Survey 2018,Technology,p1_format,F,F,stop,1
2546,mf_0509,Global Digital Operations Survey 2018,Technology,p1_format_soft,F,F,stop,1
2547,mf_0509,Global Digital Operations Survey 2018,Technology,p2_complexity,F,F,stop,1
2548,mf_0509,Global Digital Operations Survey 2018,Technology,p4_role,F,F,stop,1
2549,mf_0509,Global Digital Operations Survey 2018,Technology,p5_fewshot,F,F,stop,1
2550,mf_0510,Pharma,Industry,p1_format,D,D,stop,1
2551,mf_0510,Pharma,Industry,p1_format_soft,D,D,stop,1
2552,mf_0510,Pharma,Industry,p2_complexity,D,D,stop,1
2553,mf_0510,Pharma,Industry,p4_role,D,D,stop,1
2554,mf_0510,Pharma,Industry,p5_fewshot,D,D,stop,1
2555,mf_0511,SOX and internal control,Government & Controls,p1_format,C,C,stop,1
2556,mf_0511,SOX and internal control,Government & Controls,p1_format_soft,C,C,stop,1
2557,mf_0511,SOX and internal control,Government & Controls,p2_complexity,C,C,stop,1
2558,mf_0511,SOX and internal control,Government & Controls,p4_role,C,C,stop,1
2559,mf_0511,SOX and internal control,Government & Controls,p5_fewshot,C,C,stop,1
2560,mf_0512,Tax and legal news 10 March 2017,Tax & Accounting,p1_format,E,E,stop,1
2561,mf_0512,Tax and legal news 10 March 2017,Tax & Accounting,p1_format_soft,E,E,stop,1
2562,mf_0512,Tax and legal news 10 March 2017,Tax & Accounting,p2_complexity,E,E,stop,1
2563,mf_0512,Tax and legal news 10 March 2017,Tax & Accounting,p4_role,E,E,stop,1
2564,mf_0512,Tax and legal news 10 March 2017,Tax & Accounting,p5_fewshot,E,E,stop,1
2565,mf_0513,Thinking Ahead |How to relaunch passenger mobility after COVID-19 emergency,Industry,p1_format,D,D,stop,1
2566,mf_0513,Thinking Ahead |How to relaunch passenger mobility after COVID-19 emergency,Industry,p1_format_soft,D,D,stop,1
2567,mf_0513,Thinking Ahead |How to relaunch passenger mobility after COVID-19 emergency,Industry,p2_complexity,D,D,stop,1
2568,mf_0513,Thinking Ahead |How to relaunch passenger mobility after COVID-19 emergency,Industry,p4_role,D,D,stop,1
2569,mf_0513,Thinking Ahead |How to relaunch passenger mobility after COVID-19 emergency,Industry,p5_fewshot,D,D,stop,1
2570,mf_0514,Global Airlines & Airports statement of capabilities – Rising to your challenges,Industry,p1_format,D,D,stop,1
2571,mf_0514,Global Airlines & Airports statement of capabilities – Rising to your challenges,Industry,p1_format_soft,D,D,stop,1
2572,mf_0514,Global Airlines & Airports statement of capabilities – Rising to your challenges,Industry,p2_complexity,D,D,stop,1
2573,mf_0514,Global Airlines & Airports statement of capabilities – Rising to your challenges,Industry,p4_role,D,D,stop,1
2574,mf_0514,Global Airlines & Airports statement of capabilities – Rising to your challenges,Industry,p5_fewshot,D,D,stop,1
2575,mf_0515,Leadership in times of a crisis - Cassandra Michie,Business & Management,p1_format,A,A,stop,1
2576,mf_0515,Leadership in times of a crisis - Cassandra Michie,Business & Management,p1_format_soft,A,A,stop,1
2577,mf_0515,Leadership in times of a crisis - Cassandra Michie,Business & Management,p2_complexity,A,A,stop,1
2578,mf_0515,Leadership in times of a crisis - Cassandra Michie,Business & Management,p4_role,A,A,stop,1
2579,mf_0515,Leadership in times of a crisis - Cassandra Michie,Business & Management,p5_fewshot,A,A,stop,1
2580,mf_0516,22nd CEO Survey: Healthcare and pharmaceutical trends 2019,Industry,p1_format,D,D,stop,1
2581,mf_0516,22nd CEO Survey: Healthcare and pharmaceutical trends 2019,Industry,p1_format_soft,D,D,stop,1
2582,mf_0516,22nd CEO Survey: Healthcare and pharmaceutical trends 2019,Industry,p2_complexity,D,D,stop,1
2583,mf_0516,22nd CEO Survey: Healthcare and pharmaceutical trends 2019,Industry,p4_role,D,D,stop,1
2584,mf_0516,22nd CEO Survey: Healthcare and pharmaceutical trends 2019,Industry,p5_fewshot,D,D,stop,1
2585,mf_0517,Family Business Survey 2012 Italy,Business & Management,p1_format,A,A,stop,1
2586,mf_0517,Family Business Survey 2012 Italy,Business & Management,p1_format_soft,A,A,stop,1
2587,mf_0517,Family Business Survey 2012 Italy,Business & Management,p2_complexity,A,A,stop,1
2588,mf_0517,Family Business Survey 2012 Italy,Business & Management,p4_role,A,A,stop,1
2589,mf_0517,Family Business Survey 2012 Italy,Business & Management,p5_fewshot,A,A,stop,1
2590,mf_0518,Deals strategy and operations,Finance,p1_format,B,B,stop,1
2591,mf_0518,Deals strategy and operations,Finance,p1_format_soft,B,B,stop,1
2592,mf_0518,Deals strategy and operations,Finance,p2_complexity,B,B,stop,1
2593,mf_0518,Deals strategy and operations,Finance,p4_role,B,A,stop,0
2594,mf_0518,Deals strategy and operations,Finance,p5_fewshot,B,B,stop,1
2595,mf_0519,Paying Taxes 2017 - Tax Policy and Administration ,Tax & Accounting,p1_format,E,E,stop,1
2596,mf_0519,Paying Taxes 2017 - Tax Policy and Administration ,Tax & Accounting,p1_format_soft,E,E,stop,1
2597,mf_0519,Paying Taxes 2017 - Tax Policy and Administration ,Tax & Accounting,p2_complexity,E,E,stop,1
2598,mf_0519,Paying Taxes 2017 - Tax Policy and Administration ,Tax & Accounting,p4_role,E,E,stop,1
2599,mf_0519,Paying Taxes 2017 - Tax Policy and Administration ,Tax & Accounting,p5_fewshot,E,E,stop,1
2600,mf_0520,"Technology has reduced the tax compliance burden on business, but where will the demands for increased data lead?",Technology,p1_format,F,E,stop,0
2601,mf_0520,"Technology has reduced the tax compliance burden on business, but where will the demands for increased data lead?",Technology,p1_format_soft,F,E,stop,0
2602,mf_0520,"Technology has reduced the tax compliance burden on business, but where will the demands for increased data lead?",Technology,p2_complexity,F,E,stop,0
2603,mf_0520,"Technology has reduced the tax compliance burden on business, but where will the demands for increased data lead?",Technology,p4_role,F,E,stop,0
2604,mf_0520,"Technology has reduced the tax compliance burden on business, but where will the demands for increased data lead?",Technology,p5_fewshot,F,E,stop,0
2605,mf_0521,M&A advisory,Finance,p1_format,B,B,stop,1
2606,mf_0521,M&A advisory,Finance,p1_format_soft,B,B,stop,1
2607,mf_0521,M&A advisory,Finance,p2_complexity,B,B,stop,1
2608,mf_0521,M&A advisory,Finance,p4_role,B,B,stop,1
2609,mf_0521,M&A advisory,Finance,p5_fewshot,B,B,stop,1
2610,mf_0522,PwC Spain - Assurance Advisory Tax and Legal services ,Tax & Accounting,p1_format,E,E,stop,1
2611,mf_0522,PwC Spain - Assurance Advisory Tax and Legal services ,Tax & Accounting,p1_format_soft,E,E,stop,1
2612,mf_0522,PwC Spain - Assurance Advisory Tax and Legal services ,Tax & Accounting,p2_complexity,E,E,stop,1
2613,mf_0522,PwC Spain - Assurance Advisory Tax and Legal services ,Tax & Accounting,p4_role,E,E,stop,1
2614,mf_0522,PwC Spain - Assurance Advisory Tax and Legal services ,Tax & Accounting,p5_fewshot,E,E,stop,1
2615,mf_0523,Healthcare & pharmaceutical trends 2019,Industry,p1_format,D,D,stop,1
2616,mf_0523,Healthcare & pharmaceutical trends 2019,Industry,p1_format_soft,D,D,stop,1
2617,mf_0523,Healthcare & pharmaceutical trends 2019,Industry,p2_complexity,D,D,stop,1
2618,mf_0523,Healthcare & pharmaceutical trends 2019,Industry,p4_role,D,D,stop,1
2619,mf_0523,Healthcare & pharmaceutical trends 2019,Industry,p5_fewshot,D,D,stop,1
2620,mf_0524,Deals,Finance,p1_format,B,B,stop,1
2621,mf_0524,Deals,Finance,p1_format_soft,B,B,stop,1
2622,mf_0524,Deals,Finance,p2_complexity,B,B,stop,1
2623,mf_0524,Deals,Finance,p4_role,B,B,stop,1
2624,mf_0524,Deals,Finance,p5_fewshot,B,B,stop,1
2625,mf_0525,Through Digital Upskilling FS Firms are Working to Move their Workforce from Analogue to Digital,Business & Management,p1_format,A,F,stop,0
2626,mf_0525,Through Digital Upskilling FS Firms are Working to Move their Workforce from Analogue to Digital,Business & Management,p1_format_soft,A,F,stop,0
2627,mf_0525,Through Digital Upskilling FS Firms are Working to Move their Workforce from Analogue to Digital,Business & Management,p2_complexity,A,F,stop,0
2628,mf_0525,Through Digital Upskilling FS Firms are Working to Move their Workforce from Analogue to Digital,Business & Management,p4_role,A,F,stop,0
2629,mf_0525,Through Digital Upskilling FS Firms are Working to Move their Workforce from Analogue to Digital,Business & Management,p5_fewshot,A,F,stop,0
2630,mf_0526,Turkey introduces a brand new digital services tax,Tax & Accounting,p1_format,E,E,stop,1
2631,mf_0526,Turkey introduces a brand new digital services tax,Tax & Accounting,p1_format_soft,E,E,stop,1
2632,mf_0526,Turkey introduces a brand new digital services tax,Tax & Accounting,p2_complexity,E,E,stop,1
2633,mf_0526,Turkey introduces a brand new digital services tax,Tax & Accounting,p4_role,E,E,stop,1
2634,mf_0526,Turkey introduces a brand new digital services tax,Tax & Accounting,p5_fewshot,E,E,stop,1
2635,mf_0527,Shifting patterns: the future of the logistics industry,Industry,p1_format,D,D,stop,1
2636,mf_0527,Shifting patterns: the future of the logistics industry,Industry,p1_format_soft,D,D,stop,1
2637,mf_0527,Shifting patterns: the future of the logistics industry,Industry,p2_complexity,D,D,stop,1
2638,mf_0527,Shifting patterns: the future of the logistics industry,Industry,p4_role,D,D,stop,1
2639,mf_0527,Shifting patterns: the future of the logistics industry,Industry,p5_fewshot,D,D,stop,1
2640,mf_0528,Global Entertainment and Media Outlook 2017 - 2021,Industry,p1_format,D,D,stop,1
2641,mf_0528,Global Entertainment and Media Outlook 2017 - 2021,Industry,p1_format_soft,D,D,stop,1
2642,mf_0528,Global Entertainment and Media Outlook 2017 - 2021,Industry,p2_complexity,D,D,stop,1
2643,mf_0528,Global Entertainment and Media Outlook 2017 - 2021,Industry,p4_role,D,D,stop,1
2644,mf_0528,Global Entertainment and Media Outlook 2017 - 2021,Industry,p5_fewshot,D,D,stop,1
2645,mf_0529,Supply chain and procurement,Industry,p1_format,D,A,stop,0
2646,mf_0529,Supply chain and procurement,Industry,p1_format_soft,D,A,stop,0
2647,mf_0529,Supply chain and procurement,Industry,p2_complexity,D,A,stop,0
2648,mf_0529,Supply chain and procurement,Industry,p4_role,D,A,stop,0
2649,mf_0529,Supply chain and procurement,Industry,p5_fewshot,D,A,stop,0
2650,mf_0530,"Tax and legal news, March 2020",Tax & Accounting,p1_format,E,E,stop,1
2651,mf_0530,"Tax and legal news, March 2020",Tax & Accounting,p1_format_soft,E,E,stop,1
2652,mf_0530,"Tax and legal news, March 2020",Tax & Accounting,p2_complexity,E,E,stop,1
2653,mf_0530,"Tax and legal news, March 2020",Tax & Accounting,p4_role,E,E,stop,1
2654,mf_0530,"Tax and legal news, March 2020",Tax & Accounting,p5_fewshot,E,E,stop,1
2655,mf_0531,IAS 19 Actuarial Studies,Finance,p1_format,B,E,stop,0
2656,mf_0531,IAS 19 Actuarial Studies,Finance,p1_format_soft,B,E,stop,0
2657,mf_0531,IAS 19 Actuarial Studies,Finance,p2_complexity,B,E,stop,0
2658,mf_0531,IAS 19 Actuarial Studies,Finance,p4_role,B,E,stop,0
2659,mf_0531,IAS 19 Actuarial Studies,Finance,p5_fewshot,B,E,stop,0
2660,mf_0532,"Deal summary Kymppivoima Oy, EPV Energia Oy and Helen Oy / Dong Energy",Finance,p1_format,B,A,stop,0
2661,mf_0532,"Deal summary Kymppivoima Oy, EPV Energia Oy and Helen Oy / Dong Energy",Finance,p1_format_soft,B,A,stop,0
2662,mf_0532,"Deal summary Kymppivoima Oy, EPV Energia Oy and Helen Oy / Dong Energy",Finance,p2_complexity,B,B,stop,1
2663,mf_0532,"Deal summary Kymppivoima Oy, EPV Energia Oy and Helen Oy / Dong Energy",Finance,p4_role,B,A,stop,0
2664,mf_0532,"Deal summary Kymppivoima Oy, EPV Energia Oy and Helen Oy / Dong Energy",Finance,p5_fewshot,B,A,stop,0
2665,mf_0533,Government and Public Sector,Government & Controls,p1_format,C,C,stop,1
2666,mf_0533,Government and Public Sector,Government & Controls,p1_format_soft,C,C,stop,1
2667,mf_0533,Government and Public Sector,Government & Controls,p2_complexity,C,C,stop,1
2668,mf_0533,Government and Public Sector,Government & Controls,p4_role,C,C,stop,1
2669,mf_0533,Government and Public Sector,Government & Controls,p5_fewshot,C,C,stop,1
2670,mf_0534,Start of people’s voting for the Healthy Sense Award,Industry,p1_format,D,D,stop,1
2671,mf_0534,Start of people’s voting for the Healthy Sense Award,Industry,p1_format_soft,D,D,stop,1
2672,mf_0534,Start of people’s voting for the Healthy Sense Award,Industry,p2_complexity,D,D,stop,1
2673,mf_0534,Start of people’s voting for the Healthy Sense Award,Industry,p4_role,D,D,stop,1
2674,mf_0534,Start of people’s voting for the Healthy Sense Award,Industry,p5_fewshot,D,D,stop,1
2675,mf_0535,Deals,Finance,p1_format,B,B,stop,1
2676,mf_0535,Deals,Finance,p1_format_soft,B,B,stop,1
2677,mf_0535,Deals,Finance,p2_complexity,B,B,stop,1
2678,mf_0535,Deals,Finance,p4_role,B,B,stop,1
2679,mf_0535,Deals,Finance,p5_fewshot,B,B,stop,1
2680,mf_0536,The evolving nature of the green agenda,Business & Management,p1_format,A,C,stop,0
2681,mf_0536,The evolving nature of the green agenda,Business & Management,p1_format_soft,A,A,stop,1
2682,mf_0536,The evolving nature of the green agenda,Business & Management,p2_complexity,A,B,stop,0
2683,mf_0536,The evolving nature of the green agenda,Business & Management,p4_role,A,C,stop,0
2684,mf_0536,The evolving nature of the green agenda,Business & Management,p5_fewshot,A,A,stop,1
2685,mf_0537,Paying Taxes 2017 - Comparative Modeller,Tax & Accounting,p1_format,E,E,stop,1
2686,mf_0537,Paying Taxes 2017 - Comparative Modeller,Tax & Accounting,p1_format_soft,E,E,stop,1
2687,mf_0537,Paying Taxes 2017 - Comparative Modeller,Tax & Accounting,p2_complexity,E,E,stop,1
2688,mf_0537,Paying Taxes 2017 - Comparative Modeller,Tax & Accounting,p4_role,E,E,stop,1
2689,mf_0537,Paying Taxes 2017 - Comparative Modeller,Tax & Accounting,p5_fewshot,E,E,stop,1
2690,mf_0538,PwC announces the short list of nominees for the Healthy Sense Book Award,Industry,p1_format,D,A,stop,0
2691,mf_0538,PwC announces the short list of nominees for the Healthy Sense Book Award,Industry,p1_format_soft,D,E,stop,0
2692,mf_0538,PwC announces the short list of nominees for the Healthy Sense Book Award,Industry,p2_complexity,D,A,stop,0
2693,mf_0538,PwC announces the short list of nominees for the Healthy Sense Book Award,Industry,p4_role,D,A,stop,0
2694,mf_0538,PwC announces the short list of nominees for the Healthy Sense Book Award,Industry,p5_fewshot,D,A,stop,0
2695,mf_0539,PwC participated in the opening of the market for trading at the London Stock Exchange,Finance,p1_format,B,B,stop,1
2696,mf_0539,PwC participated in the opening of the market for trading at the London Stock Exchange,Finance,p1_format_soft,B,B,stop,1
2697,mf_0539,PwC participated in the opening of the market for trading at the London Stock Exchange,Finance,p2_complexity,B,B,stop,1
2698,mf_0539,PwC participated in the opening of the market for trading at the London Stock Exchange,Finance,p4_role,B,B,stop,1
2699,mf_0539,PwC participated in the opening of the market for trading at the London Stock Exchange,Finance,p5_fewshot,B,B,stop,1
2700,mf_0540,Direct to Consumer,Industry,p1_format,D,A,stop,0
2701,mf_0540,Direct to Consumer,Industry,p1_format_soft,D,A,stop,0
2702,mf_0540,Direct to Consumer,Industry,p2_complexity,D,A,stop,0
2703,mf_0540,Direct to Consumer,Industry,p4_role,D,A,stop,0
2704,mf_0540,Direct to Consumer,Industry,p5_fewshot,D,A,stop,0
2705,mf_0541,Generational transfer,Business & Management,p1_format,A,B,stop,0
2706,mf_0541,Generational transfer,Business & Management,p1_format_soft,A,B,stop,0
2707,mf_0541,Generational transfer,Business & Management,p2_complexity,A,B,stop,0
2708,mf_0541,Generational transfer,Business & Management,p4_role,A,E,stop,0
2709,mf_0541,Generational transfer,Business & Management,p5_fewshot,A,E,stop,0
2710,mf_0542,Tax reporting & strategy,Tax & Accounting,p1_format,E,E,stop,1
2711,mf_0542,Tax reporting & strategy,Tax & Accounting,p1_format_soft,E,E,stop,1
2712,mf_0542,Tax reporting & strategy,Tax & Accounting,p2_complexity,E,E,stop,1
2713,mf_0542,Tax reporting & strategy,Tax & Accounting,p4_role,E,E,stop,1
2714,mf_0542,Tax reporting & strategy,Tax & Accounting,p5_fewshot,E,E,stop,1
2715,mf_0543,Taxes in Iceland,Tax & Accounting,p1_format,E,E,stop,1
2716,mf_0543,Taxes in Iceland,Tax & Accounting,p1_format_soft,E,E,stop,1
2717,mf_0543,Taxes in Iceland,Tax & Accounting,p2_complexity,E,E,stop,1
2718,mf_0543,Taxes in Iceland,Tax & Accounting,p4_role,E,E,stop,1
2719,mf_0543,Taxes in Iceland,Tax & Accounting,p5_fewshot,E,E,stop,1
2720,mf_0544,Information Security Strategy,Technology,p1_format,F,F,stop,1
2721,mf_0544,Information Security Strategy,Technology,p1_format_soft,F,F,stop,1
2722,mf_0544,Information Security Strategy,Technology,p2_complexity,F,F,stop,1
2723,mf_0544,Information Security Strategy,Technology,p4_role,F,F,stop,1
2724,mf_0544,Information Security Strategy,Technology,p5_fewshot,F,F,stop,1
2725,mf_0545,Removal of the annual limit of the pension and disability contributions – employment costs are to increase,Finance,p1_format,B,C,stop,0
2726,mf_0545,Removal of the annual limit of the pension and disability contributions – employment costs are to increase,Finance,p1_format_soft,B,E,stop,0
2727,mf_0545,Removal of the annual limit of the pension and disability contributions – employment costs are to increase,Finance,p2_complexity,B,E,stop,0
2728,mf_0545,Removal of the annual limit of the pension and disability contributions – employment costs are to increase,Finance,p4_role,B,C,stop,0
2729,mf_0545,Removal of the annual limit of the pension and disability contributions – employment costs are to increase,Finance,p5_fewshot,B,B,stop,1
